ISO-10303-21;
HEADER;
FILE_DESCRIPTION (( 'STEP AP214' ),
    '1' );
FILE_NAME ('RXEF050S.STEP',
    '2024-07-08T05:31:27',
    ( '' ),
    ( '' ),
    'SwSTEP 2.0',
    'SolidWorks 2023',
    '' );
FILE_SCHEMA (( 'AUTOMOTIVE_DESIGN' ));
ENDSEC;

DATA;
#1 = FILL_AREA_STYLE_COLOUR ( '', #3112 ) ;
#2 = AXIS2_PLACEMENT_3D ( 'NONE', #1054, #2007, #1167 ) ;
#3 = VERTEX_POINT ( 'NONE', #525 ) ;
#4 = CARTESIAN_POINT ( 'NONE',  ( -1.562729105542353336, -3.389732258131700426, -0.4575301542253246700 ) ) ;
#5 = CARTESIAN_POINT ( 'NONE',  ( 2.141249202371529492, -2.595819110288897669, 0.5850000000001405187 ) ) ;
#6 = CARTESIAN_POINT ( 'NONE',  ( 0.08345734995842682413, -0.08738101868065152600, -0.7714120866431442014 ) ) ;
#7 = CARTESIAN_POINT ( 'NONE',  ( 2.687869700365565606, -4.591558871647782425, 0.4375899505508102916 ) ) ;
#8 = CARTESIAN_POINT ( 'NONE',  ( -3.008376075749684908, -1.769230992367754940, -0.7645434351170835585 ) ) ;
#9 = AXIS2_PLACEMENT_3D ( 'NONE', #3048, #100, #1437 ) ;
#10 = CARTESIAN_POINT ( 'NONE',  ( -2.300521777342310337, -9.624703500484500296, -0.5849999999999999645 ) ) ;
#11 = FACE_OUTER_BOUND ( 'NONE', #49, .T. ) ;
#12 =( LENGTH_UNIT ( ) NAMED_UNIT ( * ) SI_UNIT ( .MILLI., .METRE. ) );
#13 = ADVANCED_FACE ( 'NONE', ( #2649 ), #278, .T. ) ;
#14 = FILL_AREA_STYLE ('',( #998 ) ) ;
#15 = DIRECTION ( 'NONE',  ( 0.000000000000000000, -0.000000000000000000, 1.000000000000000000 ) ) ;
#16 = CARTESIAN_POINT ( 'NONE',  ( 2.544154380696627360, -3.284560713548324351, 0.3103387076834580593 ) ) ;
#17 = AXIS2_PLACEMENT_3D ( 'NONE', #218, #1281, #2943 ) ;
#18 = ORIENTED_EDGE ( 'NONE', *, *, #3422, .F. ) ;
#19 = SURFACE_STYLE_USAGE ( .BOTH. , #2691 ) ;
#20 = CARTESIAN_POINT ( 'NONE',  ( -2.643704666218158472, -4.554164218634942252, -0.5866231631725373763 ) ) ;
#21 = PRESENTATION_STYLE_ASSIGNMENT (( #2456 ) ) ;
#22 = UNCERTAINTY_MEASURE_WITH_UNIT (LENGTH_MEASURE( 1.000000000000000082E-05 ), #92, 'distance_accuracy_value', 'NONE');
#23 = CARTESIAN_POINT ( 'NONE',  ( 2.691727558751642491, -3.822518719463597225, 0.7345631701985713136 ) ) ;
#24 = PRODUCT ( 'RXEF050S', 'RXEF050S', '', ( #87 ) ) ;
#25 = B_SPLINE_CURVE_WITH_KNOTS ( 'NONE', 3,
 ( #323, #592, #843, #85, #900, #2457, #860, #3104 ),
 .UNSPECIFIED., .F., .F.,
 ( 4, 2, 2, 4 ),
 ( 4.204692026340003716E-18, 0.0002235103426963524489, 0.0004470206853927001273, 0.0008940413707853960262 ),
 .UNSPECIFIED. ) ;
#26 = DIRECTION ( 'NONE',  ( 1.000000000000000000, 0.000000000000000000, 0.000000000000000000 ) ) ;
#27 = DIRECTION ( 'NONE',  ( 0.09042776401518484719, 0.9959030171132198239, -0.000000000000000000 ) ) ;
#28 = CARTESIAN_POINT ( 'NONE',  ( -0.1524533529761565309, 0.3184923786381867461, -0.6441660616916227156 ) ) ;
#29 = CARTESIAN_POINT ( 'NONE',  ( -3.209222125041140572, -1.011987328056253244, -0.5849999999999999645 ) ) ;
#30 = ORIENTED_EDGE ( 'NONE', *, *, #180, .F. ) ;
#31 = ADVANCED_FACE ( 'NONE', ( #2426 ), #918, .T. ) ;
#32 = FILL_AREA_STYLE ('',( #3266 ) ) ;
#33 = AXIS2_PLACEMENT_3D ( 'NONE', #1817, #1800, #3438 ) ;
#34 = CARTESIAN_POINT ( 'NONE',  ( 3.070552377542522304, -1.899601754959855171, 0.7404838748225821554 ) ) ;
#35 = FACE_OUTER_BOUND ( 'NONE', #452, .T. ) ;
#36 =( LENGTH_UNIT ( ) NAMED_UNIT ( * ) SI_UNIT ( .MILLI., .METRE. ) );
#37 = EDGE_LOOP ( 'NONE', ( #567, #803, #2870, #3387 ) ) ;
#38 = CARTESIAN_POINT ( 'NONE',  ( 0.08345734996060631683, -0.08738101867892375529, -0.7714120866427144341 ) ) ;
#39 = LINE ( 'NONE', #760, #1679 ) ;
#40 = CARTESIAN_POINT ( 'NONE',  ( 3.084370813012587753, -3.126175786336470974, 0.4073732861518223891 ) ) ;
#41 = ORIENTED_EDGE ( 'NONE', *, *, #1681, .T. ) ;
#42 = DIRECTION ( 'NONE',  ( 2.295113564421621368E-16, -1.000000000000000000, 0.000000000000000000 ) ) ;
#43 = CARTESIAN_POINT ( 'NONE',  ( -1.328827653652153051, -3.699516995299458433, -0.1501226651912596910 ) ) ;
#44 = CARTESIAN_POINT ( 'NONE',  ( 1.899999999999999911, -2.186356007584650207, 0.5849999999999999645 ) ) ;
#45 = CARTESIAN_POINT ( 'NONE',  ( -0.3656744043418210799, -0.6648195265703737977, 0.5849999999999999645 ) ) ;
#46 = CARTESIAN_POINT ( 'NONE',  ( 0.03631611059864888608, -0.1561239654773753371, -0.7883586399738703454 ) ) ;
#47 = SURFACE_STYLE_USAGE ( .BOTH. , #266 ) ;
#48 = CARTESIAN_POINT ( 'NONE',  ( -0.2213156226564942375, 0.4204915904476021482, 0.5849999999999999645 ) ) ;
#49 = EDGE_LOOP ( 'NONE', ( #560, #1480, #371, #231, #245, #3539, #1525, #2758 ) ) ;
#50 = UNCERTAINTY_MEASURE_WITH_UNIT (LENGTH_MEASURE( 1.000000000000000082E-05 ), #1870, 'distance_accuracy_value', 'NONE');
#51 = CARTESIAN_POINT ( 'NONE',  ( -2.766712579027903907, -4.326783274225604714, -0.3662690055561671487 ) ) ;
#52 = ADVANCED_FACE ( 'NONE', ( #3221 ), #1529, .F. ) ;
#53 = CARTESIAN_POINT ( 'NONE',  ( 2.759265097016502466, -1.415597556404031065, 0.7883586399738777839 ) ) ;
#54 = PRESENTATION_LAYER_ASSIGNMENT (  '', '', ( #2335 ) ) ;
#55 = PRESENTATION_STYLE_ASSIGNMENT (( #1135 ) ) ;
#56 = VERTEX_POINT ( 'NONE', #1455 ) ;
#57 = CARTESIAN_POINT ( 'NONE',  ( -2.691648719433519688, -2.835625405843927638, 0.2252147215576006667 ) ) ;
#58 =( NAMED_UNIT ( * ) SI_UNIT ( $, .STERADIAN. ) SOLID_ANGLE_UNIT ( ) );
#59 =( GEOMETRIC_REPRESENTATION_CONTEXT ( 3 ) GLOBAL_UNCERTAINTY_ASSIGNED_CONTEXT ( ( #111 ) ) GLOBAL_UNIT_ASSIGNED_CONTEXT ( ( #745, #2098, #3494 ) ) REPRESENTATION_CONTEXT ( 'NONE', 'WORKASPACE' ) );
#60 = CARTESIAN_POINT ( 'NONE',  ( -0.05962943834366989798, 0.1638812289803688871, -0.7489717935924014025 ) ) ;
#61 = ORIENTED_EDGE ( 'NONE', *, *, #2161, .F. ) ;
#62 = DIRECTION ( 'NONE',  ( 0.000000000000000000, 1.000000000000000000, 0.000000000000000000 ) ) ;
#63 = CARTESIAN_POINT ( 'NONE',  ( -2.381616959171799941, -3.175444728766358971, -0.3330147609734452896 ) ) ;
#64 = FILL_AREA_STYLE_COLOUR ( '', #1625 ) ;
#65 = B_SPLINE_CURVE_WITH_KNOTS ( 'NONE', 3,
 ( #2153, #1544, #1819, #3492, #2095, #1838, #1306, #2937 ),
 .UNSPECIFIED., .F., .F.,
 ( 4, 2, 2, 4 ),
 ( 0.003055095030475807934, 0.003736676699549512041, 0.004077467534086363227, 0.004418258368623215714 ),
 .UNSPECIFIED. ) ;
#66 = AXIS2_PLACEMENT_3D ( 'NONE', #69, #1059, #1947 ) ;
#67 = EDGE_CURVE ( 'NONE', #3418, #2135, #3388, .T. ) ;
#68 = CARTESIAN_POINT ( 'NONE',  ( 2.898997348936523721, -3.830145967953805908, 0.3293117518843807767 ) ) ;
#69 = CARTESIAN_POINT ( 'NONE',  ( 0.000000000000000000, 0.000000000000000000, 0.5849999999999999645 ) ) ;
#70 =( NAMED_UNIT ( * ) PLANE_ANGLE_UNIT ( ) SI_UNIT ( $, .RADIAN. ) );
#71 = EDGE_LOOP ( 'NONE', ( #1744, #850, #2156, #2692, #3423 ) ) ;
#72 = STYLED_ITEM ( 'NONE', ( #2748 ), #792 ) ;
#73 = CARTESIAN_POINT ( 'NONE',  ( -1.345410345184479661, -3.703723890486079195, -0.1048878883310775112 ) ) ;
#74 = PRESENTATION_LAYER_ASSIGNMENT (  '', '', ( #1369 ) ) ;
#75 = DIRECTION ( 'NONE',  ( -0.4567591626862799181, -0.6835524092260305551, -0.5693216763337031194 ) ) ;
#76 = UNCERTAINTY_MEASURE_WITH_UNIT (LENGTH_MEASURE( 1.000000000000000082E-05 ), #1213, 'distance_accuracy_value', 'NONE');
#77 = FACE_OUTER_BOUND ( 'NONE', #1821, .T. ) ;
#78 = EDGE_CURVE ( 'NONE', #579, #490, #1901, .T. ) ;
#79 = CARTESIAN_POINT ( 'NONE',  ( -2.300521777342313445, -6.881810219515626770, -0.5849999999999999645 ) ) ;
#80 = CARTESIAN_POINT ( 'NONE',  ( -2.704014081179943130, -3.082430794199283230, -0.2370246468789675709 ) ) ;
#81 = CARTESIAN_POINT ( 'NONE',  ( 2.854236694967296817, -2.860019173540691462, 0.2275289852777442612 ) ) ;
#82 = EDGE_LOOP ( 'NONE', ( #192, #820, #2434, #2096 ) ) ;
#83 = CARTESIAN_POINT ( 'NONE',  ( -2.691820101343050720, -3.821268453667415521, -0.7346914908897845820 ) ) ;
#84 = CARTESIAN_POINT ( 'NONE',  ( 2.576380828111247023, -3.167249949714159740, 0.3490358945006560853 ) ) ;
#85 = CARTESIAN_POINT ( 'NONE',  ( -3.075568712139301386, -1.910707546853536165, -0.7381309050745463729 ) ) ;
#86 = CARTESIAN_POINT ( 'NONE',  ( 0.07152420974157026878, -0.1258576694102970517, -0.7956055639141286218 ) ) ;
#87 = PRODUCT_CONTEXT ( 'NONE', #494, 'mechanical' ) ;
#88 = CARTESIAN_POINT ( 'NONE',  ( 0.05272801730570374212, 0.1438583476700064090, 0.7656146192559906138 ) ) ;
#89 = ORIENTED_EDGE ( 'NONE', *, *, #2459, .F. ) ;
#90 = CARTESIAN_POINT ( 'NONE',  ( 2.060991010121921096, -2.757670320171824674, 0.5850000000000122879 ) ) ;
#91 = UNCERTAINTY_MEASURE_WITH_UNIT (LENGTH_MEASURE( 1.000000000000000082E-05 ), #12, 'distance_accuracy_value', 'NONE');
#92 =( LENGTH_UNIT ( ) NAMED_UNIT ( * ) SI_UNIT ( .MILLI., .METRE. ) );
#93 = STYLED_ITEM ( 'NONE', ( #162 ), #1770 ) ;
#94 = DIRECTION ( 'NONE',  ( -1.000000000000000000, 0.000000000000000000, 0.000000000000000000 ) ) ;
#95 = MECHANICAL_DESIGN_GEOMETRIC_PRESENTATION_REPRESENTATION (  '', ( #643 ), #3516 ) ;
#96 = SURFACE_STYLE_USAGE ( .BOTH. , #1085 ) ;
#97 = PRESENTATION_LAYER_ASSIGNMENT (  '', '', ( #3229 ) ) ;
#98 = ORIENTED_EDGE ( 'NONE', *, *, #1478, .T. ) ;
#99 = CARTESIAN_POINT ( 'NONE',  ( -1.899999999999999911, -2.186356007584650207, -1.584999999999999964 ) ) ;
#100 = DIRECTION ( 'NONE',  ( 0.000000000000000000, 0.000000000000000000, 1.000000000000000000 ) ) ;
#101 = ADVANCED_FACE ( 'NONE', ( #950 ), #1278, .F. ) ;
#102 = STYLED_ITEM ( 'NONE', ( #2328 ), #119 ) ;
#103 = PRESENTATION_LAYER_ASSIGNMENT (  '', '', ( #990 ) ) ;
#104 = FACE_OUTER_BOUND ( 'NONE', #3323, .T. ) ;
#105 = CARTESIAN_POINT ( 'NONE',  ( 0.04327159528586867893, -0.02311138287809793093, -0.7977380100987970790 ) ) ;
#106 = CARTESIAN_POINT ( 'NONE',  ( -0.3656744043418210244, 0.6648195265703720214, -0.5849999999999999645 ) ) ;
#107 = CARTESIAN_POINT ( 'NONE',  ( 0.04104443838775561487, 0.1242516169705391721, 0.7767343120816452284 ) ) ;
#108 = ORIENTED_EDGE ( 'NONE', *, *, #461, .F. ) ;
#109 = CARTESIAN_POINT ( 'NONE',  ( -0.1659965182849562626, -0.3030923611170217580, 0.6537789329195862198 ) ) ;
#110 = CARTESIAN_POINT ( 'NONE',  ( 0.1095367066384276417, 0.4932258203894099857, -1.084999999999999964 ) ) ;
#111 = UNCERTAINTY_MEASURE_WITH_UNIT (LENGTH_MEASURE( 1.000000000000000082E-05 ), #745, 'distance_accuracy_value', 'NONE');
#112 = CARTESIAN_POINT ( 'NONE',  ( 2.900000000000000799, -8.253256860000062645, 0.5849999999999999645 ) ) ;
#113 = CARTESIAN_POINT ( 'NONE',  ( -3.092857313637297878, -2.450204144255381689, 0.08017465837909060200 ) ) ;
#114 = CARTESIAN_POINT ( 'NONE',  ( 2.722812977573098703, -3.341671503243623054, 0.7687594405288853405 ) ) ;
#115 = EDGE_LOOP ( 'NONE', ( #2540, #1291, #1237 ) ) ;
#116 = FILL_AREA_STYLE ('',( #2344 ) ) ;
#117 = MECHANICAL_DESIGN_GEOMETRIC_PRESENTATION_REPRESENTATION (  '', ( #3084 ), #1240 ) ;
#118 = FILL_AREA_STYLE ('',( #1965 ) ) ;
#119 = ADVANCED_FACE ( 'NONE', ( #373 ), #2875, .T. ) ;
#120 = AXIS2_PLACEMENT_3D ( 'NONE', #3310, #1117, #2192 ) ;
#121 = ORIENTED_EDGE ( 'NONE', *, *, #2169, .T. ) ;
#122 = CIRCLE ( 'NONE', #2114, 0.2552700000000001634 ) ;
#123 = ORIENTED_EDGE ( 'NONE', *, *, #689, .T. ) ;
#124 = PRESENTATION_LAYER_ASSIGNMENT (  '', '', ( #2926 ) ) ;
#125 = CARTESIAN_POINT ( 'NONE',  ( 0.2670692706623862822, 0.4851063261695522377, 0.5850000005122704128 ) ) ;
#126 = CARTESIAN_POINT ( 'NONE',  ( -1.447082114042650636, -3.677446223047471818, 0.02253406479620737729 ) ) ;
#127 = CARTESIAN_POINT ( 'NONE',  ( -0.09346266734010247323, 0.09801231069853509614, -0.6817661523109130872 ) ) ;
#128 = ADVANCED_FACE ( 'NONE', ( #11 ), #1079, .T. ) ;
#129 = VERTEX_POINT ( 'NONE', #2190 ) ;
#130 = SURFACE_SIDE_STYLE ('',( #1745 ) ) ;
#131 = CARTESIAN_POINT ( 'NONE',  ( 2.652538340164851238, -4.358283038657995156, 0.6492221992990890866 ) ) ;
#132 = CARTESIAN_POINT ( 'NONE',  ( 3.080243453329810421, -1.909755328611726810, 0.7416722034637325267 ) ) ;
#133 = CARTESIAN_POINT ( 'NONE',  ( 0.03414769583170661205, 0.5319489546600504326, -0.5849999999999999645 ) ) ;
#134 = CARTESIAN_POINT ( 'NONE',  ( 0.06362772213730857884, -0.05819331728490311634, -0.7881833200384877891 ) ) ;
#135 = CYLINDRICAL_SURFACE ( 'NONE', #454, 0.2552700000000001634 ) ;
#136 = CARTESIAN_POINT ( 'NONE',  ( -2.818369352803871575, -4.133846842194939697, -0.3428501550262716413 ) ) ;
#137 = EDGE_CURVE ( 'NONE', #158, #2034, #3525, .T. ) ;
#138 = CIRCLE ( 'NONE', #2133, 0.09999999999999999167 ) ;
#139 = DIRECTION ( 'NONE',  ( 1.000000000000000000, 0.000000000000000000, 0.000000000000000000 ) ) ;
#140 = CIRCLE ( 'NONE', #2760, 1.255270000000003661 ) ;
#141 = CIRCLE ( 'NONE', #1146, 1.241473139999936803 ) ;
#142 = CARTESIAN_POINT ( 'NONE',  ( 3.381615053216287414, -1.912207477789696686, 0.2805051942071986604 ) ) ;
#143 = AXIS2_PLACEMENT_3D ( 'NONE', #2470, #1863, #234 ) ;
#144 = AXIS2_PLACEMENT_3D ( 'NONE', #1330, #836, #2157 ) ;
#145 = ORIENTED_EDGE ( 'NONE', *, *, #1168, .F. ) ;
#146 = FACE_OUTER_BOUND ( 'NONE', #3196, .T. ) ;
#147 = SURFACE_STYLE_USAGE ( .BOTH. , #1806 ) ;
#148 = CARTESIAN_POINT ( 'NONE',  ( 2.718135764988830694, -3.424523591873854134, 0.7641848205563558372 ) ) ;
#149 = CARTESIAN_POINT ( 'NONE',  ( -0.03631611059668352764, -0.1561239654784563613, 0.7883586399738703454 ) ) ;
#150 = CARTESIAN_POINT ( 'NONE',  ( 0.3499408037802810290, 0.2684638627101739727, -0.5849999999999999645 ) ) ;
#151 = COLOUR_RGB ( '',1.000000000000000000, 1.000000000000000000, 0.000000000000000000 ) ;
#152 = SURFACE_STYLE_USAGE ( .BOTH. , #1750 ) ;
#153 = B_SPLINE_CURVE_WITH_KNOTS ( 'NONE', 3,
 ( #648, #2831, #370, #384, #589, #876 ),
 .UNSPECIFIED., .F., .F.,
 ( 4, 2, 4 ),
 ( 2.077177692820253610E-17, 0.0003058509651550599118, 0.0006117019303100991153 ),
 .UNSPECIFIED. ) ;
#154 = EDGE_LOOP ( 'NONE', ( #3257, #2685, #2623, #1699 ) ) ;
#155 = SURFACE_STYLE_FILL_AREA ( #3415 ) ;
#156 = LINE ( 'NONE', #2897, #3167 ) ;
#157 = STYLED_ITEM ( 'NONE', ( #1864 ), #410 ) ;
#158 = VERTEX_POINT ( 'NONE', #774 ) ;
#159 = FILL_AREA_STYLE_COLOUR ( '', #2559 ) ;
#160 = PRESENTATION_STYLE_ASSIGNMENT (( #2902 ) ) ;
#161 = B_SPLINE_CURVE_WITH_KNOTS ( 'NONE', 3,
 ( #1220, #1452, #662, #114 ),
 .UNSPECIFIED., .F., .F.,
 ( 4, 4 ),
 ( 0.000000000000000000, 0.0007465053419249304901 ),
 .UNSPECIFIED. ) ;
#162 = PRESENTATION_STYLE_ASSIGNMENT (( #1503 ) ) ;
#163 = EDGE_CURVE ( 'NONE', #3041, #783, #2905, .T. ) ;
#164 = CARTESIAN_POINT ( 'NONE',  ( 3.390994679947703094, -1.804129380177412978, 0.3399906385916964258 ) ) ;
#165 = EDGE_LOOP ( 'NONE', ( #2490, #1094, #2105 ) ) ;
#166 = DIRECTION ( 'NONE',  ( 1.000000000000000000, 0.000000000000000000, 0.000000000000000000 ) ) ;
#167 = CARTESIAN_POINT ( 'NONE',  ( 0.000000000000000000, 0.000000000000000000, 0.000000000000000000 ) ) ;
#168 = CARTESIAN_POINT ( 'NONE',  ( -0.1192864932598191458, 0.1437846629721651615, -0.7670367687570834869 ) ) ;
#169 = CARTESIAN_POINT ( 'NONE',  ( 2.745701469715456700, -2.186356007584643546, 0.7883586399738357064 ) ) ;
#170 = STYLED_ITEM ( 'NONE', ( #942 ), #326 ) ;
#171 = ORIENTED_EDGE ( 'NONE', *, *, #2620, .F. ) ;
#172 = CARTESIAN_POINT ( 'NONE',  ( -0.1124099884837321123, 0.1142696240243903649, -0.7883586399738703454 ) ) ;
#173 = VERTEX_POINT ( 'NONE', #2982 ) ;
#174 = CARTESIAN_POINT ( 'NONE',  ( -0.1095367066384278637, 0.4932258203894099857, 0.5849999999999999645 ) ) ;
#175 = DIRECTION ( 'NONE',  ( 0.000000000000000000, 0.000000000000000000, -1.000000000000000000 ) ) ;
#176 =( NAMED_UNIT ( * ) SI_UNIT ( $, .STERADIAN. ) SOLID_ANGLE_UNIT ( ) );
#177 = CYLINDRICAL_SURFACE ( 'NONE', #2492, 0.2552700000000001634 ) ;
#178 = AXIS2_PLACEMENT_3D ( 'NONE', #1129, #1636, #1623 ) ;
#179 = FILL_AREA_STYLE_COLOUR ( '', #2198 ) ;
#180 = EDGE_CURVE ( 'NONE', #1033, #2367, #573, .T. ) ;
#181 = ORIENTED_EDGE ( 'NONE', *, *, #1577, .T. ) ;
#182 =( NAMED_UNIT ( * ) SI_UNIT ( $, .STERADIAN. ) SOLID_ANGLE_UNIT ( ) );
#183 = CARTESIAN_POINT ( 'NONE',  ( 0.3656744043418210799, -0.6648195265703737977, -0.5849999999999999645 ) ) ;
#184 = FACE_OUTER_BOUND ( 'NONE', #2749, .T. ) ;
#185 = CARTESIAN_POINT ( 'NONE',  ( -1.851189570848992272, -3.047245623452206953, -0.5495770715777852367 ) ) ;
#186 = EDGE_CURVE ( 'NONE', #3259, #2728, #1026, .T. ) ;
#187 = PLANE ( 'NONE',  #2320 ) ;
#188 = VERTEX_POINT ( 'NONE', #1609 ) ;
#189 = CARTESIAN_POINT ( 'NONE',  ( 1.378146374740475411, -3.705557076497725255, 0.03410513043263450200 ) ) ;
#190 =( NAMED_UNIT ( * ) SI_UNIT ( $, .STERADIAN. ) SOLID_ANGLE_UNIT ( ) );
#191 = ORIENTED_EDGE ( 'NONE', *, *, #1521, .F. ) ;
#192 = ORIENTED_EDGE ( 'NONE', *, *, #2131, .T. ) ;
#193 = DIRECTION ( 'NONE',  ( 0.000000000000000000, 0.000000000000000000, 1.000000000000000000 ) ) ;
#194 = SURFACE_STYLE_USAGE ( .BOTH. , #1559 ) ;
#195 = PRESENTATION_LAYER_ASSIGNMENT (  '', '', ( #1723 ) ) ;
#196 =( NAMED_UNIT ( * ) PLANE_ANGLE_UNIT ( ) SI_UNIT ( $, .RADIAN. ) );
#197 = ORIENTED_EDGE ( 'NONE', *, *, #2997, .T. ) ;
#198 = FACE_OUTER_BOUND ( 'NONE', #115, .T. ) ;
#199 = FILL_AREA_STYLE ('',( #1 ) ) ;
#200 = STYLED_ITEM ( 'NONE', ( #334 ), #1950 ) ;
#201 = CARTESIAN_POINT ( 'NONE',  ( 0.1963997153151807173, 0.002325517773246928762, -0.5849999999999968558 ) ) ;
#202 = CARTESIAN_POINT ( 'NONE',  ( 0.2846751878687928117, 0.6413055860201184455, 0.5849999999999999645 ) ) ;
#203 = SURFACE_STYLE_USAGE ( .BOTH. , #2116 ) ;
#204 = ADVANCED_FACE ( 'NONE', ( #2721 ), #1064, .T. ) ;
#205 = CIRCLE ( 'NONE', #33, 0.7447299999999981157 ) ;
#206 = FACE_OUTER_BOUND ( 'NONE', #2594, .T. ) ;
#207 = ORIENTED_EDGE ( 'NONE', *, *, #1313, .T. ) ;
#208 = CARTESIAN_POINT ( 'NONE',  ( -0.05688603265384590407, -0.1768884393787976683, 0.7677889365031232982 ) ) ;
#209 = FILL_AREA_STYLE_COLOUR ( '', #1532 ) ;
#210 = CARTESIAN_POINT ( 'NONE',  ( 0.1124099884817667261, 0.1142696240254713891, 0.7883586399738703454 ) ) ;
#211 = PRESENTATION_LAYER_ASSIGNMENT (  '', '', ( #157 ) ) ;
#212 = AXIS2_PLACEMENT_3D ( 'NONE', #44, #2245, #2813 ) ;
#213 = CARTESIAN_POINT ( 'NONE',  ( 0.1185775490533240439, 0.1416218169795771809, 0.7686190704620371461 ) ) ;
#214 =( BOUNDED_SURFACE ( )  B_SPLINE_SURFACE ( 3, 2, ( 
 ( #1491, #683, #2046 ),
 ( #1044, #3528, #3447 ),
 ( #1533, #3410, #936 ),
 ( #2645, #201, #2363 ),
 ( #1279, #2330, #2083 ),
 ( #150, #1883, #2912 ),
 ( #1205, #1825, #3463 ),
 ( #2626, #667, #2587 ),
 ( #2421, #778, #1228 ),
 ( #3192, #953, #1786 ) ),
 .UNSPECIFIED., .F., .F., .T. ) 
 B_SPLINE_SURFACE_WITH_KNOTS ( ( 4, 2, 2, 2, 4 ),
 ( 3, 3 ),
 ( 0.0003960509231452495377, 0.0005953282664139748683, 0.0007946056096827001447, 0.0009938829529514254212, 0.001193160296220150806 ),
 ( 0.000000000000000000, 0.9098794046407845393 ),
 .UNSPECIFIED. ) 
 GEOMETRIC_REPRESENTATION_ITEM ( )  RATIONAL_B_SPLINE_SURFACE ( (
 ( 1.000000000000000000, 0.9022313465175220148, 0.9823780614813805157),
 ( 1.000000000000000000, 0.8967730111176340779, 0.9813942446095642591),
 ( 1.000000000000000000, 0.8901043282604269580, 0.9801922732708574504),
 ( 1.000000000000000000, 0.8791602845079674600, 0.9782197057936397044),
 ( 1.000000000000000000, 0.8753213739538137084, 0.9775277759842975200),
 ( 1.000000000000000000, 0.8753305589662900843, 0.9775294315018829838),
 ( 1.000000000000000000, 0.8792644031010347083, 0.9782384722528301157),
 ( 1.000000000000000000, 0.8900507810017491694, 0.9801826218491936915),
 ( 1.000000000000000000, 0.8967458278614482969, 0.9813893450671015151),
 ( 1.000000000000000000, 0.9022313465173346092, 0.9823780614813467649) ) ) 
 REPRESENTATION_ITEM ( '' )  SURFACE ( )  );
#215 = DIRECTION ( 'NONE',  ( 1.000000000000000000, 0.000000000000000000, 0.000000000000000000 ) ) ;
#216 = CARTESIAN_POINT ( 'NONE',  ( 1.348621754271720929, -3.635424150622016182, 0.2863857440702066715 ) ) ;
#217 =( LENGTH_UNIT ( ) NAMED_UNIT ( * ) SI_UNIT ( .MILLI., .METRE. ) );
#218 = CARTESIAN_POINT ( 'NONE',  ( -2.900000000000000799, -8.253256860000062645, -0.5849999999999999645 ) ) ;
#219 = CARTESIAN_POINT ( 'NONE',  ( -0.2596283556027171313, -0.4925297782168480687, 0.5849999999999999645 ) ) ;
#220 = EDGE_CURVE ( 'NONE', #3404, #2701, #140, .T. ) ;
#221 = CARTESIAN_POINT ( 'NONE',  ( 3.390994679946796264, -1.804129380175053088, 0.3399906385899971739 ) ) ;
#222 = CARTESIAN_POINT ( 'NONE',  ( 0.3656744043418209689, 0.6648195265703717993, 0.5849999999999999645 ) ) ;
#223 =( NAMED_UNIT ( * ) SI_UNIT ( $, .STERADIAN. ) SOLID_ANGLE_UNIT ( ) );
#224 = STYLED_ITEM ( 'NONE', ( #1545 ), #3287 ) ;
#225 = AXIS2_PLACEMENT_3D ( 'NONE', #1099, #791, #2980 ) ;
#226 = PRESENTATION_STYLE_ASSIGNMENT (( #1324 ) ) ;
#227 = STYLED_ITEM ( 'NONE', ( #2045 ), #2702 ) ;
#228 = FILL_AREA_STYLE ('',( #1547 ) ) ;
#229 =( NAMED_UNIT ( * ) PLANE_ANGLE_UNIT ( ) SI_UNIT ( $, .RADIAN. ) );
#230 = CARTESIAN_POINT ( 'NONE',  ( -3.209222125041139240, -1.011987328056256352, -0.5849999999999999645 ) ) ;
#231 = ORIENTED_EDGE ( 'NONE', *, *, #67, .F. ) ;
#232 =( GEOMETRIC_REPRESENTATION_CONTEXT ( 3 ) GLOBAL_UNCERTAINTY_ASSIGNED_CONTEXT ( ( #2505 ) ) GLOBAL_UNIT_ASSIGNED_CONTEXT ( ( #1231, #1772, #409 ) ) REPRESENTATION_CONTEXT ( 'NONE', 'WORKASPACE' ) );
#233 = CARTESIAN_POINT ( 'NONE',  ( 0.05291632069270674199, 0.1572632901383199666, 0.7518056704343434316 ) ) ;
#234 = DIRECTION ( 'NONE',  ( -0.4819426951317150598, 0.8762027383027164440, 0.000000000000000000 ) ) ;
#235 = CARTESIAN_POINT ( 'NONE',  ( 2.805803572306372118, -4.181556078450118008, 0.3468022486647062141 ) ) ;
#236 = CARTESIAN_POINT ( 'NONE',  ( -3.182394204507192903, -1.754904009952882316, -0.5455927821730398586 ) ) ;
#237 = ORIENTED_EDGE ( 'NONE', *, *, #1192, .F. ) ;
#238 = DIRECTION ( 'NONE',  ( 0.000000000000000000, 0.000000000000000000, 1.000000000000000000 ) ) ;
#239 = EDGE_CURVE ( 'NONE', #1992, #395, #2887, .T. ) ;
#240 = CARTESIAN_POINT ( 'NONE',  ( 0.1095367066384276417, 0.4932258203894099857, -0.5849999999999999645 ) ) ;
#241 = EDGE_LOOP ( 'NONE', ( #975, #3298, #655, #609 ) ) ;
#242 = CARTESIAN_POINT ( 'NONE',  ( -3.126592673839441172, -2.911255405496153248, -0.4628521905434293537 ) ) ;
#243 = FILL_AREA_STYLE_COLOUR ( '', #1307 ) ;
#244 = VECTOR ( 'NONE', #1576, 1000.000000000000000 ) ;
#245 = ORIENTED_EDGE ( 'NONE', *, *, #1056, .T. ) ;
#246 =( NAMED_UNIT ( * ) PLANE_ANGLE_UNIT ( ) SI_UNIT ( $, .RADIAN. ) );
#247 = ORIENTED_EDGE ( 'NONE', *, *, #2815, .F. ) ;
#248 = TOROIDAL_SURFACE ( 'NONE', #1850, 0.9999999999999983347, 0.2552700000000001634 ) ;
#249 = CARTESIAN_POINT ( 'NONE',  ( 2.735969292477824499, -3.102797317341741135, 0.7814452010937773530 ) ) ;
#250 = AXIS2_PLACEMENT_3D ( 'NONE', #2380, #3495, #3216 ) ;
#251 = SURFACE_STYLE_USAGE ( .BOTH. , #2695 ) ;
#252 = CARTESIAN_POINT ( 'NONE',  ( 2.652168287546934788, -4.628400275776450634, 0.5238263520575933141 ) ) ;
#253 = ORIENTED_EDGE ( 'NONE', *, *, #441, .F. ) ;
#254 = FILL_AREA_STYLE_COLOUR ( '', #1506 ) ;
#255 = PRESENTATION_LAYER_ASSIGNMENT (  '', '', ( #1802 ) ) ;
#256 = FILL_AREA_STYLE_COLOUR ( '', #1144 ) ;
#257 = SURFACE_SIDE_STYLE ('',( #547 ) ) ;
#258 = ADVANCED_FACE ( 'NONE', ( #911 ), #1898, .F. ) ;
#259 = EDGE_LOOP ( 'NONE', ( #2036, #2111, #3251, #1890, #1673 ) ) ;
#260 = FACE_OUTER_BOUND ( 'NONE', #1788, .T. ) ;
#261 = CARTESIAN_POINT ( 'NONE',  ( -0.1878197104681090246, -0.3002276066388220865, 0.6435606796247292927 ) ) ;
#262 = CARTESIAN_POINT ( 'NONE',  ( 0.4675470967660478872, -0.2559989605447235417, -0.5849999999999999645 ) ) ;
#263 = UNCERTAINTY_MEASURE_WITH_UNIT (LENGTH_MEASURE( 1.000000000000000082E-05 ), #3011, 'distance_accuracy_value', 'NONE');
#264 = B_SPLINE_CURVE_WITH_KNOTS ( 'NONE', 3,
 ( #45, #882, #1987, #2516 ),
 .UNSPECIFIED., .F., .F.,
 ( 4, 4 ),
 ( -4.472135955053539272E-06, 0.0005008298124578736002 ),
 .UNSPECIFIED. ) ;
#265 = CARTESIAN_POINT ( 'NONE',  ( -0.03631611059668361091, -0.1561239654784563335, 0.7883586399738702344 ) ) ;
#266 = SURFACE_SIDE_STYLE ('',( #1092 ) ) ;
#267 = STYLED_ITEM ( 'NONE', ( #1264 ), #498 ) ;
#268 = CARTESIAN_POINT ( 'NONE',  ( -3.033379742767648324, -1.375374277132680234, -0.6017135091426960569 ) ) ;
#269 = ORIENTED_EDGE ( 'NONE', *, *, #2422, .T. ) ;
#270 = SURFACE_STYLE_USAGE ( .BOTH. , #1904 ) ;
#271 = PRESENTATION_STYLE_ASSIGNMENT (( #1629 ) ) ;
#272 = TOROIDAL_SURFACE ( 'NONE', #1005, 1.758750797627256279, 1.000000000000000000 ) ;
#273 = FILL_AREA_STYLE ('',( #3295 ) ) ;
#274 =( GEOMETRIC_REPRESENTATION_CONTEXT ( 3 ) GLOBAL_UNCERTAINTY_ASSIGNED_CONTEXT ( ( #349 ) ) GLOBAL_UNIT_ASSIGNED_CONTEXT ( ( #1846, #2679, #789 ) ) REPRESENTATION_CONTEXT ( 'NONE', 'WORKASPACE' ) );
#275 = CARTESIAN_POINT ( 'NONE',  ( -3.235363880886802157, -2.278258492701508597, -0.02171947630680512789 ) ) ;
#276 = CARTESIAN_POINT ( 'NONE',  ( 2.406806822015007175, -3.062943314579986698, -0.2467258654408786278 ) ) ;
#277 = AXIS2_PLACEMENT_3D ( 'NONE', #2219, #3023, #2412 ) ;
#278 = TOROIDAL_SURFACE ( 'NONE', #2290, 1.000000000000003553, 0.2552700000000001634 ) ;
#279 = ORIENTED_EDGE ( 'NONE', *, *, #2530, .T. ) ;
#280 = CARTESIAN_POINT ( 'NONE',  ( -2.648107835866970738, -4.427204804307297792, -0.6323314950683956992 ) ) ;
#281 = DIRECTION ( 'NONE',  ( -1.000000000000000000, 0.000000000000000000, 0.000000000000000000 ) ) ;
#282 = CARTESIAN_POINT ( 'NONE',  ( 2.652538340164851238, -4.358283038657995156, 0.6492221992990890866 ) ) ;
#283 = ADVANCED_FACE ( 'NONE', ( #2576 ), #1641, .T. ) ;
#284 = FILL_AREA_STYLE ('',( #1605 ) ) ;
#285 = STYLED_ITEM ( 'NONE', ( #320 ), #1405 ) ;
#286 = ORIENTED_EDGE ( 'NONE', *, *, #2018, .T. ) ;
#287 = CARTESIAN_POINT ( 'NONE',  ( 3.390994679946792267, -1.804129380175099939, 0.3399906385899720829 ) ) ;
#288 = FILL_AREA_STYLE ('',( #1043 ) ) ;
#289 = SURFACE_STYLE_USAGE ( .BOTH. , #585 ) ;
#290 = CARTESIAN_POINT ( 'NONE',  ( 2.361031921644515474, -3.152590268821856334, 0.4199179993166748948 ) ) ;
#291 =( LENGTH_UNIT ( ) NAMED_UNIT ( * ) SI_UNIT ( .MILLI., .METRE. ) );
#292 = FACE_OUTER_BOUND ( 'NONE', #2266, .T. ) ;
#293 = ORIENTED_EDGE ( 'NONE', *, *, #1093, .T. ) ;
#294 = SURFACE_SIDE_STYLE ('',( #3278 ) ) ;
#295 = SURFACE_STYLE_FILL_AREA ( #3279 ) ;
#296 = UNCERTAINTY_MEASURE_WITH_UNIT (LENGTH_MEASURE( 1.000000000000000082E-05 ), #2519, 'distance_accuracy_value', 'NONE');
#297 = CARTESIAN_POINT ( 'NONE',  ( -0.1209696996921606899, 0.1480218602079945711, -0.7638783202828024477 ) ) ;
#298 = VECTOR ( 'NONE', #3421, 1000.000000000000000 ) ;
#299 = DIRECTION ( 'NONE',  ( -0.9959030171131250109, -0.09042776401622985849, 0.000000000000000000 ) ) ;
#300 = CIRCLE ( 'NONE', #1614, 1.758750797627256279 ) ;
#301 = PLANE ( 'NONE',  #66 ) ;
#302 = DIRECTION ( 'NONE',  ( 0.000000000000000000, 0.000000000000000000, 1.000000000000000000 ) ) ;
#303 = CARTESIAN_POINT ( 'NONE',  ( -0.2759661505899128064, 0.4809882855945050717, -0.5849999999999999645 ) ) ;
#304 = CARTESIAN_POINT ( 'NONE',  ( -0.1095367066359686781, 0.4932258203906727534, 0.5849999999999999645 ) ) ;
#305 = AXIS2_PLACEMENT_3D ( 'NONE', #872, #1776, #2527 ) ;
#306 = ORIENTED_EDGE ( 'NONE', *, *, #1421, .F. ) ;
#307 =( GEOMETRIC_REPRESENTATION_CONTEXT ( 3 ) GLOBAL_UNCERTAINTY_ASSIGNED_CONTEXT ( ( #621 ) ) GLOBAL_UNIT_ASSIGNED_CONTEXT ( ( #2929, #2642, #476 ) ) REPRESENTATION_CONTEXT ( 'NONE', 'WORKASPACE' ) );
#308 = ORIENTED_EDGE ( 'NONE', *, *, #1814, .F. ) ;
#309 = CARTESIAN_POINT ( 'NONE',  ( 2.899999999999999467, -2.186356007584653760, 0.5849999999999999645 ) ) ;
#310 = CARTESIAN_POINT ( 'NONE',  ( 3.162395733488799543, -1.695486703006737761, 0.5586625177998270075 ) ) ;
#311 = UNCERTAINTY_MEASURE_WITH_UNIT (LENGTH_MEASURE( 1.000000000000000082E-05 ), #2237, 'distance_accuracy_value', 'NONE');
#312 = B_SPLINE_CURVE_WITH_KNOTS ( 'NONE', 3,
 ( #1982, #1123, #1453, #2241, #3334, #857, #1221, #3477, #1820, #1136, #941, #2745, #586, #1118 ),
 .UNSPECIFIED., .F., .F.,
 ( 4, 2, 2, 2, 2, 2, 4 ),
 ( 0.01749554088556113871, 0.09859037565983234941, 0.1796852104341035705, 0.3418748799826459850, 0.6662542190797308139, 0.9906335581768157539, 1.315012897273900583 ),
 .UNSPECIFIED. ) ;
#313 = ORIENTED_EDGE ( 'NONE', *, *, #2334, .F. ) ;
#314 = B_SPLINE_CURVE_WITH_KNOTS ( 'NONE', 3,
 ( #1731, #2297, #132, #2082, #2608, #2890 ),
 .UNSPECIFIED., .F., .F.,
 ( 4, 2, 4 ),
 ( 4.204692026340003716E-18, 0.0004431306519927826469, 0.0008862613039855610653 ),
 .UNSPECIFIED. ) ;
#315 = CARTESIAN_POINT ( 'NONE',  ( -2.919272721360906431, -2.753793740220270791, -0.2356672544159263694 ) ) ;
#316 = CARTESIAN_POINT ( 'NONE',  ( 3.214593279499714296, -2.297542614795641036, 0.01066541342244281890 ) ) ;
#317 = CIRCLE ( 'NONE', #2040, 0.5849999999999999645 ) ;
#318 = DIRECTION ( 'NONE',  ( -0.000000000000000000, -0.000000000000000000, -1.000000000000000000 ) ) ;
#319 = VERTEX_POINT ( 'NONE', #1214 ) ;
#320 = PRESENTATION_STYLE_ASSIGNMENT (( #3062 ) ) ;
#321 = CARTESIAN_POINT ( 'NONE',  ( -2.708699230593945462, -3.576738619288791110, -0.7542100463445079450 ) ) ;
#322 = CARTESIAN_POINT ( 'NONE',  ( -2.900000000000004352, -10.54099074031410410, -0.5849999999999999645 ) ) ;
#323 = CARTESIAN_POINT ( 'NONE',  ( -3.145945581714265415, -2.186356007584643546, -0.6533633215640257674 ) ) ;
#324 = LINE ( 'NONE', #3069, #726 ) ;
#325 = CARTESIAN_POINT ( 'NONE',  ( -3.365000000000001101, 4.120936479130844894E-16, 0.000000000000000000 ) ) ;
#326 = ADVANCED_FACE ( 'NONE', ( #2337 ), #177, .T. ) ;
#327 = ORIENTED_EDGE ( 'NONE', *, *, #1430, .F. ) ;
#328 = CARTESIAN_POINT ( 'NONE',  ( -1.377901814510038792, -3.705543381080975696, -0.03463392446321515716 ) ) ;
#329 = CARTESIAN_POINT ( 'NONE',  ( 3.196386978117077948, -1.866669320222071438, 0.5040546506830858586 ) ) ;
#330 = FACE_OUTER_BOUND ( 'NONE', #2160, .T. ) ;
#331 = PRESENTATION_LAYER_ASSIGNMENT (  '', '', ( #224 ) ) ;
#332 =( NAMED_UNIT ( * ) PLANE_ANGLE_UNIT ( ) SI_UNIT ( $, .RADIAN. ) );
#333 = AXIS2_PLACEMENT_3D ( 'NONE', #1130, #27, #1932 ) ;
#334 = PRESENTATION_STYLE_ASSIGNMENT (( #2532 ) ) ;
#335 = ORIENTED_EDGE ( 'NONE', *, *, #2405, .T. ) ;
#336 = FILL_AREA_STYLE ('',( #2773 ) ) ;
#337 = CARTESIAN_POINT ( 'NONE',  ( -2.722897919096931130, -3.340128167353377808, -0.7688413061305946483 ) ) ;
#338 = FILL_AREA_STYLE_COLOUR ( '', #1767 ) ;
#339 = PRESENTATION_STYLE_ASSIGNMENT (( #824 ) ) ;
#340 = COLOUR_RGB ( '',0.7529411764705882248, 0.7529411764705882248, 0.7529411764705882248 ) ;
#341 = CARTESIAN_POINT ( 'NONE',  ( -0.05962943834366989798, 0.1638812289803688871, -0.7489717935924014025 ) ) ;
#342 = CARTESIAN_POINT ( 'NONE',  ( 2.913629523514775332, -3.775882812232211450, 0.3300941173811581808 ) ) ;
#343 = CARTESIAN_POINT ( 'NONE',  ( 0.08345734996060641397, -0.08738101867892381081, -0.7714120866427143230 ) ) ;
#344 = ORIENTED_EDGE ( 'NONE', *, *, #461, .T. ) ;
#345 = CARTESIAN_POINT ( 'NONE',  ( -0.06023846188226186088, -0.1814262027757458928, 0.7638783202826063823 ) ) ;
#346 = DIRECTION ( 'NONE',  ( 0.000000000000000000, 0.000000000000000000, 1.000000000000000000 ) ) ;
#347 = COLOUR_RGB ( '',1.000000000000000000, 1.000000000000000000, 0.000000000000000000 ) ;
#348 = PRESENTATION_LAYER_ASSIGNMENT (  '', '', ( #2070 ) ) ;
#349 = UNCERTAINTY_MEASURE_WITH_UNIT (LENGTH_MEASURE( 1.000000000000000082E-05 ), #1846, 'distance_accuracy_value', 'NONE');
#350 = ADVANCED_FACE ( 'NONE', ( #1540 ), #3392, .F. ) ;
#351 = CARTESIAN_POINT ( 'NONE',  ( -2.853196716931170052, -2.861668454563859321, -0.2274528182194171522 ) ) ;
#352 = CARTESIAN_POINT ( 'NONE',  ( 3.301605942620396750, -2.151675788396594680, 0.1106198683957722306 ) ) ;
#353 = VERTEX_POINT ( 'NONE', #2462 ) ;
#354 = CARTESIAN_POINT ( 'NONE',  ( 2.720563177444042857, -3.382520271897642594, 0.7665901077056261892 ) ) ;
#355 = MECHANICAL_DESIGN_GEOMETRIC_PRESENTATION_REPRESENTATION (  '', ( #1432 ), #3110 ) ;
#356 =( NAMED_UNIT ( * ) SI_UNIT ( $, .STERADIAN. ) SOLID_ANGLE_UNIT ( ) );
#357 = CARTESIAN_POINT ( 'NONE',  ( 2.887911865682460721, -3.871300126114959994, 0.3282661090603000154 ) ) ;
#358 = CARTESIAN_POINT ( 'NONE',  ( -0.07260570481673293830, 0.1389652528532095144, -0.7862982569183744053 ) ) ;
#359 = STYLED_ITEM ( 'NONE', ( #2381 ), #748 ) ;
#360 = ORIENTED_EDGE ( 'NONE', *, *, #2179, .F. ) ;
#361 = DIRECTION ( 'NONE',  ( 1.000000000000000000, 0.000000000000000000, 0.000000000000000000 ) ) ;
#362 = UNCERTAINTY_MEASURE_WITH_UNIT (LENGTH_MEASURE( 1.000000000000000082E-05 ), #3371, 'distance_accuracy_value', 'NONE');
#363 = CARTESIAN_POINT ( 'NONE',  ( -2.687711033780185055, -3.162809310709309596, -0.3798326606821035845 ) ) ;
#364 = MECHANICAL_DESIGN_GEOMETRIC_PRESENTATION_REPRESENTATION (  '', ( #2700 ), #806 ) ;
#365 = DIRECTION ( 'NONE',  ( -1.000000000000000000, 0.000000000000000000, 0.000000000000000000 ) ) ;
#366 = COLOUR_RGB ( '',1.000000000000000000, 1.000000000000000000, 0.000000000000000000 ) ;
#367 = CARTESIAN_POINT ( 'NONE',  ( -3.276053693864594329, -2.200305070731257473, -0.07611797002442097226 ) ) ;
#368 = DIRECTION ( 'NONE',  ( -1.000000000000000000, 0.000000000000000000, 0.000000000000000000 ) ) ;
#369 = EDGE_CURVE ( 'NONE', #3351, #1840, #1550, .T. ) ;
#370 = CARTESIAN_POINT ( 'NONE',  ( -0.1546163267962311905, 0.3202389721794652866, -0.6560104996182659631 ) ) ;
#371 = ORIENTED_EDGE ( 'NONE', *, *, #1421, .T. ) ;
#372 = SURFACE_STYLE_FILL_AREA ( #2072 ) ;
#373 = FACE_OUTER_BOUND ( 'NONE', #2541, .T. ) ;
#374 =( LENGTH_UNIT ( ) NAMED_UNIT ( * ) SI_UNIT ( .MILLI., .METRE. ) );
#375 = CARTESIAN_POINT ( 'NONE',  ( 0.4752111109804946776, -0.1715937061804826136, -0.5849999999999999645 ) ) ;
#376 =( GEOMETRIC_REPRESENTATION_CONTEXT ( 3 ) GLOBAL_UNCERTAINTY_ASSIGNED_CONTEXT ( ( #1399 ) ) GLOBAL_UNIT_ASSIGNED_CONTEXT ( ( #2733, #1419, #1370 ) ) REPRESENTATION_CONTEXT ( 'NONE', 'WORKASPACE' ) );
#377 = CARTESIAN_POINT ( 'NONE',  ( 2.742461844477082078, -4.417434585225555210, 0.3802789306005746051 ) ) ;
#378 = CARTESIAN_POINT ( 'NONE',  ( -2.886418968194947698, -3.876903435073104642, -0.3283418303334509902 ) ) ;
#379 = EDGE_LOOP ( 'NONE', ( #3158, #1684, #2069, #1230 ) ) ;
#380 = DIRECTION ( 'NONE',  ( 1.224646799147353207E-16, 1.000000000000000000, -0.000000000000000000 ) ) ;
#381 = CARTESIAN_POINT ( 'NONE',  ( 0.3656744043418210799, 0.6648195265703720214, 0.5849999999999999645 ) ) ;
#382 = EDGE_CURVE ( 'NONE', #508, #3404, #811, .T. ) ;
#383 = CARTESIAN_POINT ( 'NONE',  ( -2.708699230593945462, -3.576738619288791110, -0.7542100463445079450 ) ) ;
#384 = CARTESIAN_POINT ( 'NONE',  ( -0.2573625367354005489, 0.4879838791345097460, -0.5999442337147720128 ) ) ;
#385 = VERTEX_POINT ( 'NONE', #3010 ) ;
#386 =( NAMED_UNIT ( * ) SI_UNIT ( $, .STERADIAN. ) SOLID_ANGLE_UNIT ( ) );
#387 = CARTESIAN_POINT ( 'NONE',  ( 2.652168287546918801, -4.628400275776417772, 0.5238263520576572629 ) ) ;
#388 = CARTESIAN_POINT ( 'NONE',  ( -2.900000000000000355, -5.965522979686022076, -0.5849999999999999645 ) ) ;
#389 = CARTESIAN_POINT ( 'NONE',  ( -0.3382570473919282450, -0.4797444567620070544, 0.5849999999999916378 ) ) ;
#390 = DIRECTION ( 'NONE',  ( -0.000000000000000000, -0.000000000000000000, -1.000000000000000000 ) ) ;
#391 =( GEOMETRIC_REPRESENTATION_CONTEXT ( 3 ) GLOBAL_UNCERTAINTY_ASSIGNED_CONTEXT ( ( #1685 ) ) GLOBAL_UNIT_ASSIGNED_CONTEXT ( ( #2535, #2814, #356 ) ) REPRESENTATION_CONTEXT ( 'NONE', 'WORKASPACE' ) );
#392 = ORIENTED_EDGE ( 'NONE', *, *, #478, .T. ) ;
#393 = PRESENTATION_LAYER_ASSIGNMENT (  '', '', ( #1646 ) ) ;
#394 = CARTESIAN_POINT ( 'NONE',  ( 0.06002505815527656857, -0.1811126889462351397, -0.7641407514074186613 ) ) ;
#395 = VERTEX_POINT ( 'NONE', #3264 ) ;
#396 = VERTEX_POINT ( 'NONE', #543 ) ;
#397 = CIRCLE ( 'NONE', #2399, 0.2552700000000001634 ) ;
#398 = SURFACE_SIDE_STYLE ('',( #1499 ) ) ;
#399 = FILL_AREA_STYLE_COLOUR ( '', #1523 ) ;
#400 = COLOUR_RGB ( '',1.000000000000000000, 1.000000000000000000, 0.000000000000000000 ) ;
#401 = CARTESIAN_POINT ( 'NONE',  ( 3.183431224757773403, -2.110108749385531723, 0.4187629501349961481 ) ) ;
#402 = ORIENTED_EDGE ( 'NONE', *, *, #3067, .T. ) ;
#403 = CARTESIAN_POINT ( 'NONE',  ( -2.061532046681293640, -2.756579230334674779, -0.5850000000000037392 ) ) ;
#404 = PRESENTATION_STYLE_ASSIGNMENT (( #2063 ) ) ;
#405 = DIRECTION ( 'NONE',  ( -1.000000000000000000, 0.000000000000000000, 0.000000000000000000 ) ) ;
#406 = CARTESIAN_POINT ( 'NONE',  ( 0.02260042532981110588, -0.04749959773109175415, -0.8402923650420124346 ) ) ;
#407 = VERTEX_POINT ( 'NONE', #790 ) ;
#408 = DIRECTION ( 'NONE',  ( -0.000000000000000000, -0.000000000000000000, -1.000000000000000000 ) ) ;
#409 =( NAMED_UNIT ( * ) SI_UNIT ( $, .STERADIAN. ) SOLID_ANGLE_UNIT ( ) );
#410 = ADVANCED_FACE ( 'NONE', ( #1639 ), #3000, .T. ) ;
#411 = DIRECTION ( 'NONE',  ( 1.000000000000000000, -1.726092228105872986E-15, 0.000000000000000000 ) ) ;
#412 = DIRECTION ( 'NONE',  ( 1.000000000000000000, 0.000000000000000000, 0.000000000000000000 ) ) ;
#413 = FACE_OUTER_BOUND ( 'NONE', #82, .T. ) ;
#414 = CARTESIAN_POINT ( 'NONE',  ( 0.1209696996954591625, 0.1480218602064159450, 0.7638783202825939478 ) ) ;
#415 =( GEOMETRIC_REPRESENTATION_CONTEXT ( 3 ) GLOBAL_UNCERTAINTY_ASSIGNED_CONTEXT ( ( #91 ) ) GLOBAL_UNIT_ASSIGNED_CONTEXT ( ( #12, #1702, #190 ) ) REPRESENTATION_CONTEXT ( 'NONE', 'WORKASPACE' ) );
#416 = DIRECTION ( 'NONE',  ( -0.000000000000000000, 1.000000000000000000, 0.000000000000000000 ) ) ;
#417 = COLOUR_RGB ( '',1.000000000000000000, 1.000000000000000000, 0.000000000000000000 ) ;
#418 =( GEOMETRIC_REPRESENTATION_CONTEXT ( 3 ) GLOBAL_UNCERTAINTY_ASSIGNED_CONTEXT ( ( #641 ) ) GLOBAL_UNIT_ASSIGNED_CONTEXT ( ( #2601, #1176, #2055 ) ) REPRESENTATION_CONTEXT ( 'NONE', 'WORKASPACE' ) );
#419 = DIRECTION ( 'NONE',  ( -2.295113564421621368E-16, -1.000000000000000000, 0.000000000000000000 ) ) ;
#420 =( GEOMETRIC_REPRESENTATION_CONTEXT ( 3 ) GLOBAL_UNCERTAINTY_ASSIGNED_CONTEXT ( ( #2233 ) ) GLOBAL_UNIT_ASSIGNED_CONTEXT ( ( #1727, #897, #624 ) ) REPRESENTATION_CONTEXT ( 'NONE', 'WORKASPACE' ) );
#421 = MECHANICAL_DESIGN_GEOMETRIC_PRESENTATION_REPRESENTATION (  '', ( #227 ), #528 ) ;
#422 = VERTEX_POINT ( 'NONE', #1697 ) ;
#423 = SURFACE_STYLE_FILL_AREA ( #2886 ) ;
#424 =( LENGTH_UNIT ( ) NAMED_UNIT ( * ) SI_UNIT ( .MILLI., .METRE. ) );
#425 = CARTESIAN_POINT ( 'NONE',  ( 1.822686034873934657, -3.084156813231311300, 0.5434494627887840323 ) ) ;
#426 = EDGE_CURVE ( 'NONE', #396, #1033, #317, .T. ) ;
#427 =( NAMED_UNIT ( * ) PLANE_ANGLE_UNIT ( ) SI_UNIT ( $, .RADIAN. ) );
#428 = AXIS2_PLACEMENT_3D ( 'NONE', #1755, #1996, #1720 ) ;
#429 = FACE_OUTER_BOUND ( 'NONE', #2255, .T. ) ;
#430 = DIRECTION ( 'NONE',  ( 0.8762027383027153338, -0.4819426951317171137, 0.000000000000000000 ) ) ;
#431 = VERTEX_POINT ( 'NONE', #1170 ) ;
#432 = CARTESIAN_POINT ( 'NONE',  ( -2.141249202372741411, -2.088686324130675231, -0.5849999999999999645 ) ) ;
#433 = CARTESIAN_POINT ( 'NONE',  ( -0.03631611059674156455, -0.1561239654784074282, 0.7883586399739135331 ) ) ;
#434 = ORIENTED_EDGE ( 'NONE', *, *, #1203, .F. ) ;
#435 = ORIENTED_EDGE ( 'NONE', *, *, #2042, .F. ) ;
#436 = CARTESIAN_POINT ( 'NONE',  ( 2.300521777342313445, -6.881810219515626770, 0.5849999999999999645 ) ) ;
#437 =( NAMED_UNIT ( * ) SI_UNIT ( $, .STERADIAN. ) SOLID_ANGLE_UNIT ( ) );
#438 = CARTESIAN_POINT ( 'NONE',  ( -2.897520667660490101, -3.835652993141784428, -0.3293237396057326904 ) ) ;
#439 = ADVANCED_FACE ( 'NONE', ( #2207 ), #537, .F. ) ;
#440 = CARTESIAN_POINT ( 'NONE',  ( -1.345410345184479661, -3.703723890486079195, -0.1048878883310775112 ) ) ;
#441 = EDGE_CURVE ( 'NONE', #1709, #2218, #2145, .T. ) ;
#442 = CARTESIAN_POINT ( 'NONE',  ( -2.644709026574383337, -4.531694304625332848, -0.5937974425980122595 ) ) ;
#443 = ORIENTED_EDGE ( 'NONE', *, *, #3505, .T. ) ;
#444 = FACE_OUTER_BOUND ( 'NONE', #3430, .T. ) ;
#445 = AXIS2_PLACEMENT_3D ( 'NONE', #540, #1348, #3260 ) ;
#446 = FILL_AREA_STYLE ('',( #735 ) ) ;
#447 = CARTESIAN_POINT ( 'NONE',  ( 1.792674718107587051, -3.121870558683041530, 0.5364186516253167669 ) ) ;
#448 = DIRECTION ( 'NONE',  ( -0.3327229589881900984, -0.7517767364177992961, 0.5693216763334643105 ) ) ;
#449 = SURFACE_STYLE_USAGE ( .BOTH. , #3250 ) ;
#450 = ORIENTED_EDGE ( 'NONE', *, *, #2459, .T. ) ;
#451 = CARTESIAN_POINT ( 'NONE',  ( -0.1967684239063406115, 0.001532643596052290407, 0.5850000000000000755 ) ) ;
#452 = EDGE_LOOP ( 'NONE', ( #2688, #3179, #1933, #41 ) ) ;
#453 = AXIS2_PLACEMENT_3D ( 'NONE', #3135, #1768, #3156 ) ;
#454 = AXIS2_PLACEMENT_3D ( 'NONE', #485, #3227, #3536 ) ;
#455 = CARTESIAN_POINT ( 'NONE',  ( -0.4752111109802562017, -0.1715937061809479913, 0.5849999999999998535 ) ) ;
#456 = AXIS2_PLACEMENT_3D ( 'NONE', #2678, #1554, #2401 ) ;
#457 = SURFACE_STYLE_USAGE ( .BOTH. , #2373 ) ;
#458 = DIRECTION ( 'NONE',  ( 0.4819426951317171137, 0.8762027383027154448, 0.000000000000000000 ) ) ;
#459 = MECHANICAL_DESIGN_GEOMETRIC_PRESENTATION_REPRESENTATION (  '', ( #2736 ), #2117 ) ;
#460 = CARTESIAN_POINT ( 'NONE',  ( -2.912123483950380898, -3.781469440678843608, -0.3300180515469675058 ) ) ;
#461 = EDGE_CURVE ( 'NONE', #2353, #431, #3191, .T. ) ;
#462 =( LENGTH_UNIT ( ) NAMED_UNIT ( * ) SI_UNIT ( .MILLI., .METRE. ) );
#463 = CARTESIAN_POINT ( 'NONE',  ( 0.1659965177406684811, -0.3030923601230376963, -0.6537789337115136323 ) ) ;
#464 = SURFACE_STYLE_USAGE ( .BOTH. , #2673 ) ;
#465 = DIRECTION ( 'NONE',  ( -1.000000000000000000, 0.000000000000000000, 0.000000000000000000 ) ) ;
#466 = CARTESIAN_POINT ( 'NONE',  ( 0.3656744043418208578, 0.6648195265703721324, 1.584999999999999964 ) ) ;
#467 = ORIENTED_EDGE ( 'NONE', *, *, #946, .F. ) ;
#468 = CARTESIAN_POINT ( 'NONE',  ( 0.05958882566351955679, -0.1804923494974234877, -0.7646658546272603330 ) ) ;
#469 = CARTESIAN_POINT ( 'NONE',  ( -0.05958882566314827045, -0.1804923494969011277, 0.7646658546277040891 ) ) ;
#470 = SURFACE_STYLE_USAGE ( .BOTH. , #1541 ) ;
#471 = SURFACE_STYLE_FILL_AREA ( #2936 ) ;
#472 = CARTESIAN_POINT ( 'NONE',  ( -0.06023846188738502666, -0.1814262027726148141, 0.7638783202828011154 ) ) ;
#473 = PRESENTATION_LAYER_ASSIGNMENT (  '', '', ( #3509 ) ) ;
#474 = PRESENTATION_LAYER_ASSIGNMENT (  '', '', ( #1957 ) ) ;
#475 = ORIENTED_EDGE ( 'NONE', *, *, #163, .F. ) ;
#476 =( NAMED_UNIT ( * ) SI_UNIT ( $, .STERADIAN. ) SOLID_ANGLE_UNIT ( ) );
#477 = FACE_OUTER_BOUND ( 'NONE', #241, .T. ) ;
#478 = EDGE_CURVE ( 'NONE', #3176, #1171, #2102, .T. ) ;
#479 = AXIS2_PLACEMENT_3D ( 'NONE', #1713, #2955, #3276 ) ;
#480 = DIRECTION ( 'NONE',  ( 0.8762027383027154448, -0.4819426951317171692, 0.000000000000000000 ) ) ;
#481 = DIRECTION ( 'NONE',  ( -0.000000000000000000, -0.000000000000000000, -1.000000000000000000 ) ) ;
#482 = PRESENTATION_LAYER_ASSIGNMENT (  '', '', ( #227 ) ) ;
#483 = SURFACE_STYLE_FILL_AREA ( #3535 ) ;
#484 = B_SPLINE_CURVE_WITH_KNOTS ( 'NONE', 3,
 ( #3211, #2665, #219, #1296 ),
 .UNSPECIFIED., .F., .F.,
 ( 4, 4 ),
 ( 4.453803817745874550E-17, 0.0006069261940219326714 ),
 .UNSPECIFIED. ) ;
#485 = CARTESIAN_POINT ( 'NONE',  ( -2.899999999999999467, -2.186356007584653760, -0.5849999999999999645 ) ) ;
#486 = CARTESIAN_POINT ( 'NONE',  ( -2.997394853144151661, -1.305461039502533005, -0.5980592162848413773 ) ) ;
#487 = VECTOR ( 'NONE', #1752, 1000.000000000000000 ) ;
#488 = EDGE_CURVE ( 'NONE', #353, #2171, #2375, .T. ) ;
#489 = DIRECTION ( 'NONE',  ( 0.000000000000000000, 0.000000000000000000, -1.000000000000000000 ) ) ;
#490 = VERTEX_POINT ( 'NONE', #172 ) ;
#491 = FILL_AREA_STYLE ('',( #3507 ) ) ;
#492 = CARTESIAN_POINT ( 'NONE',  ( 1.719469891272340512, -3.210399598526186171, 0.5160678792150020788 ) ) ;
#493 = DIRECTION ( 'NONE',  ( -0.1476766079291784162, -0.7978799753404892670, 0.5844477431055680183 ) ) ;
#494 = APPLICATION_CONTEXT ( 'automotive_design' ) ;
#495 = ORIENTED_EDGE ( 'NONE', *, *, #1012, .F. ) ;
#496 = CARTESIAN_POINT ( 'NONE',  ( 2.441816199041544788, -2.802428508002417384, 0.5577854659603153076 ) ) ;
#497 = COLOUR_RGB ( '',1.000000000000000000, 1.000000000000000000, 0.000000000000000000 ) ;
#498 = ADVANCED_FACE ( 'NONE', ( #1481 ), #2631, .F. ) ;
#499 = CARTESIAN_POINT ( 'NONE',  ( -0.06002505815803537564, -0.1811126889441961596, 0.7641407514077362961 ) ) ;
#500 = CARTESIAN_POINT ( 'NONE',  ( 2.851003243758391203, -4.010518115209920076, 0.3343646706251885981 ) ) ;
#501 = FACE_OUTER_BOUND ( 'NONE', #1482, .T. ) ;
#502 = STYLED_ITEM ( 'NONE', ( #1165 ), #3213 ) ;
#503 = MECHANICAL_DESIGN_GEOMETRIC_PRESENTATION_REPRESENTATION (  '', ( #3489 ), #391 ) ;
#504 = PRESENTATION_LAYER_ASSIGNMENT (  '', '', ( #1998 ) ) ;
#505 = CARTESIAN_POINT ( 'NONE',  ( 0.1124099884817667400, 0.1142696240254713752, 0.7883586399738703454 ) ) ;
#506 = ORIENTED_EDGE ( 'NONE', *, *, #1303, .T. ) ;
#507 = CARTESIAN_POINT ( 'NONE',  ( -3.152584572260541229, -2.384640275701900958, 0.04688111438658042196 ) ) ;
#508 = VERTEX_POINT ( 'NONE', #2427 ) ;
#509 =( GEOMETRIC_REPRESENTATION_CONTEXT ( 3 ) GLOBAL_UNCERTAINTY_ASSIGNED_CONTEXT ( ( #2806 ) ) GLOBAL_UNIT_ASSIGNED_CONTEXT ( ( #2253, #332, #58 ) ) REPRESENTATION_CONTEXT ( 'NONE', 'WORKASPACE' ) );
#510 =( NAMED_UNIT ( * ) PLANE_ANGLE_UNIT ( ) SI_UNIT ( $, .RADIAN. ) );
#511 = CARTESIAN_POINT ( 'NONE',  ( -0.2030100606173626809, 0.6175983326567562326, -0.5849999999999999645 ) ) ;
#512 = DIRECTION ( 'NONE',  ( 1.000000000000000000, 0.000000000000000000, 0.000000000000000000 ) ) ;
#513 = DIRECTION ( 'NONE',  ( 0.4568971130026674432, -0.8895195490430931606, 0.000000000000000000 ) ) ;
#514 = CARTESIAN_POINT ( 'NONE',  ( -1.900000000000001021, -10.54099074031410410, -0.5849999999999999645 ) ) ;
#515 = SURFACE_STYLE_FILL_AREA ( #3228 ) ;
#516 = ADVANCED_FACE ( 'NONE', ( #1585 ), #3537, .T. ) ;
#517 = DIRECTION ( 'NONE',  ( -1.000000000000000000, 0.000000000000000000, 0.000000000000000000 ) ) ;
#518 = ORIENTED_EDGE ( 'NONE', *, *, #1899, .T. ) ;
#519 = CARTESIAN_POINT ( 'NONE',  ( 0.08696368823404067305, -0.1465282761330208017, -0.7762197772069182600 ) ) ;
#520 = CARTESIAN_POINT ( 'NONE',  ( 0.1867246832511615107, 0.3001018500632424146, 0.6492281231847185641 ) ) ;
#521 = FILL_AREA_STYLE ('',( #243 ) ) ;
#522 = EDGE_LOOP ( 'NONE', ( #2927, #207, #725, #313, #3255 ) ) ;
#523 = ADVANCED_FACE ( 'NONE', ( #206 ), #2542, .F. ) ;
#524 =( LENGTH_UNIT ( ) NAMED_UNIT ( * ) SI_UNIT ( .MILLI., .METRE. ) );
#525 = CARTESIAN_POINT ( 'NONE',  ( 0.3656744043418211354, -0.6648195265703739087, -0.5849999999999999645 ) ) ;
#526 = CARTESIAN_POINT ( 'NONE',  ( 2.361031921644493270, -3.152590268821867880, 0.4199179993166876068 ) ) ;
#527 = PRESENTATION_STYLE_ASSIGNMENT (( #2991 ) ) ;
#528 =( GEOMETRIC_REPRESENTATION_CONTEXT ( 3 ) GLOBAL_UNCERTAINTY_ASSIGNED_CONTEXT ( ( #1997 ) ) GLOBAL_UNIT_ASSIGNED_CONTEXT ( ( #374, #2550, #1225 ) ) REPRESENTATION_CONTEXT ( 'NONE', 'WORKASPACE' ) );
#529 = FACE_OUTER_BOUND ( 'NONE', #2512, .T. ) ;
#530 = EDGE_CURVE ( 'NONE', #1045, #1851, #484, .T. ) ;
#531 = CARTESIAN_POINT ( 'NONE',  ( 0.2753835000980854875, -0.4808594752826491625, -0.5849999999999999645 ) ) ;
#532 =( NAMED_UNIT ( * ) SI_UNIT ( $, .STERADIAN. ) SOLID_ANGLE_UNIT ( ) );
#533 = SURFACE_STYLE_USAGE ( .BOTH. , #3294 ) ;
#534 = EDGE_CURVE ( 'NONE', #956, #3001, #2843, .T. ) ;
#535 = SURFACE_SIDE_STYLE ('',( #3005 ) ) ;
#536 = CARTESIAN_POINT ( 'NONE',  ( -3.227299254758840164, -1.082089773336212479, -0.5849999999999998535 ) ) ;
#537 =( BOUNDED_SURFACE ( )  B_SPLINE_SURFACE ( 3, 2, ( 
 ( #1662, #2757, #304 ),
 ( #88, #2482, #1150 ),
 ( #107, #2265, #48 ),
 ( #1110, #1717, #2228 ),
 ( #2247, #3322, #2818 ),
 ( #848, #2369, #3431 ),
 ( #721, #451, #939 ),
 ( #1536, #957, #1189 ),
 ( #2858, #3449, #1513 ),
 ( #3123, #687, #973 ) ),
 .UNSPECIFIED., .F., .F., .F. ) 
 B_SPLINE_SURFACE_WITH_KNOTS ( ( 4, 2, 2, 2, 4 ),
 ( 3, 3 ),
 ( 0.0003960509231447665256, 0.0005953282664136122027, 0.0007946056096824578256, 0.0009938829529513035568, 0.001193160296220149071 ),
 ( 0.09012059535778293995, 1.000000000000000000 ),
 .UNSPECIFIED. ) 
 GEOMETRIC_REPRESENTATION_ITEM ( )  RATIONAL_B_SPLINE_SURFACE ( (
 ( 0.9823780614816403078, 0.9022313465174095493, 1.000000000000000000),
 ( 0.9813942446098382621, 0.8967730111175145069, 1.000000000000000000),
 ( 0.9801922732711478847, 0.8901043282602912887, 1.000000000000000000),
 ( 0.9782197057939558960, 0.8791602845078012596, 1.000000000000000000),
 ( 0.9775277759846210390, 0.8753213739536273019, 1.000000000000000000),
 ( 0.9775294315022029501, 0.8753305589660836938, 1.000000000000000000),
 ( 0.9782384722531396459, 0.8792644031008338690, 1.000000000000000000),
 ( 0.9801826218494755771, 0.8900507810015650945, 1.000000000000000000),
 ( 0.9813893450673676355, 0.8967458278612827627, 1.000000000000000000),
 ( 0.9823780614815988965, 0.9022313465171797331, 1.000000000000000000) ) ) 
 REPRESENTATION_ITEM ( '' )  SURFACE ( )  );
#538 = CARTESIAN_POINT ( 'NONE',  ( -2.576237805190916053, -3.167190504404246099, -0.3491669777858640300 ) ) ;
#539 = CARTESIAN_POINT ( 'NONE',  ( 0.2030100606175640754, 0.6175983326560611220, 0.5849999999999999645 ) ) ;
#540 = CARTESIAN_POINT ( 'NONE',  ( -2.900000000000000799, -8.253256860000062645, -0.5849999999999999645 ) ) ;
#541 =( LENGTH_UNIT ( ) NAMED_UNIT ( * ) SI_UNIT ( .MILLI., .METRE. ) );
#542 = CARTESIAN_POINT ( 'NONE',  ( 0.3656744043418205248, 0.6648195265703723544, 0.5849999999999999645 ) ) ;
#543 = CARTESIAN_POINT ( 'NONE',  ( -3.365000000000001101, 4.120936479130844894E-16, -0.5849999999999999645 ) ) ;
#544 = CYLINDRICAL_SURFACE ( 'NONE', #428, 0.2552700000000001634 ) ;
#545 = CARTESIAN_POINT ( 'NONE',  ( 3.358734428053029575, -1.493294499982795953, 0.4981098367989880149 ) ) ;
#546 = COLOUR_RGB ( '',1.000000000000000000, 1.000000000000000000, 0.000000000000000000 ) ;
#547 = SURFACE_STYLE_FILL_AREA ( #3269 ) ;
#548 =( GEOMETRIC_REPRESENTATION_CONTEXT ( 3 ) GLOBAL_UNCERTAINTY_ASSIGNED_CONTEXT ( ( #1174 ) ) GLOBAL_UNIT_ASSIGNED_CONTEXT ( ( #2154, #1339, #3014 ) ) REPRESENTATION_CONTEXT ( 'NONE', 'WORKASPACE' ) );
#549 = ORIENTED_EDGE ( 'NONE', *, *, #674, .T. ) ;
#550 = VECTOR ( 'NONE', #2149, 1000.000000000000114 ) ;
#551 = PRESENTATION_LAYER_ASSIGNMENT (  '', '', ( #1412 ) ) ;
#552 = DIRECTION ( 'NONE',  ( 0.4819426951317172247, -0.8762027383027154448, 0.000000000000000000 ) ) ;
#553 = CARTESIAN_POINT ( 'NONE',  ( 3.276079176500178658, -2.200259165750591439, 0.07615007272692231322 ) ) ;
#554 = EDGE_CURVE ( 'NONE', #1578, #173, #647, .T. ) ;
#555 = AXIS2_PLACEMENT_3D ( 'NONE', #1366, #1676, #1872 ) ;
#556 = EDGE_LOOP ( 'NONE', ( #3511, #1753 ) ) ;
#557 = CARTESIAN_POINT ( 'NONE',  ( -2.644730000000002246, -17.34999999999999787, -0.5849999999999999645 ) ) ;
#558 = CARTESIAN_POINT ( 'NONE',  ( -1.325229131926098702, -3.685541369122922184, -0.1964539700982966264 ) ) ;
#559 = CARTESIAN_POINT ( 'NONE',  ( -0.07848568421192982092, -0.1357290023327474282, 0.7862996510153349439 ) ) ;
#560 = ORIENTED_EDGE ( 'NONE', *, *, #861, .T. ) ;
#561 = FILL_AREA_STYLE_COLOUR ( '', #1966 ) ;
#562 = UNCERTAINTY_MEASURE_WITH_UNIT (LENGTH_MEASURE( 1.000000000000000082E-05 ), #2838, 'distance_accuracy_value', 'NONE');
#563 = CARTESIAN_POINT ( 'NONE',  ( -2.652168288002806129, -4.628400276723097839, -0.5238263502107298741 ) ) ;
#564 = CARTESIAN_POINT ( 'NONE',  ( 3.356601230658652568, -1.485497496286728669, 0.5015436329003720717 ) ) ;
#565 = DIRECTION ( 'NONE',  ( 0.000000000000000000, 0.000000000000000000, 1.000000000000000000 ) ) ;
#566 = CARTESIAN_POINT ( 'NONE',  ( 3.178543121579873176, -2.346641733661986695, -0.02066367782372898962 ) ) ;
#567 = ORIENTED_EDGE ( 'NONE', *, *, #2620, .T. ) ;
#568 =( NAMED_UNIT ( * ) SI_UNIT ( $, .STERADIAN. ) SOLID_ANGLE_UNIT ( ) );
#569 = CARTESIAN_POINT ( 'NONE',  ( -1.484845980057126758, -3.473649180422965888, -0.4237924065471789237 ) ) ;
#570 = ADVANCED_FACE ( 'NONE', ( #3302 ), #1712, .T. ) ;
#571 = CARTESIAN_POINT ( 'NONE',  ( 2.718135764988830694, -3.424523591873854134, 0.7641848205563558372 ) ) ;
#572 = COLOUR_RGB ( '',0.7529411764705882248, 0.7529411764705882248, 0.7529411764705882248 ) ;
#573 = CIRCLE ( 'NONE', #1792, 3.365000000000001101 ) ;
#574 = CARTESIAN_POINT ( 'NONE',  ( -0.4675470967659522414, -0.2559989605451226669, 0.5849999999999999645 ) ) ;
#575 = CARTESIAN_POINT ( 'NONE',  ( -0.3656744043418213019, -0.6648195265703737977, 0.5849999999999999645 ) ) ;
#576 = SHAPE_DEFINITION_REPRESENTATION ( #1349, #3019 ) ;
#577 = PRESENTATION_STYLE_ASSIGNMENT (( #1462 ) ) ;
#578 = CIRCLE ( 'NONE', #1032, 0.2552700000000001634 ) ;
#579 = VERTEX_POINT ( 'NONE', #297 ) ;
#580 = AXIS2_PLACEMENT_3D ( 'NONE', #1083, #3296, #552 ) ;
#581 = PRESENTATION_LAYER_ASSIGNMENT (  '', '', ( #1333 ) ) ;
#582 = CARTESIAN_POINT ( 'NONE',  ( 3.374888443978426356, -1.554318625171213553, 0.4708272619042068174 ) ) ;
#583 = UNCERTAINTY_MEASURE_WITH_UNIT (LENGTH_MEASURE( 1.000000000000000082E-05 ), #2638, 'distance_accuracy_value', 'NONE');
#584 = PRESENTATION_LAYER_ASSIGNMENT (  '', '', ( #93 ) ) ;
#585 = SURFACE_SIDE_STYLE ('',( #1613 ) ) ;
#586 = CARTESIAN_POINT ( 'NONE',  ( 1.822686034873934657, -3.084156813231311300, 0.5434494627887840323 ) ) ;
#587 =( GEOMETRIC_REPRESENTATION_CONTEXT ( 3 ) GLOBAL_UNCERTAINTY_ASSIGNED_CONTEXT ( ( #1621 ) ) GLOBAL_UNIT_ASSIGNED_CONTEXT ( ( #2683, #1822, #3037 ) ) REPRESENTATION_CONTEXT ( 'NONE', 'WORKASPACE' ) );
#588 = CARTESIAN_POINT ( 'NONE',  ( -3.144147063780920348, -2.754017591200150772, -0.5079746936833713367 ) ) ;
#589 = CARTESIAN_POINT ( 'NONE',  ( -0.3124321060651735760, 0.5778754752005809125, -0.5850000000000000755 ) ) ;
#590 = ORIENTED_EDGE ( 'NONE', *, *, #2236, .T. ) ;
#591 = CARTESIAN_POINT ( 'NONE',  ( 2.599181437919731330, -3.166547766238689832, 0.3543795038919909657 ) ) ;
#592 = CARTESIAN_POINT ( 'NONE',  ( -3.138913334342506190, -2.116335189554976015, -0.6786627091745043305 ) ) ;
#593 = CARTESIAN_POINT ( 'NONE',  ( 0.003571883682212226904, 0.04907273570155773479, -0.7977119627224390497 ) ) ;
#594 =( NAMED_UNIT ( * ) PLANE_ANGLE_UNIT ( ) SI_UNIT ( $, .RADIAN. ) );
#595 = CARTESIAN_POINT ( 'NONE',  ( -0.1124099884837291424, 0.1142696240243912670, -0.7883586399738707895 ) ) ;
#596 = EDGE_LOOP ( 'NONE', ( #2987, #1140, #2463, #2575, #1051, #3132 ) ) ;
#597 = B_SPLINE_CURVE_WITH_KNOTS ( 'NONE', 3,
 ( #1378, #3268, #1937, #797, #2449, #1080 ),
 .UNSPECIFIED., .F., .F.,
 ( 4, 2, 4 ),
 ( 1.355252715606880543E-20, 0.0001676041591625060541, 0.0003352083183250121083 ),
 .UNSPECIFIED. ) ;
#598 = EDGE_CURVE ( 'NONE', #1361, #3450, #1098, .T. ) ;
#599 = CARTESIAN_POINT ( 'NONE',  ( 3.209222125041140572, -1.011987328056252800, 0.5849999999999999645 ) ) ;
#600 = CARTESIAN_POINT ( 'NONE',  ( -2.538785111599111133, -3.303469509971455498, -0.3308075351078409998 ) ) ;
#601 = CARTESIAN_POINT ( 'NONE',  ( 0.3656744043418211354, -0.6648195265703739087, -0.5849999999999999645 ) ) ;
#602 =( LENGTH_UNIT ( ) NAMED_UNIT ( * ) SI_UNIT ( .MILLI., .METRE. ) );
#603 = CARTESIAN_POINT ( 'NONE',  ( -2.900000000000002576, -17.34999999999999787, -0.5849999999999999645 ) ) ;
#604 = FILL_AREA_STYLE_COLOUR ( '', #1964 ) ;
#605 = MECHANICAL_DESIGN_GEOMETRIC_PRESENTATION_REPRESENTATION (  '', ( #2159 ), #1638 ) ;
#606 = CARTESIAN_POINT ( 'NONE',  ( 3.046009784560566036, -2.501366641204247898, -0.1064682622104295429 ) ) ;
#607 = CIRCLE ( 'NONE', #895, 1.752013139999937241 ) ;
#608 = PRESENTATION_LAYER_ASSIGNMENT (  '', '', ( #1247 ) ) ;
#609 = ORIENTED_EDGE ( 'NONE', *, *, #1050, .F. ) ;
#610 = FACE_OUTER_BOUND ( 'NONE', #37, .T. ) ;
#611 = PRESENTATION_STYLE_ASSIGNMENT (( #2257 ) ) ;
#612 = SURFACE_SIDE_STYLE ('',( #1126 ) ) ;
#613 =( GEOMETRIC_REPRESENTATION_CONTEXT ( 3 ) GLOBAL_UNCERTAINTY_ASSIGNED_CONTEXT ( ( #3364 ) ) GLOBAL_UNIT_ASSIGNED_CONTEXT ( ( #1894, #3086, #3359 ) ) REPRESENTATION_CONTEXT ( 'NONE', 'WORKASPACE' ) );
#614 = CARTESIAN_POINT ( 'NONE',  ( -0.3060490048782886219, 0.5670592671089347281, -0.5850132592279442267 ) ) ;
#615 =( LENGTH_UNIT ( ) NAMED_UNIT ( * ) SI_UNIT ( .MILLI., .METRE. ) );
#616 = APPLICATION_PROTOCOL_DEFINITION ( 'draft international standard', 'automotive_design', 1998, #494 ) ;
#617 =( NAMED_UNIT ( * ) SI_UNIT ( $, .STERADIAN. ) SOLID_ANGLE_UNIT ( ) );
#618 = VERTEX_POINT ( 'NONE', #3373 ) ;
#619 = CARTESIAN_POINT ( 'NONE',  ( -0.3656744043418210244, -0.6648195265703737977, 0.5849999999999999645 ) ) ;
#620 = EDGE_CURVE ( 'NONE', #996, #2832, #25, .T. ) ;
#621 = UNCERTAINTY_MEASURE_WITH_UNIT (LENGTH_MEASURE( 1.000000000000000082E-05 ), #2929, 'distance_accuracy_value', 'NONE');
#622 = CARTESIAN_POINT ( 'NONE',  ( -3.214554322906101547, -2.297598660193094222, -0.01062889125536389812 ) ) ;
#623 = CARTESIAN_POINT ( 'NONE',  ( 0.2763514600421307921, 0.4817777407027000192, 0.5849999999999999645 ) ) ;
#624 =( NAMED_UNIT ( * ) SI_UNIT ( $, .STERADIAN. ) SOLID_ANGLE_UNIT ( ) );
#625 = ORIENTED_EDGE ( 'NONE', *, *, #2600, .T. ) ;
#626 = CARTESIAN_POINT ( 'NONE',  ( -0.1185775490538025639, 0.1416218169789534298, -0.7686190704622606340 ) ) ;
#627 = SURFACE_STYLE_USAGE ( .BOTH. , #3353 ) ;
#628 =( NAMED_UNIT ( * ) PLANE_ANGLE_UNIT ( ) SI_UNIT ( $, .RADIAN. ) );
#629 = B_SPLINE_CURVE_WITH_KNOTS ( 'NONE', 3,
 ( #2177, #805, #539, #2776 ),
 .UNSPECIFIED., .F., .F.,
 ( 4, 4 ),
 ( 0.000000000000000000, 0.0005081395171263750413 ),
 .UNSPECIFIED. ) ;
#630 = CARTESIAN_POINT ( 'NONE',  ( -1.900000000000001021, -10.54099074031410410, -0.5849999999999999645 ) ) ;
#631 = EDGE_CURVE ( 'NONE', #1840, #2494, #1106, .T. ) ;
#632 = CARTESIAN_POINT ( 'NONE',  ( -2.766712579027903907, -4.326783274225604714, -0.3662690055561671487 ) ) ;
#633 = ORIENTED_EDGE ( 'NONE', *, *, #220, .F. ) ;
#634 = CARTESIAN_POINT ( 'NONE',  ( -0.1141722695249217240, 0.1256636195452810467, -0.7801392681959068431 ) ) ;
#635 = MECHANICAL_DESIGN_GEOMETRIC_PRESENTATION_REPRESENTATION (  '', ( #1436 ), #800 ) ;
#636 = MECHANICAL_DESIGN_GEOMETRIC_PRESENTATION_REPRESENTATION (  '', ( #3051 ), #2697 ) ;
#637 = ORIENTED_EDGE ( 'NONE', *, *, #1521, .T. ) ;
#638 = ORIENTED_EDGE ( 'NONE', *, *, #3396, .T. ) ;
#639 = SURFACE_STYLE_FILL_AREA ( #273 ) ;
#640 = CARTESIAN_POINT ( 'NONE',  ( 0.000000000000000000, 0.000000000000000000, -0.5849999999999999645 ) ) ;
#641 = UNCERTAINTY_MEASURE_WITH_UNIT (LENGTH_MEASURE( 1.000000000000000082E-05 ), #2601, 'distance_accuracy_value', 'NONE');
#642 = CARTESIAN_POINT ( 'NONE',  ( -2.587099248782990468, -3.295839594801684314, -0.3980597680346842915 ) ) ;
#643 = STYLED_ITEM ( 'NONE', ( #3549 ), #2876 ) ;
#644 = CARTESIAN_POINT ( 'NONE',  ( -2.879716071336316130, -2.666086915695614845, 0.1750390411498190801 ) ) ;
#645 = DIRECTION ( 'NONE',  ( 1.000000000000000000, 0.000000000000000000, 0.000000000000000000 ) ) ;
#646 = EDGE_CURVE ( 'NONE', #2879, #407, #314, .T. ) ;
#647 = B_SPLINE_CURVE_WITH_KNOTS ( 'NONE', 3,
 ( #2497, #354, #571, #1635, #3339, #1986, #23, #1439, #1678, #282, #2278, #1693, #2778, #3083 ),
 .UNSPECIFIED., .F., .F.,
 ( 4, 2, 2, 2, 2, 2, 4 ),
 ( 0.01749554088556113871, 0.3418748799826459850, 0.6662542190797309249, 0.9906335581768157539, 1.152823227725358057, 1.233918062499629320, 1.260485046477987092 ),
 .UNSPECIFIED. ) ;
#648 = CARTESIAN_POINT ( 'NONE',  ( -0.05962943834366989798, 0.1638812289803688871, -0.7489717935924014025 ) ) ;
#649 = EDGE_LOOP ( 'NONE', ( #308, #1493, #798, #858, #3240, #1971 ) ) ;
#650 = DIRECTION ( 'NONE',  ( 0.000000000000000000, 0.000000000000000000, 1.000000000000000000 ) ) ;
#651 = SURFACE_STYLE_FILL_AREA ( #2345 ) ;
#652 =( NAMED_UNIT ( * ) SI_UNIT ( $, .STERADIAN. ) SOLID_ANGLE_UNIT ( ) );
#653 = CARTESIAN_POINT ( 'NONE',  ( -0.4127022781254828798, -0.5028032193584909271, 0.5849999999999999645 ) ) ;
#654 = CARTESIAN_POINT ( 'NONE',  ( -0.3656744043418210799, 0.6648195265703720214, -0.5849999999999999645 ) ) ;
#655 = ORIENTED_EDGE ( 'NONE', *, *, #1743, .T. ) ;
#656 = ORIENTED_EDGE ( 'NONE', *, *, #2682, .T. ) ;
#657 = PLANE ( 'NONE',  #2801 ) ;
#658 =( LENGTH_UNIT ( ) NAMED_UNIT ( * ) SI_UNIT ( .MILLI., .METRE. ) );
#659 = CARTESIAN_POINT ( 'NONE',  ( -2.804470819238485291, -4.186574086231705571, -0.3473385598318176615 ) ) ;
#660 = FACE_OUTER_BOUND ( 'NONE', #1927, .T. ) ;
#661 = SURFACE_STYLE_USAGE ( .BOTH. , #1137 ) ;
#662 = CARTESIAN_POINT ( 'NONE',  ( 2.736482584965939768, -3.093477638050954326, 0.7819401349449720540 ) ) ;
#663 = ORIENTED_EDGE ( 'NONE', *, *, #2386, .T. ) ;
#664 = PRESENTATION_STYLE_ASSIGNMENT (( #2060 ) ) ;
#665 = CARTESIAN_POINT ( 'NONE',  ( 0.2476221427482961090, -0.1509286804114449432, -0.5849999999999999645 ) ) ;
#666 = EDGE_CURVE ( 'NONE', #3, #1751, #3397, .T. ) ;
#667 = CARTESIAN_POINT ( 'NONE',  ( 0.05964313501536587514, 0.2364972946043817081, -0.5849999999999998535 ) ) ;
#668 = ORIENTED_EDGE ( 'NONE', *, *, #441, .T. ) ;
#669 = COLOUR_RGB ( '',1.000000000000000000, 1.000000000000000000, 0.000000000000000000 ) ;
#670 = CARTESIAN_POINT ( 'NONE',  ( 0.05543846312625674150, -0.1751671354125998170, -0.7693535851090795852 ) ) ;
#671 = DIRECTION ( 'NONE',  ( -0.000000000000000000, -0.000000000000000000, -1.000000000000000000 ) ) ;
#672 = DIRECTION ( 'NONE',  ( 0.000000000000000000, -0.7077914245980075902, 0.7064214742386608625 ) ) ;
#673 = CIRCLE ( 'NONE', #961, 1.752013139999937241 ) ;
#674 = EDGE_CURVE ( 'NONE', #2135, #956, #2097, .T. ) ;
#675 =( BOUNDED_SURFACE ( )  B_SPLINE_SURFACE ( 3, 2, ( 
 ( #1447, #1973, #619 ),
 ( #3071, #1082, #3272 ),
 ( #2195, #109, #261 ),
 ( #345, #799, #2522 ) ),
 .UNSPECIFIED., .F., .F., .T. ) 
 B_SPLINE_SURFACE_WITH_KNOTS ( ( 4, 4 ),
 ( 3, 3 ),
 ( -8.373791120052249395E-06, 0.0006586426660271740320 ),
 ( 0.000000000000000000, 1.000000000000000000 ),
 .UNSPECIFIED. ) 
 GEOMETRIC_REPRESENTATION_ITEM ( )  RATIONAL_B_SPLINE_SURFACE ( (
 ( 1.000000000000000000, 1.000000000000000000, 1.000000000000000000),
 ( 1.000000000000000000, 0.9986165925801304688, 1.000000000000000000),
 ( 1.000000000000000000, 0.9901553421474709182, 1.000000000000000000),
 ( 1.000000000000000000, 0.9455639616313514795, 1.000000000000000000) ) ) 
 REPRESENTATION_ITEM ( '' )  SURFACE ( )  );
#676 = CARTESIAN_POINT ( 'NONE',  ( -2.400846740658108658, -3.067535703225945376, 0.2468639209236014320 ) ) ;
#677 = DIRECTION ( 'NONE',  ( 0.7444045664726485212, -0.6677288681902769918, 0.000000000000000000 ) ) ;
#678 = VERTEX_POINT ( 'NONE', #149 ) ;
#679 = CARTESIAN_POINT ( 'NONE',  ( 0.06799569920077959406, 0.1277984758075944305, 0.7956055639141289548 ) ) ;
#680 = CYLINDRICAL_SURFACE ( 'NONE', #2727, 0.2552700000000001634 ) ;
#681 = CARTESIAN_POINT ( 'NONE',  ( -2.141249202372701887, -2.595819110288350551, -0.5850000000000024070 ) ) ;
#682 = DIRECTION ( 'NONE',  ( 0.8762027383027154448, -0.4819426951317171692, 0.000000000000000000 ) ) ;
#683 = CARTESIAN_POINT ( 'NONE',  ( 0.2487548722675409774, -0.1510315319920825239, -0.5850000000000000755 ) ) ;
#684 = ADVANCED_FACE ( 'NONE', ( #2911 ), #3408, .F. ) ;
#685 = CARTESIAN_POINT ( 'NONE',  ( -0.07436304954020780955, -0.1351967947514242374, 0.7883586399738703454 ) ) ;
#686 = EDGE_LOOP ( 'NONE', ( #637, #3109, #171, #2146 ) ) ;
#687 = CARTESIAN_POINT ( 'NONE',  ( -0.2487548722670027690, -0.1510315319908099863, 0.5849999999999999645 ) ) ;
#688 = ORIENTED_EDGE ( 'NONE', *, *, #991, .F. ) ;
#689 = EDGE_CURVE ( 'NONE', #2319, #3335, #3455, .T. ) ;
#690 = DIRECTION ( 'NONE',  ( -0.8762027383027153338, 0.4819426951317174468, 0.000000000000000000 ) ) ;
#691 = CARTESIAN_POINT ( 'NONE',  ( 2.300521777342310337, -9.624703500484500296, 0.5849999999999999645 ) ) ;
#692 = CARTESIAN_POINT ( 'NONE',  ( -2.849557604608564887, -4.015978865347502591, -0.3346516814096481829 ) ) ;
#693 = VECTOR ( 'NONE', #696, 1000.000000000000000 ) ;
#694 = AXIS2_PLACEMENT_3D ( 'NONE', #1881, #238, #794 ) ;
#695 = SURFACE_STYLE_FILL_AREA ( #979 ) ;
#696 = DIRECTION ( 'NONE',  ( -1.910766393997566042E-16, -1.000000000000000000, 0.000000000000000000 ) ) ;
#697 = PRODUCT_RELATED_PRODUCT_CATEGORY ( 'part', '', ( #24 ) ) ;
#698 = ORIENTED_EDGE ( 'NONE', *, *, #1050, .T. ) ;
#699 = SURFACE_STYLE_FILL_AREA ( #1855 ) ;
#700 = DIRECTION ( 'NONE',  ( -2.295113564421621368E-16, -1.000000000000000000, 0.000000000000000000 ) ) ;
#701 = SURFACE_SIDE_STYLE ('',( #3427 ) ) ;
#702 = FILL_AREA_STYLE_COLOUR ( '', #1410 ) ;
#703 = SURFACE_STYLE_FILL_AREA ( #1261 ) ;
#704 = ORIENTED_EDGE ( 'NONE', *, *, #674, .F. ) ;
#705 = COLOUR_RGB ( '',1.000000000000000000, 1.000000000000000000, 0.000000000000000000 ) ;
#706 = CARTESIAN_POINT ( 'NONE',  ( 0.05828476020659438539, -0.1786558926733962938, -0.7662257615998406823 ) ) ;
#707 = CARTESIAN_POINT ( 'NONE',  ( 0.07538818081432094309, 0.02280665923763168859, 0.8402438107662545397 ) ) ;
#708 = CARTESIAN_POINT ( 'NONE',  ( 2.900000000000004352, -10.54099074031410410, 0.5849999999999999645 ) ) ;
#709 =( NAMED_UNIT ( * ) PLANE_ANGLE_UNIT ( ) SI_UNIT ( $, .RADIAN. ) );
#710 = ADVANCED_FACE ( 'NONE', ( #1204 ), #1155, .F. ) ;
#711 = CARTESIAN_POINT ( 'NONE',  ( -3.155270000000001129, -10.54099074031410410, -0.5849999999999999645 ) ) ;
#712 = VERTEX_POINT ( 'NONE', #746 ) ;
#713 = COLOUR_RGB ( '',0.7529411764705882248, 0.7529411764705882248, 0.7529411764705882248 ) ;
#714 = DIRECTION ( 'NONE',  ( 0.000000000000000000, 0.000000000000000000, 1.000000000000000000 ) ) ;
#715 = CARTESIAN_POINT ( 'NONE',  ( 0.1878197110872148190, -0.3002276078729519404, -0.6435606788224197405 ) ) ;
#716 = CARTESIAN_POINT ( 'NONE',  ( 2.354391545691936205, -3.178579629654451733, 0.3689539104374140455 ) ) ;
#717 = SURFACE_SIDE_STYLE ('',( #1001 ) ) ;
#718 = ORIENTED_EDGE ( 'NONE', *, *, #2122, .F. ) ;
#719 = PRESENTATION_STYLE_ASSIGNMENT (( #449 ) ) ;
#720 = CARTESIAN_POINT ( 'NONE',  ( 0.04431285072423589433, 0.5631152254408505753, 0.5849999999999999645 ) ) ;
#721 = CARTESIAN_POINT ( 'NONE',  ( -0.05572517233579546425, -0.05049444814675778381, 0.7947256291038823361 ) ) ;
#722 = AXIS2_PLACEMENT_3D ( 'NONE', #1729, #2295, #3166 ) ;
#723 = DIRECTION ( 'NONE',  ( 1.000000000000000000, 0.000000000000000000, 0.000000000000000000 ) ) ;
#724 = COLOUR_RGB ( '',0.7529411764705882248, 0.7529411764705882248, 0.7529411764705882248 ) ;
#725 = ORIENTED_EDGE ( 'NONE', *, *, #78, .T. ) ;
#726 = VECTOR ( 'NONE', #1423, 1000.000000000000114 ) ;
#727 = CARTESIAN_POINT ( 'NONE',  ( -3.155269999999999353, -2.478076934775767626, -0.5849999999999999645 ) ) ;
#728 = FILL_AREA_STYLE ('',( #399 ) ) ;
#729 =( GEOMETRIC_REPRESENTATION_CONTEXT ( 3 ) GLOBAL_UNCERTAINTY_ASSIGNED_CONTEXT ( ( #831 ) ) GLOBAL_UNIT_ASSIGNED_CONTEXT ( ( #3315, #510, #568 ) ) REPRESENTATION_CONTEXT ( 'NONE', 'WORKASPACE' ) );
#730 = COLOUR_RGB ( '',0.7529411764705882248, 0.7529411764705882248, 0.7529411764705882248 ) ;
#731 = EDGE_CURVE ( 'NONE', #2689, #319, #1381, .T. ) ;
#732 = FACE_OUTER_BOUND ( 'NONE', #1793, .T. ) ;
#733 = CARTESIAN_POINT ( 'NONE',  ( -3.145945581714265415, -2.186356007584643546, -0.6533633215640257674 ) ) ;
#734 = SURFACE_SIDE_STYLE ('',( #699 ) ) ;
#735 = FILL_AREA_STYLE_COLOUR ( '', #3248 ) ;
#736 = CARTESIAN_POINT ( 'NONE',  ( 2.406127514011555224, -3.169626716431995117, 0.3241544713221243268 ) ) ;
#737 =( NAMED_UNIT ( * ) PLANE_ANGLE_UNIT ( ) SI_UNIT ( $, .RADIAN. ) );
#738 = ORIENTED_EDGE ( 'NONE', *, *, #940, .T. ) ;
#739 = SURFACE_SIDE_STYLE ('',( #703 ) ) ;
#740 =( LENGTH_UNIT ( ) NAMED_UNIT ( * ) SI_UNIT ( .MILLI., .METRE. ) );
#741 = CARTESIAN_POINT ( 'NONE',  ( -3.377790707671635140, -1.553795945978315274, -0.4769010545317015626 ) ) ;
#742 =( NAMED_UNIT ( * ) PLANE_ANGLE_UNIT ( ) SI_UNIT ( $, .RADIAN. ) );
#743 = SURFACE_STYLE_FILL_AREA ( #2110 ) ;
#744 = AXIS2_PLACEMENT_3D ( 'NONE', #2019, #416, #2270 ) ;
#745 =( LENGTH_UNIT ( ) NAMED_UNIT ( * ) SI_UNIT ( .MILLI., .METRE. ) );
#746 = CARTESIAN_POINT ( 'NONE',  ( -0.02911014800967115165, 0.1172739142811487639, -0.7714120866427144341 ) ) ;
#747 = CIRCLE ( 'NONE', #3224, 0.2552700000000001634 ) ;
#748 = ADVANCED_FACE ( 'NONE', ( #477 ), #3190, .T. ) ;
#749 = CARTESIAN_POINT ( 'NONE',  ( -0.1095367066386273847, 0.4932258203893072901, 0.5849999999999999645 ) ) ;
#750 =( NAMED_UNIT ( * ) PLANE_ANGLE_UNIT ( ) SI_UNIT ( $, .RADIAN. ) );
#751 = AXIS2_PLACEMENT_3D ( 'NONE', #2821, #1173, #361 ) ;
#752 = PRESENTATION_STYLE_ASSIGNMENT (( #1315 ) ) ;
#753 = MECHANICAL_DESIGN_GEOMETRIC_PRESENTATION_REPRESENTATION (  '', ( #2142 ), #1795 ) ;
#754 = CARTESIAN_POINT ( 'NONE',  ( -0.4460226806339048777, 0.09382081444747598920, 0.5850000000000000755 ) ) ;
#755 = SURFACE_STYLE_FILL_AREA ( #1637 ) ;
#756 = SURFACE_STYLE_USAGE ( .BOTH. , #2698 ) ;
#757 = MECHANICAL_DESIGN_GEOMETRIC_PRESENTATION_REPRESENTATION (  '', ( #157 ), #1226 ) ;
#758 = ORIENTED_EDGE ( 'NONE', *, *, #554, .T. ) ;
#759 = SURFACE_SIDE_STYLE ('',( #2909 ) ) ;
#760 = CARTESIAN_POINT ( 'NONE',  ( 3.155270000000001129, -10.54099074031410410, 0.5849999999999999645 ) ) ;
#761 = CARTESIAN_POINT ( 'NONE',  ( 0.3382570479878854175, -0.4797444569464404673, -0.5849999999999840883 ) ) ;
#762 = CARTESIAN_POINT ( 'NONE',  ( -3.247091287686586725, -1.151228674145606812, -0.5813024422400043800 ) ) ;
#763 = VERTEX_POINT ( 'NONE', #1548 ) ;
#764 = SURFACE_SIDE_STYLE ('',( #295 ) ) ;
#765 = EDGE_CURVE ( 'NONE', #2308, #3, #2687, .T. ) ;
#766 = SURFACE_STYLE_FILL_AREA ( #2650 ) ;
#767 =( GEOMETRIC_REPRESENTATION_CONTEXT ( 3 ) GLOBAL_UNCERTAINTY_ASSIGNED_CONTEXT ( ( #2203 ) ) GLOBAL_UNIT_ASSIGNED_CONTEXT ( ( #2935, #709, #1232 ) ) REPRESENTATION_CONTEXT ( 'NONE', 'WORKASPACE' ) );
#768 = CARTESIAN_POINT ( 'NONE',  ( -0.3656744043418210799, -0.6648195265703737977, 0.5849999999999999645 ) ) ;
#769 = CARTESIAN_POINT ( 'NONE',  ( -2.745701469715430942, -2.595819110288331899, -0.7883586399738702344 ) ) ;
#770 = PRESENTATION_STYLE_ASSIGNMENT (( #1592 ) ) ;
#771 = TOROIDAL_SURFACE ( 'NONE', #1469, 3.365000000000001101, 0.5849999999999999645 ) ;
#772 = CARTESIAN_POINT ( 'NONE',  ( -3.199215394008038338, -1.979503901837631918, -0.4617185232616136670 ) ) ;
#773 = FILL_AREA_STYLE_COLOUR ( '', #2809 ) ;
#774 = CARTESIAN_POINT ( 'NONE',  ( 2.747617099473532498, -0.6453337427115612979, 0.5849999999999999645 ) ) ;
#775 = CIRCLE ( 'NONE', #178, 0.09999999999999996392 ) ;
#776 = FILL_AREA_STYLE_COLOUR ( '', #572 ) ;
#777 = ADVANCED_FACE ( 'NONE', ( #2143 ), #3236, .F. ) ;
#778 = CARTESIAN_POINT ( 'NONE',  ( 0.03435789696708008156, 0.2677338194907830649, -0.5849999999999867528 ) ) ;
#779 = SURFACE_STYLE_USAGE ( .BOTH. , #1172 ) ;
#780 = SURFACE_STYLE_FILL_AREA ( #2953 ) ;
#781 = CARTESIAN_POINT ( 'NONE',  ( 0.08327885300160524362, 0.06130735084357648301, 0.7086945039712573280 ) ) ;
#782 = EDGE_LOOP ( 'NONE', ( #854, #435, #1643, #3440 ) ) ;
#783 = VERTEX_POINT ( 'NONE', #1955 ) ;
#784 =( GEOMETRIC_REPRESENTATION_CONTEXT ( 3 ) GLOBAL_UNCERTAINTY_ASSIGNED_CONTEXT ( ( #1721 ) ) GLOBAL_UNIT_ASSIGNED_CONTEXT ( ( #1617, #737, #2939 ) ) REPRESENTATION_CONTEXT ( 'NONE', 'WORKASPACE' ) );
#785 = STYLED_ITEM ( 'NONE', ( #3546 ), #1285 ) ;
#786 = SURFACE_SIDE_STYLE ('',( #483 ) ) ;
#787 = EDGE_CURVE ( 'NONE', #996, #385, #3154, .T. ) ;
#788 = CARTESIAN_POINT ( 'NONE',  ( -2.736520063636971312, -3.092447739559280429, -0.7819640922725189514 ) ) ;
#789 =( NAMED_UNIT ( * ) SI_UNIT ( $, .STERADIAN. ) SOLID_ANGLE_UNIT ( ) );
#790 = CARTESIAN_POINT ( 'NONE',  ( 2.759265097016496693, -1.415597556404035062, 0.7883586399738705675 ) ) ;
#791 = DIRECTION ( 'NONE',  ( 2.918104752557635616E-16, -1.000000000000000000, -8.673617379884035472E-16 ) ) ;
#792 = ADVANCED_FACE ( 'NONE', ( #292 ), #2403, .F. ) ;
#793 = DIRECTION ( 'NONE',  ( -2.295113564421621368E-16, 1.000000000000000000, -0.000000000000000000 ) ) ;
#794 = DIRECTION ( 'NONE',  ( 1.000000000000000000, 0.000000000000000000, 0.000000000000000000 ) ) ;
#795 = CARTESIAN_POINT ( 'NONE',  ( 3.247173559732251302, -1.151530143865708844, 0.5813034945532356002 ) ) ;
#796 =( GEOMETRIC_REPRESENTATION_CONTEXT ( 3 ) GLOBAL_UNCERTAINTY_ASSIGNED_CONTEXT ( ( #2989 ) ) GLOBAL_UNIT_ASSIGNED_CONTEXT ( ( #1125, #841, #804 ) ) REPRESENTATION_CONTEXT ( 'NONE', 'WORKASPACE' ) );
#797 = CARTESIAN_POINT ( 'NONE',  ( 0.02140372441913683532, -0.07536265917949942772, 0.8402997260682504299 ) ) ;
#798 = ORIENTED_EDGE ( 'NONE', *, *, #1271, .T. ) ;
#799 = CARTESIAN_POINT ( 'NONE',  ( -0.08935520868044953546, -0.1631280293794841463, 0.7652687124124259999 ) ) ;
#800 =( GEOMETRIC_REPRESENTATION_CONTEXT ( 3 ) GLOBAL_UNCERTAINTY_ASSIGNED_CONTEXT ( ( #2846 ) ) GLOBAL_UNIT_ASSIGNED_CONTEXT ( ( #935, #628, #652 ) ) REPRESENTATION_CONTEXT ( 'NONE', 'WORKASPACE' ) );
#801 = CARTESIAN_POINT ( 'NONE',  ( 3.156919652945828325, -2.222204840759073541, 0.3753655290336471162 ) ) ;
#802 = FILL_AREA_STYLE_COLOUR ( '', #2313 ) ;
#803 = ORIENTED_EDGE ( 'NONE', *, *, #186, .F. ) ;
#804 =( NAMED_UNIT ( * ) SI_UNIT ( $, .STERADIAN. ) SOLID_ANGLE_UNIT ( ) );
#805 = CARTESIAN_POINT ( 'NONE',  ( 0.04114779196954349710, 0.5706241332902333152, 0.5849999999999999645 ) ) ;
#806 =( GEOMETRIC_REPRESENTATION_CONTEXT ( 3 ) GLOBAL_UNCERTAINTY_ASSIGNED_CONTEXT ( ( #562 ) ) GLOBAL_UNIT_ASSIGNED_CONTEXT ( ( #2838, #2781, #3085 ) ) REPRESENTATION_CONTEXT ( 'NONE', 'WORKASPACE' ) );
#807 =( BOUNDED_SURFACE ( )  B_SPLINE_SURFACE ( 3, 2, ( 
 ( #1443, #2538, #106 ),
 ( #1149, #3009, #303 ),
 ( #28, #2226, #2737 ),
 ( #1373, #3304, #1989 ) ),
 .UNSPECIFIED., .F., .F., .F. ) 
 B_SPLINE_SURFACE_WITH_KNOTS ( ( 4, 4 ),
 ( 3, 3 ),
 ( -8.373791120045010651E-06, 0.0006647586430585945404 ),
 ( 0.000000000000000000, 1.000000000000000000 ),
 .UNSPECIFIED. ) 
 GEOMETRIC_REPRESENTATION_ITEM ( )  RATIONAL_B_SPLINE_SURFACE ( (
 ( 1.000000000000000000, 1.000000000000000000, 1.000000000000000000),
 ( 1.000000000000000000, 0.9986217301653841361, 1.000000000000000000),
 ( 1.000000000000000000, 0.9899734337661828532, 1.000000000000000000),
 ( 1.000000000000000000, 0.9455639616313684659, 1.000000000000000000) ) ) 
 REPRESENTATION_ITEM ( '' )  SURFACE ( )  );
#808 = CARTESIAN_POINT ( 'NONE',  ( -0.1064780431079663248, -0.1381128287437763669, 0.7489717935925677139 ) ) ;
#809 = TOROIDAL_SURFACE ( 'NONE', #2894, 0.9999999999999983347, 0.2552700000000001634 ) ;
#810 = CARTESIAN_POINT ( 'NONE',  ( 2.690870774846677804, -3.224797131223679614, 0.4301915885656549809 ) ) ;
#811 = LINE ( 'NONE', #1919, #1860 ) ;
#812 = DIRECTION ( 'NONE',  ( 0.9162872398296045828, 0.4005217773423124794, -0.000000000000000000 ) ) ;
#813 = CARTESIAN_POINT ( 'NONE',  ( -2.198280583240137531, -9.858604144195803443, -0.5849999999999999645 ) ) ;
#814 = CARTESIAN_POINT ( 'NONE',  ( 0.2589968940758066163, -0.4915037558135960660, -0.5849999999999999645 ) ) ;
#815 = EDGE_CURVE ( 'NONE', #3001, #3081, #673, .T. ) ;
#816 = PRESENTATION_LAYER_ASSIGNMENT (  '', '', ( #2378 ) ) ;
#817 = SURFACE_STYLE_USAGE ( .BOTH. , #2724 ) ;
#818 = CARTESIAN_POINT ( 'NONE',  ( 0.06023846188447672806, -0.1814262027744966699, -0.7638783202826293639 ) ) ;
#819 = SURFACE_SIDE_STYLE ('',( #780 ) ) ;
#820 = ORIENTED_EDGE ( 'NONE', *, *, #1875, .F. ) ;
#821 = FACE_OUTER_BOUND ( 'NONE', #2791, .T. ) ;
#822 = CARTESIAN_POINT ( 'NONE',  ( -2.354288765851065168, -3.168712158426401082, -0.3951490282939492671 ) ) ;
#823 = UNCERTAINTY_MEASURE_WITH_UNIT (LENGTH_MEASURE( 1.000000000000000082E-05 ), #1835, 'distance_accuracy_value', 'NONE');
#824 = SURFACE_STYLE_USAGE ( .BOTH. , #612 ) ;
#825 = CARTESIAN_POINT ( 'NONE',  ( -0.1095367066384278637, 0.4932258203894099857, 1.084999999999999964 ) ) ;
#826 = LINE ( 'NONE', #1334, #2288 ) ;
#827 = CARTESIAN_POINT ( 'NONE',  ( 2.002809468085577471, -3.354703709604871964, -0.2207644770312238713 ) ) ;
#828 = ORIENTED_EDGE ( 'NONE', *, *, #3464, .F. ) ;
#829 = CARTESIAN_POINT ( 'NONE',  ( 3.145945581714265415, -2.186356007584643546, 0.6533633215640269887 ) ) ;
#830 = CARTESIAN_POINT ( 'NONE',  ( 3.199215394008038338, -1.979503901837631696, 0.4617185232616135560 ) ) ;
#831 = UNCERTAINTY_MEASURE_WITH_UNIT (LENGTH_MEASURE( 1.000000000000000082E-05 ), #3315, 'distance_accuracy_value', 'NONE');
#832 = AXIS2_PLACEMENT_3D ( 'NONE', #3234, #3458, #1276 ) ;
#833 = FILL_AREA_STYLE_COLOUR ( '', #1471 ) ;
#834 = EDGE_CURVE ( 'NONE', #3362, #956, #2619, .T. ) ;
#835 = CARTESIAN_POINT ( 'NONE',  ( 0.1064780431044407144, -0.1381128287522961073, -0.7489717935924102843 ) ) ;
#836 = DIRECTION ( 'NONE',  ( -0.8762027383027169991, -0.4819426951317146157, -8.070441772652147380E-17 ) ) ;
#837 = CARTESIAN_POINT ( 'NONE',  ( 3.120368052101690992, -2.941103632542028556, 0.4546499176239108819 ) ) ;
#838 = CIRCLE ( 'NONE', #2444, 1.000000000000000000 ) ;
#839 = CARTESIAN_POINT ( 'NONE',  ( 1.899999999999999911, -2.186356007584650207, 0.5849999999999999645 ) ) ;
#840 = ORIENTED_EDGE ( 'NONE', *, *, #2186, .T. ) ;
#841 =( NAMED_UNIT ( * ) PLANE_ANGLE_UNIT ( ) SI_UNIT ( $, .RADIAN. ) );
#842 = CARTESIAN_POINT ( 'NONE',  ( -0.04114779196954339996, 0.5706241332902330932, -0.5849999999999999645 ) ) ;
#843 = CARTESIAN_POINT ( 'NONE',  ( -3.122163162938536018, -2.046698747631090942, -0.7016593466932701251 ) ) ;
#844 = CARTESIAN_POINT ( 'NONE',  ( -0.2646973040884312289, -0.4600035575699394919, 0.6038177160412495637 ) ) ;
#845 = CARTESIAN_POINT ( 'NONE',  ( 0.02911014800930431315, 0.1172739142803195939, 0.7714120866431442014 ) ) ;
#846 = PRESENTATION_LAYER_ASSIGNMENT (  '', '', ( #2404 ) ) ;
#847 = CARTESIAN_POINT ( 'NONE',  ( 1.958244263998611734, -3.384510302341003918, -0.2136015084387884455 ) ) ;
#848 = CARTESIAN_POINT ( 'NONE',  ( -0.03860930706741926705, -0.01963468873856515778, 0.8011836134940121257 ) ) ;
#849 = ORIENTED_EDGE ( 'NONE', *, *, #426, .T. ) ;
#850 = ORIENTED_EDGE ( 'NONE', *, *, #2211, .T. ) ;
#851 = UNCERTAINTY_MEASURE_WITH_UNIT (LENGTH_MEASURE( 1.000000000000000082E-05 ), #541, 'distance_accuracy_value', 'NONE');
#852 = DIRECTION ( 'NONE',  ( -1.000000000000000000, 0.000000000000000000, 0.000000000000000000 ) ) ;
#853 = CARTESIAN_POINT ( 'NONE',  ( 3.396502390707440977, -1.740666119252800570, 0.3749203688023584613 ) ) ;
#854 = ORIENTED_EDGE ( 'NONE', *, *, #815, .F. ) ;
#855 = CARTESIAN_POINT ( 'NONE',  ( -3.101048025068292802, -2.384572683221217293, -0.3204743344024585383 ) ) ;
#856 = SURFACE_STYLE_FILL_AREA ( #1365 ) ;
#857 = CARTESIAN_POINT ( 'NONE',  ( 1.348621754271720929, -3.635424150622016182, 0.2863857440702066715 ) ) ;
#858 = ORIENTED_EDGE ( 'NONE', *, *, #1839, .T. ) ;
#859 = CARTESIAN_POINT ( 'NONE',  ( 2.722812977573098703, -3.341671503243623054, 0.7687594405288853405 ) ) ;
#860 = CARTESIAN_POINT ( 'NONE',  ( -2.858771092606575248, -1.526529883936044385, -0.7883586399738702344 ) ) ;
#861 = EDGE_CURVE ( 'NONE', #3314, #3362, #1897, .T. ) ;
#862 =( GEOMETRIC_REPRESENTATION_CONTEXT ( 3 ) GLOBAL_UNCERTAINTY_ASSIGNED_CONTEXT ( ( #2525 ) ) GLOBAL_UNIT_ASSIGNED_CONTEXT ( ( #1402, #594, #1696 ) ) REPRESENTATION_CONTEXT ( 'NONE', 'WORKASPACE' ) );
#863 = PRESENTATION_LAYER_ASSIGNMENT (  '', '', ( #1954 ) ) ;
#864 = CARTESIAN_POINT ( 'NONE',  ( -0.3891875348973873883, -0.5838200749615991558, 0.5849999999999999645 ) ) ;
#865 = COLOUR_RGB ( '',1.000000000000000000, 1.000000000000000000, 0.000000000000000000 ) ;
#866 = CARTESIAN_POINT ( 'NONE',  ( -0.02811632538660790645, 0.04471452650034943299, -0.8402475886304612285 ) ) ;
#867 = ORIENTED_EDGE ( 'NONE', *, *, #382, .T. ) ;
#868 = AXIS2_PLACEMENT_3D ( 'NONE', #3169, #1510, #3153 ) ;
#869 = CARTESIAN_POINT ( 'NONE',  ( -1.998069892001272718, -3.357881607576189698, 0.2200149929545118510 ) ) ;
#870 = PRESENTATION_LAYER_ASSIGNMENT (  '', '', ( #2707 ) ) ;
#871 = UNCERTAINTY_MEASURE_WITH_UNIT (LENGTH_MEASURE( 1.000000000000000082E-05 ), #1200, 'distance_accuracy_value', 'NONE');
#872 = CARTESIAN_POINT ( 'NONE',  ( 1.899999999999999911, -2.186356007584650207, 0.7883586399738714556 ) ) ;
#873 = AXIS2_PLACEMENT_3D ( 'NONE', #1356, #2152, #1628 ) ;
#874 = CARTESIAN_POINT ( 'NONE',  ( -3.149240394406867427, -2.690018244258883140, -0.5266161116175098744 ) ) ;
#875 = CARTESIAN_POINT ( 'NONE',  ( 3.032967806537460564, -2.541749152228328867, 0.2751507185555742696 ) ) ;
#876 = CARTESIAN_POINT ( 'NONE',  ( -0.3656744043418210244, 0.6648195265703717993, -0.5849999999999999645 ) ) ;
#877 = ORIENTED_EDGE ( 'NONE', *, *, #2644, .T. ) ;
#878 = CARTESIAN_POINT ( 'NONE',  ( -1.899999999999999911, -2.186356007584650207, -0.7883586399738714556 ) ) ;
#879 = CARTESIAN_POINT ( 'NONE',  ( -2.720649726727361273, -3.381005232346263156, -0.7666755276377115180 ) ) ;
#880 = CARTESIAN_POINT ( 'NONE',  ( 2.691727558751642491, -3.822518719463597225, 0.7345631701985713136 ) ) ;
#881 = CARTESIAN_POINT ( 'NONE',  ( -1.676908920514291079, -3.260446693962426590, -0.5035124206575151140 ) ) ;
#882 = CARTESIAN_POINT ( 'NONE',  ( -0.4126302866133169656, -0.5030630686361456938, 0.5849999999999999645 ) ) ;
#883 = CARTESIAN_POINT ( 'NONE',  ( 2.851003243758391203, -4.010518115209920076, 0.3343646706251885981 ) ) ;
#884 = EDGE_CURVE ( 'NONE', #2332, #712, #1726, .T. ) ;
#885 = FILL_AREA_STYLE ('',( #937 ) ) ;
#886 = EDGE_LOOP ( 'NONE', ( #2628, #2327, #1464 ) ) ;
#887 =( LENGTH_UNIT ( ) NAMED_UNIT ( * ) SI_UNIT ( .MILLI., .METRE. ) );
#888 = UNCERTAINTY_MEASURE_WITH_UNIT (LENGTH_MEASURE( 1.000000000000000082E-05 ), #1046, 'distance_accuracy_value', 'NONE');
#889 = SURFACE_SIDE_STYLE ('',( #1951 ) ) ;
#890 =( NAMED_UNIT ( * ) PLANE_ANGLE_UNIT ( ) SI_UNIT ( $, .RADIAN. ) );
#891 = CARTESIAN_POINT ( 'NONE',  ( -3.145945581714203687, -2.186356007584723482, -0.6533633215639932379 ) ) ;
#892 = MECHANICAL_DESIGN_GEOMETRIC_PRESENTATION_REPRESENTATION (  '', ( #502 ), #59 ) ;
#893 = CARTESIAN_POINT ( 'NONE',  ( -2.720649726727361273, -3.381005232346263156, -0.7666755276377115180 ) ) ;
#894 = TOROIDAL_SURFACE ( 'NONE', #2921, 0.9999999999999983347, 0.2552700000000001634 ) ;
#895 = AXIS2_PLACEMENT_3D ( 'NONE', #2934, #1556, #412 ) ;
#896 = AXIS2_PLACEMENT_3D ( 'NONE', #2667, #2119, #2653 ) ;
#897 =( NAMED_UNIT ( * ) PLANE_ANGLE_UNIT ( ) SI_UNIT ( $, .RADIAN. ) );
#898 = ORIENTED_EDGE ( 'NONE', *, *, #2348, .T. ) ;
#899 = CARTESIAN_POINT ( 'NONE',  ( -2.722897919096932462, -3.340128167353385358, -0.7688413061305965357 ) ) ;
#900 = CARTESIAN_POINT ( 'NONE',  ( -3.046001390181026558, -1.844326736008595979, -0.7518240957225231780 ) ) ;
#901 = COLOUR_RGB ( '',0.7529411764705882248, 0.7529411764705882248, 0.7529411764705882248 ) ;
#902 = CARTESIAN_POINT ( 'NONE',  ( -0.3521760858549758400, -0.5731011287822413980, 0.5850770647806425862 ) ) ;
#903 = CARTESIAN_POINT ( 'NONE',  ( 2.819744058851573865, -4.128656750814618803, 0.3423905348691319572 ) ) ;
#904 = CARTESIAN_POINT ( 'NONE',  ( -0.1124099884837317931, 0.1142696240243903649, -0.7883586399738705675 ) ) ;
#905 = CARTESIAN_POINT ( 'NONE',  ( -0.08992488695855077596, 0.1628146860455315093, -0.7652687124141255293 ) ) ;
#906 = ORIENTED_EDGE ( 'NONE', *, *, #3034, .T. ) ;
#907 = EDGE_LOOP ( 'NONE', ( #2578, #2104, #293, #1938, #2283 ) ) ;
#908 =( LENGTH_UNIT ( ) NAMED_UNIT ( * ) SI_UNIT ( .MILLI., .METRE. ) );
#909 = SURFACE_STYLE_FILL_AREA ( #1664 ) ;
#910 =( BOUNDED_CURVE ( )  B_SPLINE_CURVE ( 2, ( #2488, #1630, #2788 ),
 .UNSPECIFIED., .F., .T. ) 
 B_SPLINE_CURVE_WITH_KNOTS ( ( 3, 3 ),
 ( 0.000000000000000000, 1.000000000000000000 ),
 .UNSPECIFIED. ) 
 CURVE ( )  GEOMETRIC_REPRESENTATION_ITEM ( )  RATIONAL_B_SPLINE_CURVE ( ( 1.000000000000000000, 0.5616600005265383055, 1.000000000000000000 ) ) 
 REPRESENTATION_ITEM ( '' )  );
#911 = FACE_OUTER_BOUND ( 'NONE', #3017, .T. ) ;
#912 = EDGE_CURVE ( 'NONE', #2899, #996, #1025, .T. ) ;
#913 = PRESENTATION_STYLE_ASSIGNMENT (( #2323 ) ) ;
#914 = CARTESIAN_POINT ( 'NONE',  ( -3.045266689127084092, -2.502177901591597031, 0.1068840465265986223 ) ) ;
#915 = CARTESIAN_POINT ( 'NONE',  ( -2.644712719111328880, -4.549959341410298563, -0.5850060751352251787 ) ) ;
#916 = SURFACE_SIDE_STYLE ('',( #372 ) ) ;
#917 = SURFACE_SIDE_STYLE ('',( #1530 ) ) ;
#918 = TOROIDAL_SURFACE ( 'NONE', #17, 1.496743139999936911, 0.2552700000000001634 ) ;
#919 = DIRECTION ( 'NONE',  ( 1.000000000000000000, 0.000000000000000000, 0.000000000000000000 ) ) ;
#920 = ORIENTED_EDGE ( 'NONE', *, *, #1329, .F. ) ;
#921 = AXIS2_PLACEMENT_3D ( 'NONE', #1749, #390, #1459 ) ;
#922 = ORIENTED_EDGE ( 'NONE', *, *, #940, .F. ) ;
#923 = SURFACE_STYLE_FILL_AREA ( #2037 ) ;
#924 =( NAMED_UNIT ( * ) PLANE_ANGLE_UNIT ( ) SI_UNIT ( $, .RADIAN. ) );
#925 = CARTESIAN_POINT ( 'NONE',  ( -2.542113634823559565, -3.313839665198839324, -0.3550934006936155019 ) ) ;
#926 = TOROIDAL_SURFACE ( 'NONE', #2031, 1.000000000000003553, 0.2552700000000001634 ) ;
#927 = AXIS2_PLACEMENT_3D ( 'NONE', #2346, #1258, #2607 ) ;
#928 = FILL_AREA_STYLE ('',( #2289 ) ) ;
#929 =( BOUNDED_SURFACE ( )  B_SPLINE_SURFACE ( 3, 2, ( 
 ( #2262, #3340, #1401 ),
 ( #133, #2030, #2517 ),
 ( #2047, #3412, #3121 ),
 ( #2280, #2800, #1145 ),
 ( #1441, #2856, #614 ),
 ( #3374, #654, #2499 ) ),
 .UNSPECIFIED., .F., .F., .F. ) 
 B_SPLINE_SURFACE_WITH_KNOTS ( ( 4, 2, 4 ),
 ( 3, 3 ),
 ( 0.001343214019017956824, 0.001595894816007226678, 0.001848575612996496316 ),
 ( 0.000000000000000000, 0.9139836496362645502 ),
 .UNSPECIFIED. ) 
 GEOMETRIC_REPRESENTATION_ITEM ( )  RATIONAL_B_SPLINE_SURFACE ( (
 ( 1.000000000000000000, 0.9017903358682409776, 0.9831047262418757260),
 ( 1.000000000000000000, 0.9293715730676205267, 0.9878496009666899447),
 ( 1.000000000000000000, 0.9543785782735244583, 0.9921516236093674834),
 ( 1.000000000000000000, 0.9898391391041195808, 0.9982519996583656408),
 ( 1.000000000000000000, 1.000142615665268186, 1.000024534558062062),
 ( 1.000000000000000000, 1.000000000000000000, 1.000000000000000000) ) ) 
 REPRESENTATION_ITEM ( '' )  SURFACE ( )  );
#930 = EDGE_CURVE ( 'NONE', #56, #2556, #3368, .T. ) ;
#931 =( GEOMETRIC_REPRESENTATION_CONTEXT ( 3 ) GLOBAL_UNCERTAINTY_ASSIGNED_CONTEXT ( ( #1449 ) ) GLOBAL_UNIT_ASSIGNED_CONTEXT ( ( #658, #924, #176 ) ) REPRESENTATION_CONTEXT ( 'NONE', 'WORKASPACE' ) );
#932 = FILL_AREA_STYLE ('',( #604 ) ) ;
#933 = CARTESIAN_POINT ( 'NONE',  ( -2.644729999999999137, -2.186356007584653760, -0.5849999999999999645 ) ) ;
#934 = CARTESIAN_POINT ( 'NONE',  ( 2.402762971444486695, -7.115710863226931693, 0.5849999999999999645 ) ) ;
#935 =( LENGTH_UNIT ( ) NAMED_UNIT ( * ) SI_UNIT ( .MILLI., .METRE. ) );
#936 = CARTESIAN_POINT ( 'NONE',  ( 0.08296006700334190853, -0.1011965292150715512, -0.7767343120811628365 ) ) ;
#937 = FILL_AREA_STYLE_COLOUR ( '', #669 ) ;
#938 = VERTEX_POINT ( 'NONE', #1780 ) ;
#939 = CARTESIAN_POINT ( 'NONE',  ( -0.4399553488898233500, 0.08977655990104627115, 0.5849999999999999645 ) ) ;
#940 = EDGE_CURVE ( 'NONE', #2832, #1958, #2027, .T. ) ;
#941 = CARTESIAN_POINT ( 'NONE',  ( 1.719469891272340512, -3.210399598526186171, 0.5160678792150020788 ) ) ;
#942 = PRESENTATION_STYLE_ASSIGNMENT (( #3419 ) ) ;
#943 = DIRECTION ( 'NONE',  ( 0.000000000000000000, 0.000000000000000000, 1.000000000000000000 ) ) ;
#944 = STYLED_ITEM ( 'NONE', ( #1798 ), #283 ) ;
#945 = CARTESIAN_POINT ( 'NONE',  ( -2.673530700476242306, -4.065522174408807921, -0.7034075133199946261 ) ) ;
#946 = EDGE_CURVE ( 'NONE', #2475, #2319, #2002, .T. ) ;
#947 = ORIENTED_EDGE ( 'NONE', *, *, #3044, .T. ) ;
#948 = CARTESIAN_POINT ( 'NONE',  ( -0.04221529530827772270, -0.02667676708212476239, 0.8062934608421180593 ) ) ;
#949 = DIRECTION ( 'NONE',  ( -0.000000000000000000, 1.000000000000000000, 0.000000000000000000 ) ) ;
#950 = FACE_OUTER_BOUND ( 'NONE', #1131, .T. ) ;
#951 = CARTESIAN_POINT ( 'NONE',  ( 1.325227181797447029, -3.685581424681349638, 0.1963463059932362420 ) ) ;
#952 = MECHANICAL_DESIGN_GEOMETRIC_PRESENTATION_REPRESENTATION (  '', ( #1116 ), #3205 ) ;
#953 = CARTESIAN_POINT ( 'NONE',  ( 0.005643857725016438766, 0.2909598889920273490, -0.5849999999999999645 ) ) ;
#954 = AXIS2_PLACEMENT_3D ( 'NONE', #630, #1732, #919 ) ;
#955 = FACE_OUTER_BOUND ( 'NONE', #165, .T. ) ;
#956 = VERTEX_POINT ( 'NONE', #2022 ) ;
#957 = CARTESIAN_POINT ( 'NONE',  ( -0.2316725837995374793, -0.07626327966389653823, 0.5849999999999999645 ) ) ;
#958 = CARTESIAN_POINT ( 'NONE',  ( -1.900000000000001021, -10.54099074031410410, -0.5849999999999999645 ) ) ;
#959 = ORIENTED_EDGE ( 'NONE', *, *, #1203, .T. ) ;
#960 = CARTESIAN_POINT ( 'NONE',  ( 0.000000000000000000, -8.673617379884035472E-16, 0.5849999999999999645 ) ) ;
#961 = AXIS2_PLACEMENT_3D ( 'NONE', #2907, #3385, #368 ) ;
#962 = AXIS2_PLACEMENT_3D ( 'NONE', #10, #812, #3245 ) ;
#963 = CARTESIAN_POINT ( 'NONE',  ( -1.664443350567215818, -3.565899273793728064, 0.1355202052334588958 ) ) ;
#964 = CARTESIAN_POINT ( 'NONE',  ( 0.08345734995842682413, -0.08738101868065152600, -0.7714120866431442014 ) ) ;
#965 = ORIENTED_EDGE ( 'NONE', *, *, #2437, .F. ) ;
#966 = CARTESIAN_POINT ( 'NONE',  ( 0.1124099884817661155, 0.1142696240254713197, 0.7883586399738706785 ) ) ;
#967 = CARTESIAN_POINT ( 'NONE',  ( -0.1138327371235188235, 0.1234673934020501518, -0.7817235205292271116 ) ) ;
#968 = DIRECTION ( 'NONE',  ( 1.000000000000000000, 0.000000000000000000, 0.000000000000000000 ) ) ;
#969 = CARTESIAN_POINT ( 'NONE',  ( 0.09868718736074189035, -0.1374054208489662865, -0.7577983861772223939 ) ) ;
#970 = ORIENTED_EDGE ( 'NONE', *, *, #1632, .F. ) ;
#971 = EDGE_CURVE ( 'NONE', #2701, #3122, #2824, .T. ) ;
#972 = MECHANICAL_DESIGN_GEOMETRIC_PRESENTATION_REPRESENTATION (  '', ( #2020 ), #796 ) ;
#973 = CARTESIAN_POINT ( 'NONE',  ( -0.4752111109802494293, -0.1715937061809502118, 0.5849999999999999645 ) ) ;
#974 = ORIENTED_EDGE ( 'NONE', *, *, #930, .F. ) ;
#975 = ORIENTED_EDGE ( 'NONE', *, *, #2666, .F. ) ;
#976 = CARTESIAN_POINT ( 'NONE',  ( 2.859715473230004523, -2.686276450959257822, -0.1842756640761666065 ) ) ;
#977 = DIRECTION ( 'NONE',  ( 0.000000000000000000, 1.000000000000000000, 0.000000000000000000 ) ) ;
#978 = CARTESIAN_POINT ( 'NONE',  ( 0.1163584003226475344, 0.1373442090391334691, 0.7719261858066669424 ) ) ;
#979 = FILL_AREA_STYLE ('',( #1468 ) ) ;
#980 = AXIS2_PLACEMENT_3D ( 'NONE', #2170, #1739, #943 ) ;
#981 = CARTESIAN_POINT ( 'NONE',  ( -1.794494082862947426, -3.489098342917540396, 0.1776630801408392302 ) ) ;
#982 = CARTESIAN_POINT ( 'NONE',  ( -2.381942695131713972, -1.310153269281933985, -0.5849999999999999645 ) ) ;
#983 = MECHANICAL_DESIGN_GEOMETRIC_PRESENTATION_REPRESENTATION (  '', ( #2261 ), #1736 ) ;
#984 = ORIENTED_EDGE ( 'NONE', *, *, #2975, .F. ) ;
#985 = SURFACE_SIDE_STYLE ('',( #2996 ) ) ;
#986 = CARTESIAN_POINT ( 'NONE',  ( 0.4126302866131059122, -0.5030630686360845205, -0.5849999999999999645 ) ) ;
#987 =( NAMED_UNIT ( * ) SI_UNIT ( $, .STERADIAN. ) SOLID_ANGLE_UNIT ( ) );
#988 = DIRECTION ( 'NONE',  ( 0.4819426951317172247, 0.8762027383027154448, 0.000000000000000000 ) ) ;
#989 = DIRECTION ( 'NONE',  ( -1.000000000000000000, 0.000000000000000000, 0.000000000000000000 ) ) ;
#990 = STYLED_ITEM ( 'NONE', ( #339 ), #570 ) ;
#991 = EDGE_CURVE ( 'NONE', #579, #1992, #138, .T. ) ;
#992 = ORIENTED_EDGE ( 'NONE', *, *, #2557, .F. ) ;
#993 = LINE ( 'NONE', #2992, #1763 ) ;
#994 = CARTESIAN_POINT ( 'NONE',  ( 2.652168287546918801, -4.628400275776417772, 0.5238263520576572629 ) ) ;
#995 = CARTESIAN_POINT ( 'NONE',  ( -3.365000000000001101, 4.120936479130844894E-16, 0.5849999999999999645 ) ) ;
#996 = VERTEX_POINT ( 'NONE', #1725 ) ;
#997 = STYLED_ITEM ( 'NONE', ( #2990 ), #516 ) ;
#998 = FILL_AREA_STYLE_COLOUR ( '', #1700 ) ;
#999 = DIRECTION ( 'NONE',  ( 0.000000000000000000, 0.000000000000000000, 1.000000000000000000 ) ) ;
#1000 = EDGE_CURVE ( 'NONE', #2880, #1578, #161, .T. ) ;
#1001 = SURFACE_STYLE_FILL_AREA ( #521 ) ;
#1002 = CARTESIAN_POINT ( 'NONE',  ( 0.2240485511812069230, 0.5425631942318882572, 0.5850000000000001865 ) ) ;
#1003 = FILL_AREA_STYLE_COLOUR ( '', #1065 ) ;
#1004 = CARTESIAN_POINT ( 'NONE',  ( -1.900000000000000577, -5.965522979686022076, -0.5849999999999999645 ) ) ;
#1005 = AXIS2_PLACEMENT_3D ( 'NONE', #1310, #714, #215 ) ;
#1006 = MECHANICAL_DESIGN_GEOMETRIC_PRESENTATION_REPRESENTATION (  '', ( #1588 ), #548 ) ;
#1007 = DIRECTION ( 'NONE',  ( 0.000000000000000000, 0.000000000000000000, 1.000000000000000000 ) ) ;
#1008 = CARTESIAN_POINT ( 'NONE',  ( 2.709066466658887062, -3.177209287406541183, 0.3992461390844829205 ) ) ;
#1009 = CARTESIAN_POINT ( 'NONE',  ( 0.06799569920078021856, 0.1277984758075945138, 0.7956055639141287328 ) ) ;
#1010 = SURFACE_STYLE_USAGE ( .BOTH. , #1560 ) ;
#1011 = CARTESIAN_POINT ( 'NONE',  ( -1.377901814510038792, -3.705543381080975696, -0.03463392446321515716 ) ) ;
#1012 = EDGE_CURVE ( 'NONE', #173, #1709, #2828, .T. ) ;
#1013 = CARTESIAN_POINT ( 'NONE',  ( -3.155269999999999353, -2.478076934775767626, -0.5849999999999999645 ) ) ;
#1014 = ORIENTED_EDGE ( 'NONE', *, *, #1012, .T. ) ;
#1015 = CARTESIAN_POINT ( 'NONE',  ( 1.328842133594576813, -3.699525435949049257, 0.1500694695323197270 ) ) ;
#1016 = CARTESIAN_POINT ( 'NONE',  ( 0.3656744043418210799, -0.6648195265703737977, -0.5850000000000001865 ) ) ;
#1017 = CARTESIAN_POINT ( 'NONE',  ( 0.09639475412789130782, 0.4180423671060017887, 0.5850000000000001865 ) ) ;
#1018 = DIRECTION ( 'NONE',  ( -1.000000000000000000, 0.000000000000000000, 0.000000000000000000 ) ) ;
#1019 = CARTESIAN_POINT ( 'NONE',  ( -0.05828476020620868003, -0.1786558926728940566, 0.7662257616002796645 ) ) ;
#1020 = CARTESIAN_POINT ( 'NONE',  ( 2.913629523514775332, -3.775882812232211450, 0.3300941173811581808 ) ) ;
#1021 = ORIENTED_EDGE ( 'NONE', *, *, #2557, .T. ) ;
#1022 = SURFACE_STYLE_USAGE ( .BOTH. , #1880 ) ;
#1023 = CARTESIAN_POINT ( 'NONE',  ( -1.900000000000000577, -5.965522979686022076, -0.5849999999999999645 ) ) ;
#1024 = DIRECTION ( 'NONE',  ( 0.000000000000000000, 0.000000000000000000, 1.000000000000000000 ) ) ;
#1025 = CIRCLE ( 'NONE', #2580, 0.2552700000000001634 ) ;
#1026 = CIRCLE ( 'NONE', #1209, 0.8457014697154313643 ) ;
#1027 = EDGE_CURVE ( 'NONE', #1751, #395, #2079, .T. ) ;
#1028 = PRESENTATION_LAYER_ASSIGNMENT (  '', '', ( #2142 ) ) ;
#1029 = ORIENTED_EDGE ( 'NONE', *, *, #1391, .F. ) ;
#1030 = CARTESIAN_POINT ( 'NONE',  ( 0.03631611059864895547, -0.1561239654773752816, -0.7883586399738703454 ) ) ;
#1031 = CARTESIAN_POINT ( 'NONE',  ( 0.3521760861488913430, -0.5731011288669809467, -0.5850770647800495050 ) ) ;
#1032 = AXIS2_PLACEMENT_3D ( 'NONE', #436, #3472, #1007 ) ;
#1033 = VERTEX_POINT ( 'NONE', #995 ) ;
#1034 = FILL_AREA_STYLE ('',( #1003 ) ) ;
#1035 = VECTOR ( 'NONE', #3307, 1000.000000000000000 ) ;
#1036 = FILL_AREA_STYLE_COLOUR ( '', #865 ) ;
#1037 = FILL_AREA_STYLE ('',( #2387 ) ) ;
#1038 = AXIS2_PLACEMENT_3D ( 'NONE', #2703, #1096, #3542 ) ;
#1039 = CARTESIAN_POINT ( 'NONE',  ( 0.1056605647607679888, 0.2405524837260298032, 0.6969989099807124555 ) ) ;
#1040 = EDGE_CURVE ( 'NONE', #422, #188, #2188, .T. ) ;
#1041 = FACE_OUTER_BOUND ( 'NONE', #3470, .T. ) ;
#1042 = CARTESIAN_POINT ( 'NONE',  ( 1.899999999999999911, -2.186356007584650207, 0.7883586399738684580 ) ) ;
#1043 = FILL_AREA_STYLE_COLOUR ( '', #724 ) ;
#1044 = CARTESIAN_POINT ( 'NONE',  ( 0.4812636307559555182, -0.1049345983618033967, -0.5849999999999999645 ) ) ;
#1045 = VERTEX_POINT ( 'NONE', #472 ) ;
#1046 =( LENGTH_UNIT ( ) NAMED_UNIT ( * ) SI_UNIT ( .MILLI., .METRE. ) );
#1047 =( NAMED_UNIT ( * ) SI_UNIT ( $, .STERADIAN. ) SOLID_ANGLE_UNIT ( ) );
#1048 =( NAMED_UNIT ( * ) SI_UNIT ( $, .STERADIAN. ) SOLID_ANGLE_UNIT ( ) );
#1049 = PRESENTATION_STYLE_ASSIGNMENT (( #1331 ) ) ;
#1050 = EDGE_CURVE ( 'NONE', #1488, #1193, #2659, .T. ) ;
#1051 = ORIENTED_EDGE ( 'NONE', *, *, #239, .T. ) ;
#1052 = CARTESIAN_POINT ( 'NONE',  ( -3.209222125041139240, -1.011987328056256352, -0.5849999999999999645 ) ) ;
#1053 = PRESENTATION_STYLE_ASSIGNMENT (( #1827 ) ) ;
#1054 = CARTESIAN_POINT ( 'NONE',  ( -2.300521777342313445, -6.881810219515626770, -0.5849999999999999645 ) ) ;
#1055 = CARTESIAN_POINT ( 'NONE',  ( 1.850497751808884761, -3.048141759878204127, 0.5494284898415291440 ) ) ;
#1056 = EDGE_CURVE ( 'NONE', #3418, #996, #2896, .T. ) ;
#1057 = PRESENTATION_LAYER_ASSIGNMENT (  '', '', ( #944 ) ) ;
#1058 = CARTESIAN_POINT ( 'NONE',  ( -0.04499400441488964758, -0.1637121726212565354, 0.7801405680407618171 ) ) ;
#1059 = DIRECTION ( 'NONE',  ( 0.000000000000000000, 0.000000000000000000, 1.000000000000000000 ) ) ;
#1060 = CARTESIAN_POINT ( 'NONE',  ( 2.578785204752595206, -3.298938246386135642, 0.3881542833536363313 ) ) ;
#1061 = CIRCLE ( 'NONE', #3488, 0.5849999999999999645 ) ;
#1062 = CARTESIAN_POINT ( 'NONE',  ( -3.145945581714201467, -2.186356007584689287, -0.6533633215639943481 ) ) ;
#1063 = STYLED_ITEM ( 'NONE', ( #1590 ), #2281 ) ;
#1064 = CYLINDRICAL_SURFACE ( 'NONE', #1671, 0.2552700000000001634 ) ;
#1065 = COLOUR_RGB ( '',0.7529411764705882248, 0.7529411764705882248, 0.7529411764705882248 ) ;
#1066 = PRESENTATION_STYLE_ASSIGNMENT (( #289 ) ) ;
#1067 = EDGE_LOOP ( 'NONE', ( #2077, #3142, #3343, #1312 ) ) ;
#1068 = CARTESIAN_POINT ( 'NONE',  ( -1.335164386379112056, -3.703150096602533026, -0.1270421427340048259 ) ) ;
#1069 = DIRECTION ( 'NONE',  ( 0.8762027383027151117, -0.4819426951317177243, 0.000000000000000000 ) ) ;
#1070 = AXIS2_PLACEMENT_3D ( 'NONE', #878, #1959, #1984 ) ;
#1071 = CARTESIAN_POINT ( 'NONE',  ( 2.061272333255178779, -2.757102975315095073, 0.5850000000001827072 ) ) ;
#1072 = CARTESIAN_POINT ( 'NONE',  ( 0.03457465656067402332, 0.1298818422412577056, 0.7648809508603212626 ) ) ;
#1073 = EDGE_CURVE ( 'NONE', #2842, #508, #65, .T. ) ;
#1074 = SURFACE_STYLE_FILL_AREA ( #284 ) ;
#1075 = CARTESIAN_POINT ( 'NONE',  ( 2.544410021460107085, -3.311255388446334269, 0.3529142076798432170 ) ) ;
#1076 = CARTESIAN_POINT ( 'NONE',  ( -3.390994679946792267, -1.804129380175100161, -0.3399906385899721939 ) ) ;
#1077 = FILL_AREA_STYLE ('',( #773 ) ) ;
#1078 = CARTESIAN_POINT ( 'NONE',  ( 2.745701469715430942, -2.186356007584653760, 0.7883586399738702344 ) ) ;
#1079 = CYLINDRICAL_SURFACE ( 'NONE', #1038, 0.2552700000000001634 ) ;
#1080 = CARTESIAN_POINT ( 'NONE',  ( -0.03631611059668352764, -0.1561239654784563613, 0.7883586399738703454 ) ) ;
#1081 = CARTESIAN_POINT ( 'NONE',  ( 0.05369111929405549072, -0.1718161464693839235, -0.7719245400739240814 ) ) ;
#1082 = CARTESIAN_POINT ( 'NONE',  ( -0.2671970199865811857, -0.4862215795751985148, 0.5850000004047901658 ) ) ;
#1083 = CARTESIAN_POINT ( 'NONE',  ( 0.3656744043418208578, -0.6648195265703739087, -1.584999999999999964 ) ) ;
#1084 = STYLED_ITEM ( 'NONE', ( #1831 ), #1236 ) ;
#1085 = SURFACE_SIDE_STYLE ('',( #856 ) ) ;
#1086 = ORIENTED_EDGE ( 'NONE', *, *, #1577, .F. ) ;
#1087 = SURFACE_STYLE_FILL_AREA ( #1871 ) ;
#1088 = CARTESIAN_POINT ( 'NONE',  ( -2.643815739806068432, -4.611053856314013544, -0.5576648791569258634 ) ) ;
#1089 = MECHANICAL_DESIGN_GEOMETRIC_PRESENTATION_REPRESENTATION (  '', ( #3057 ), #2469 ) ;
#1090 = CARTESIAN_POINT ( 'NONE',  ( -0.08935520868682200746, -0.1631280293731390274, 0.7652687124141608344 ) ) ;
#1091 = PRESENTATION_LAYER_ASSIGNMENT (  '', '', ( #2658 ) ) ;
#1092 = SURFACE_STYLE_FILL_AREA ( #2460 ) ;
#1093 = EDGE_CURVE ( 'NONE', #2319, #2689, #1668, .T. ) ;
#1094 = ORIENTED_EDGE ( 'NONE', *, *, #3464, .T. ) ;
#1095 = STYLED_ITEM ( 'NONE', ( #577 ), #439 ) ;
#1096 = DIRECTION ( 'NONE',  ( -2.295113564421621368E-16, -1.000000000000000000, 0.000000000000000000 ) ) ;
#1097 = CARTESIAN_POINT ( 'NONE',  ( 3.129118138966142659, -2.076452308883801390, 0.6919264791282530025 ) ) ;
#1098 = CIRCLE ( 'NONE', #212, 0.2412492023727401125 ) ;
#1099 = CARTESIAN_POINT ( 'NONE',  ( 2.141249202372741411, -2.595819110288333231, 1.584999999999999964 ) ) ;
#1100 = CARTESIAN_POINT ( 'NONE',  ( -2.759265097016498913, -1.415597556404037283, -0.7883586399738703454 ) ) ;
#1101 = VERTEX_POINT ( 'NONE', #2124 ) ;
#1102 = ADVANCED_FACE ( 'NONE', ( #3206 ), #1382, .T. ) ;
#1103 = CARTESIAN_POINT ( 'NONE',  ( -3.390994679946797596, -1.804129380175047315, -0.3399906385899999495 ) ) ;
#1104 = CARTESIAN_POINT ( 'NONE',  ( -2.599057009113902250, -3.166510243730265461, -0.3544848858490559640 ) ) ;
#1105 = CARTESIAN_POINT ( 'NONE',  ( -1.345410345184479661, -3.703723890486079195, -0.1048878883310775112 ) ) ;
#1106 = B_SPLINE_CURVE_WITH_KNOTS ( 'NONE', 3,
 ( #1105, #3028, #1657, #558, #1963, #1400, #2259, #3355, #1386, #881, #2753, #2222, #3319, #185 ),
 .UNSPECIFIED., .F., .F.,
 ( 4, 2, 2, 2, 2, 2, 4 ),
 ( 4.967622494769532437, 5.048743499006998370, 5.129864503244465190, 5.292106511719397055, 5.616590528669262561, 5.941074545619127178, 6.265558562568991796 ),
 .UNSPECIFIED. ) ;
#1107 = CARTESIAN_POINT ( 'NONE',  ( -0.1331363652912637974, -0.2007616938771099591, 0.7115701101527381889 ) ) ;
#1108 = CARTESIAN_POINT ( 'NONE',  ( -0.1124099884837321123, 0.1142696240243903649, -0.7883586399738703454 ) ) ;
#1109 = FACE_OUTER_BOUND ( 'NONE', #3521, .T. ) ;
#1110 = CARTESIAN_POINT ( 'NONE',  ( 0.01251704070247789020, 0.07358315713960443538, 0.7948985040158764726 ) ) ;
#1111 = ORIENTED_EDGE ( 'NONE', *, *, #180, .T. ) ;
#1112 = CARTESIAN_POINT ( 'NONE',  ( 3.155269999999999353, -2.478076934775767182, 0.5849999999999999645 ) ) ;
#1113 = DIRECTION ( 'NONE',  ( 2.295113564421621368E-16, -1.000000000000000000, 0.000000000000000000 ) ) ;
#1114 = CARTESIAN_POINT ( 'NONE',  ( 3.396706836562800369, -1.738310258420031396, 0.3762170296270778702 ) ) ;
#1115 = UNCERTAINTY_MEASURE_WITH_UNIT (LENGTH_MEASURE( 1.000000000000000082E-05 ), #291, 'distance_accuracy_value', 'NONE');
#1116 = STYLED_ITEM ( 'NONE', ( #3144 ), #3344 ) ;
#1117 = DIRECTION ( 'NONE',  ( -0.000000000000000000, -0.000000000000000000, -1.000000000000000000 ) ) ;
#1118 = CARTESIAN_POINT ( 'NONE',  ( 1.850497751808911850, -3.048141759878197909, 0.5494284898415223717 ) ) ;
#1119 = ORIENTED_EDGE ( 'NONE', *, *, #2764, .F. ) ;
#1120 = MECHANICAL_DESIGN_GEOMETRIC_PRESENTATION_REPRESENTATION (  '', ( #2396 ), #2971 ) ;
#1121 = CARTESIAN_POINT ( 'NONE',  ( -2.519189502210511300, -2.976437751082431138, 0.2442846442893330805 ) ) ;
#1122 = CARTESIAN_POINT ( 'NONE',  ( 3.039265584811404075, -3.311388177063078420, 0.3701791165267929173 ) ) ;
#1123 = CARTESIAN_POINT ( 'NONE',  ( 1.335176266402833711, -3.703150761549751202, 0.1270164563282238646 ) ) ;
#1124 = ORIENTED_EDGE ( 'NONE', *, *, #1368, .T. ) ;
#1125 =( LENGTH_UNIT ( ) NAMED_UNIT ( * ) SI_UNIT ( .MILLI., .METRE. ) );
#1126 = SURFACE_STYLE_FILL_AREA ( #2478 ) ;
#1127 = AXIS2_PLACEMENT_3D ( 'NONE', #1912, #3059, #3332 ) ;
#1128 = MECHANICAL_DESIGN_GEOMETRIC_PRESENTATION_REPRESENTATION (  '', ( #285 ), #2862 ) ;
#1129 = CARTESIAN_POINT ( 'NONE',  ( -0.08327885300357079634, 0.06130735084249538253, -0.7086945039712573280 ) ) ;
#1130 = CARTESIAN_POINT ( 'NONE',  ( 0.4752111109804946776, -0.1715937061804826136, -1.084999999999999964 ) ) ;
#1131 = EDGE_LOOP ( 'NONE', ( #2604, #3414, #1222, #89 ) ) ;
#1132 = UNCERTAINTY_MEASURE_WITH_UNIT (LENGTH_MEASURE( 1.000000000000000082E-05 ), #1502, 'distance_accuracy_value', 'NONE');
#1133 = CARTESIAN_POINT ( 'NONE',  ( -2.708817852745511345, -3.177064729260437925, -0.3994305817421657245 ) ) ;
#1134 = CARTESIAN_POINT ( 'NONE',  ( 3.227319379713373237, -1.082167817170937907, 0.5849999999999998535 ) ) ;
#1135 = SURFACE_STYLE_USAGE ( .BOTH. , #257 ) ;
#1136 = CARTESIAN_POINT ( 'NONE',  ( 1.676258706087171202, -3.261195766676672214, 0.5032903285617083000 ) ) ;
#1137 = SURFACE_SIDE_STYLE ('',( #2850 ) ) ;
#1138 = FILL_AREA_STYLE_COLOUR ( '', #347 ) ;
#1139 = DIRECTION ( 'NONE',  ( -1.000000000000000000, 0.000000000000000000, 0.000000000000000000 ) ) ;
#1140 = ORIENTED_EDGE ( 'NONE', *, *, #1969, .T. ) ;
#1141 = CARTESIAN_POINT ( 'NONE',  ( -2.673530700476242306, -4.065522174408807921, -0.7034075133199946261 ) ) ;
#1142 = CARTESIAN_POINT ( 'NONE',  ( 2.480988893036349285, -3.167290169442497305, 0.3302894260278253502 ) ) ;
#1143 = CARTESIAN_POINT ( 'NONE',  ( -0.000000000000000000, -8.673617379884035472E-16, -0.5849999999999999645 ) ) ;
#1144 = COLOUR_RGB ( '',1.000000000000000000, 1.000000000000000000, 0.000000000000000000 ) ;
#1145 = CARTESIAN_POINT ( 'NONE',  ( -0.2467646794074901673, 0.4698671380251894791, -0.6038177164925881968 ) ) ;
#1146 = AXIS2_PLACEMENT_3D ( 'NONE', #2155, #2892, #465 ) ;
#1147 = CARTESIAN_POINT ( 'NONE',  ( -0.07539314351359918676, 0.02281549872928305411, -0.8402442014187775365 ) ) ;
#1148 = APPLICATION_PROTOCOL_DEFINITION ( 'draft international standard', 'automotive_design', 1998, #1953 ) ;
#1149 = CARTESIAN_POINT ( 'NONE',  ( -0.2581288309964669403, 0.4891982842944273546, -0.5849999999999999645 ) ) ;
#1150 = CARTESIAN_POINT ( 'NONE',  ( -0.1690751545349953311, 0.4626440795480231127, 0.5849999999999999645 ) ) ;
#1151 = ORIENTED_EDGE ( 'NONE', *, *, #2920, .F. ) ;
#1152 = STYLED_ITEM ( 'NONE', ( #2792 ), #2940 ) ;
#1153 = DIRECTION ( 'NONE',  ( -0.8762027383027153338, 0.4819426951317171137, -0.000000000000000000 ) ) ;
#1154 = ADVANCED_FACE ( 'NONE', ( #1866 ), #3249, .F. ) ;
#1155 =( BOUNDED_SURFACE ( )  B_SPLINE_SURFACE ( 3, 2, ( 
 ( #969, #665, #1766 ),
 ( #2128, #1824, #262 ),
 ( #3217, #3531, #2954 ),
 ( #1294, #761, #2394 ),
 ( #2930, #1031, #3496 ),
 ( #1016, #2158, #1857 ) ),
 .UNSPECIFIED., .F., .F., .T. ) 
 B_SPLINE_SURFACE_WITH_KNOTS ( ( 4, 2, 4 ),
 ( 3, 3 ),
 ( 0.001343214019017457224, 0.001595894816006976445, 0.001848575612996495882 ),
 ( 0.08601636866064825415, 1.000000000000000000 ),
 .UNSPECIFIED. ) 
 GEOMETRIC_REPRESENTATION_ITEM ( )  RATIONAL_B_SPLINE_SURFACE ( (
 ( 0.9831047229862046599, 0.9017903378341237675, 1.000000000000000000),
 ( 0.9878495986253408301, 0.9293715744813931812, 1.000000000000000000),
 ( 0.9921516220970064692, 0.9543785791867306356, 1.000000000000000000),
 ( 0.9982519993215299703, 0.9898391393075063327, 1.000000000000000000),
 ( 1.000024534562790279, 1.000142615662414247, 1.000000000000000000),
 ( 1.000000000000000000, 1.000000000000000000, 1.000000000000000000) ) ) 
 REPRESENTATION_ITEM ( '' )  SURFACE ( )  );
#1156 = CARTESIAN_POINT ( 'NONE',  ( -2.613045595820666644, -3.281102757244601875, -0.4134850076937114371 ) ) ;
#1157 = COLOUR_RGB ( '',1.000000000000000000, 1.000000000000000000, 0.000000000000000000 ) ;
#1158 = UNCERTAINTY_MEASURE_WITH_UNIT (LENGTH_MEASURE( 1.000000000000000082E-05 ), #2496, 'distance_accuracy_value', 'NONE');
#1159 = DIRECTION ( 'NONE',  ( 0.9162872398296045828, 0.4005217773423124794, -0.000000000000000000 ) ) ;
#1160 = DIRECTION ( 'NONE',  ( -0.000000000000000000, 1.000000000000000000, 0.000000000000000000 ) ) ;
#1161 = MECHANICAL_DESIGN_GEOMETRIC_PRESENTATION_REPRESENTATION (  '', ( #1802 ), #587 ) ;
#1162 = AXIS2_PLACEMENT_3D ( 'NONE', #1004, #2400, #3064 ) ;
#1163 = CARTESIAN_POINT ( 'NONE',  ( -0.02911014800967115165, 0.1172739142811487639, -0.7714120866427144341 ) ) ;
#1164 = ORIENTED_EDGE ( 'NONE', *, *, #1704, .F. ) ;
#1165 = PRESENTATION_STYLE_ASSIGNMENT (( #1509 ) ) ;
#1166 = CARTESIAN_POINT ( 'NONE',  ( -2.361254894885463251, -3.151552947975613694, -0.4204553341204135264 ) ) ;
#1167 = DIRECTION ( 'NONE',  ( 0.000000000000000000, 0.000000000000000000, -1.000000000000000000 ) ) ;
#1168 = EDGE_CURVE ( 'NONE', #1045, #1774, #1847, .T. ) ;
#1169 = EDGE_CURVE ( 'NONE', #3041, #2803, #2322, .T. ) ;
#1170 = CARTESIAN_POINT ( 'NONE',  ( 1.345410343634267925, -3.703723890399238439, 0.1048878916830396912 ) ) ;
#1171 = VERTEX_POINT ( 'NONE', #1952 ) ;
#1172 = SURFACE_SIDE_STYLE ('',( #2805 ) ) ;
#1173 = DIRECTION ( 'NONE',  ( -0.000000000000000000, -0.000000000000000000, -1.000000000000000000 ) ) ;
#1174 = UNCERTAINTY_MEASURE_WITH_UNIT (LENGTH_MEASURE( 1.000000000000000082E-05 ), #2154, 'distance_accuracy_value', 'NONE');
#1175 = SURFACE_STYLE_USAGE ( .BOTH. , #889 ) ;
#1176 =( NAMED_UNIT ( * ) PLANE_ANGLE_UNIT ( ) SI_UNIT ( $, .RADIAN. ) );
#1177 =( BOUNDED_SURFACE ( )  B_SPLINE_SURFACE ( 2, 3, ( 
 ( #1020, #3518, #1351, #500, #1287, #3243, #235, #1878, #2696, #7, #2977, #252 ),
 ( #1917, #2668, #1075, #1060, #1895, #2993, #2183, #3285, #810, #3485, #1008, #2120 ),
 ( #1716, #3342, #1372, #827, #847, #2011, #1948, #3303, #2756, #2461, #2206, #1682 ) ),
 .UNSPECIFIED., .F., .F., .F. ) 
 B_SPLINE_SURFACE_WITH_KNOTS ( ( 3, 3 ),
 ( 4, 2, 2, 2, 2, 4 ),
 ( 0.000000000000000000, 1.000000000000000000 ),
 ( 4.668605487774450502, 5.409735650720565836, 5.595018191457095114, 5.780300732193623503, 5.965583272930151892, 6.150865813666681170 ),
 .UNSPECIFIED. ) 
 GEOMETRIC_REPRESENTATION_ITEM ( )  RATIONAL_B_SPLINE_SURFACE ( (
 ( 1.000000000000000000, 1.000000000000000000, 1.000000000000000000, 1.000000000000000000, 1.000000000000000000, 1.000000000000000000, 1.000000000000000000, 1.000000000000000000, 1.000000000000000000, 1.000000000000000000, 1.000000000000000000, 1.000000000000000000),
 ( 0.8517814756917192476, 0.8431361597465748536, 0.8257069464459710906, 0.7523773759224080537, 0.7349493288157924464, 0.6944595065277089363, 0.6711714045429060249, 0.6242862966018951631, 0.6008904067545700611, 0.5688655281517542850, 0.5608987647437726487, 0.5616600005265276474),
 ( 1.000000000000000000, 1.000000000000000000, 1.000000000000000000, 1.000000000000000000, 1.000000000000000000, 1.000000000000000000, 1.000000000000000000, 1.000000000000000000, 1.000000000000000000, 1.000000000000000000, 1.000000000000000000, 1.000000000000000000) ) ) 
 REPRESENTATION_ITEM ( '' )  SURFACE ( )  );
#1178 = CARTESIAN_POINT ( 'NONE',  ( -0.1874412629993594259, 0.3017592949591931251, -0.6479786243901254350 ) ) ;
#1179 = FACE_OUTER_BOUND ( 'NONE', #71, .T. ) ;
#1180 = CARTESIAN_POINT ( 'NONE',  ( 2.644729999999999137, -2.186356007584653760, 0.5849999999999999645 ) ) ;
#1181 = AXIS2_PLACEMENT_3D ( 'NONE', #3527, #1359, #2168 ) ;
#1182 = STYLED_ITEM ( 'NONE', ( #770 ), #3471 ) ;
#1183 = PRESENTATION_STYLE_ASSIGNMENT (( #147 ) ) ;
#1184 = CARTESIAN_POINT ( 'NONE',  ( -0.3656744043418208578, -0.6648195265703739087, 1.584999999999999964 ) ) ;
#1185 = B_SPLINE_CURVE_WITH_KNOTS ( 'NONE', 3,
 ( #1526, #948, #3457, #1909 ),
 .UNSPECIFIED., .F., .F.,
 ( 4, 4 ),
 ( 0.000000000000000000, 0.0002401905876158372981 ),
 .UNSPECIFIED. ) ;
#1186 = CARTESIAN_POINT ( 'NONE',  ( -0.3656744043418210799, -0.6648195265703737977, 0.5849999999999999645 ) ) ;
#1187 = CARTESIAN_POINT ( 'NONE',  ( -2.652168288002806129, -4.628400276723097839, -0.5238263502107298741 ) ) ;
#1188 = EDGE_LOOP ( 'NONE', ( #704, #3141, #2609, #3184 ) ) ;
#1189 = CARTESIAN_POINT ( 'NONE',  ( -0.4734283814241602162, -0.03756951691434766427, 0.5849999999999999645 ) ) ;
#1190 = ORIENTED_EDGE ( 'NONE', *, *, #3411, .T. ) ;
#1191 = MANIFOLD_SOLID_BREP ( 'Fillet5', #1830 ) ;
#1192 = EDGE_CURVE ( 'NONE', #3, #763, #1358, .T. ) ;
#1193 = VERTEX_POINT ( 'NONE', #2370 ) ;
#1194 = CARTESIAN_POINT ( 'NONE',  ( 0.2759661496140823345, 0.4809882835709695104, 0.5849999999999999645 ) ) ;
#1195 = SURFACE_SIDE_STYLE ('',( #909 ) ) ;
#1196 = CARTESIAN_POINT ( 'NONE',  ( -2.198493941844000599, -3.221504351333440042, 0.2480281762205339413 ) ) ;
#1197 = CARTESIAN_POINT ( 'NONE',  ( -3.155009696598160218, -2.346399155981257589, -0.6207540369818757009 ) ) ;
#1198 = DIRECTION ( 'NONE',  ( -0.6677288681902769918, -0.7444045664726484102, 8.354909239659862950E-16 ) ) ;
#1199 = ORIENTED_EDGE ( 'NONE', *, *, #2920, .T. ) ;
#1200 =( LENGTH_UNIT ( ) NAMED_UNIT ( * ) SI_UNIT ( .MILLI., .METRE. ) );
#1201 =( NAMED_UNIT ( * ) SI_UNIT ( $, .STERADIAN. ) SOLID_ANGLE_UNIT ( ) );
#1202 = CARTESIAN_POINT ( 'NONE',  ( 2.665412991790405250, -4.168975020158521616, 0.6895355095839966753 ) ) ;
#1203 = EDGE_CURVE ( 'NONE', #353, #422, #156, .T. ) ;
#1204 = FACE_OUTER_BOUND ( 'NONE', #886, .T. ) ;
#1205 = CARTESIAN_POINT ( 'NONE',  ( 0.3114011842835631150, 0.3234962784194725938, -0.5849999999999999645 ) ) ;
#1206 = CARTESIAN_POINT ( 'NONE',  ( 2.652168287546918801, -4.628400275776417772, 0.5238263520576572629 ) ) ;
#1207 = CARTESIAN_POINT ( 'NONE',  ( -2.741510548496807420, -4.420743407462631502, -0.3810619672969491334 ) ) ;
#1208 = VERTEX_POINT ( 'NONE', #1514 ) ;
#1209 = AXIS2_PLACEMENT_3D ( 'NONE', #1042, #3308, #517 ) ;
#1210 = ORIENTED_EDGE ( 'NONE', *, *, #3096, .T. ) ;
#1211 = MECHANICAL_DESIGN_GEOMETRIC_PRESENTATION_REPRESENTATION (  '', ( #1957 ), #418 ) ;
#1212 = ORIENTED_EDGE ( 'NONE', *, *, #731, .T. ) ;
#1213 =( LENGTH_UNIT ( ) NAMED_UNIT ( * ) SI_UNIT ( .MILLI., .METRE. ) );
#1214 = CARTESIAN_POINT ( 'NONE',  ( 0.02911014800930431315, 0.1172739142803195939, 0.7714120866431442014 ) ) ;
#1215 = EDGE_CURVE ( 'NONE', #3081, #56, #2646, .T. ) ;
#1216 = PRESENTATION_LAYER_ASSIGNMENT (  '', '', ( #3057 ) ) ;
#1217 = PRESENTATION_LAYER_ASSIGNMENT (  '', '', ( #643 ) ) ;
#1218 = MECHANICAL_DESIGN_GEOMETRIC_PRESENTATION_REPRESENTATION (  '', ( #2707 ), #2898 ) ;
#1219 = SURFACE_SIDE_STYLE ('',( #471 ) ) ;
#1220 = CARTESIAN_POINT ( 'NONE',  ( 2.745701469715431386, -2.595819110288332343, 0.7883586399738703454 ) ) ;
#1221 = CARTESIAN_POINT ( 'NONE',  ( 1.379161301237330939, -3.596972309284004243, 0.3266689818227361264 ) ) ;
#1222 = ORIENTED_EDGE ( 'NONE', *, *, #1379, .T. ) ;
#1223 = FILL_AREA_STYLE_COLOUR ( '', #3155 ) ;
#1224 = CARTESIAN_POINT ( 'NONE',  ( -2.736088745694138513, -3.100290094243058903, -0.7815485855139209237 ) ) ;
#1225 =( NAMED_UNIT ( * ) SI_UNIT ( $, .STERADIAN. ) SOLID_ANGLE_UNIT ( ) );
#1226 =( GEOMETRIC_REPRESENTATION_CONTEXT ( 3 ) GLOBAL_UNCERTAINTY_ASSIGNED_CONTEXT ( ( #1656 ) ) GLOBAL_UNIT_ASSIGNED_CONTEXT ( ( #1970, #2539, #617 ) ) REPRESENTATION_CONTEXT ( 'NONE', 'WORKASPACE' ) );
#1227 = FILL_AREA_STYLE_COLOUR ( '', #3281 ) ;
#1228 = CARTESIAN_POINT ( 'NONE',  ( -0.05269827791232566117, 0.1438161819696008037, -0.7656417618441717643 ) ) ;
#1229 = CARTESIAN_POINT ( 'NONE',  ( -1.960341659760813204, -2.905816416236101762, -0.5729964234755491326 ) ) ;
#1230 = ORIENTED_EDGE ( 'NONE', *, *, #1169, .F. ) ;
#1231 =( LENGTH_UNIT ( ) NAMED_UNIT ( * ) SI_UNIT ( .MILLI., .METRE. ) );
#1232 =( NAMED_UNIT ( * ) SI_UNIT ( $, .STERADIAN. ) SOLID_ANGLE_UNIT ( ) );
#1233 = SURFACE_STYLE_FILL_AREA ( #2848 ) ;
#1234 = CARTESIAN_POINT ( 'NONE',  ( -2.949660382113299839, -3.642189300119855311, -0.3318027974287297011 ) ) ;
#1235 = CARTESIAN_POINT ( 'NONE',  ( 3.155067932147022525, -2.347427413191846668, 0.6205445273305743026 ) ) ;
#1236 = ADVANCED_FACE ( 'NONE', ( #2352 ), #1784, .T. ) ;
#1237 = ORIENTED_EDGE ( 'NONE', *, *, #1168, .T. ) ;
#1238 = PRESENTATION_STYLE_ASSIGNMENT (( #2377 ) ) ;
#1239 =( NAMED_UNIT ( * ) PLANE_ANGLE_UNIT ( ) SI_UNIT ( $, .RADIAN. ) );
#1240 =( GEOMETRIC_REPRESENTATION_CONTEXT ( 3 ) GLOBAL_UNCERTAINTY_ASSIGNED_CONTEXT ( ( #3075 ) ) GLOBAL_UNIT_ASSIGNED_CONTEXT ( ( #462, #2140, #1805 ) ) REPRESENTATION_CONTEXT ( 'NONE', 'WORKASPACE' ) );
#1241 = CARTESIAN_POINT ( 'NONE',  ( -0.1124099884837321123, 0.1142696240243903649, -0.7883586399738703454 ) ) ;
#1242 = CARTESIAN_POINT ( 'NONE',  ( 1.850497751808911850, -3.048141759878197909, 0.5494284898415223717 ) ) ;
#1243 =( LENGTH_UNIT ( ) NAMED_UNIT ( * ) SI_UNIT ( .MILLI., .METRE. ) );
#1244 = SURFACE_STYLE_FILL_AREA ( #1476 ) ;
#1245 = CARTESIAN_POINT ( 'NONE',  ( -1.851189570848992272, -3.047245623452206953, -0.5495770715777852367 ) ) ;
#1246 = ORIENTED_EDGE ( 'NONE', *, *, #1610, .T. ) ;
#1247 = STYLED_ITEM ( 'NONE', ( #2988 ), #2507 ) ;
#1248 = FILL_AREA_STYLE_COLOUR ( '', #2109 ) ;
#1249 = ORIENTED_EDGE ( 'NONE', *, *, #2074, .T. ) ;
#1250 = VERTEX_POINT ( 'NONE', #1256 ) ;
#1251 = FACE_OUTER_BOUND ( 'NONE', #1769, .T. ) ;
#1252 = LINE ( 'NONE', #1754, #1645 ) ;
#1253 = MECHANICAL_DESIGN_GEOMETRIC_PRESENTATION_REPRESENTATION (  '', ( #2404 ), #3265 ) ;
#1254 = PRESENTATION_STYLE_ASSIGNMENT (( #3475 ) ) ;
#1255 =( LENGTH_UNIT ( ) NAMED_UNIT ( * ) SI_UNIT ( .MILLI., .METRE. ) );
#1256 = CARTESIAN_POINT ( 'NONE',  ( -2.402762971444486695, -7.115710863226931693, -0.5849999999999999645 ) ) ;
#1257 = DIRECTION ( 'NONE',  ( 2.295113564421621368E-16, -1.000000000000000000, 0.000000000000000000 ) ) ;
#1258 = DIRECTION ( 'NONE',  ( 0.000000000000000000, 1.000000000000000000, 0.000000000000000000 ) ) ;
#1259 = ADVANCED_FACE ( 'NONE', ( #1292 ), #1714, .T. ) ;
#1260 = FILL_AREA_STYLE_COLOUR ( '', #151 ) ;
#1261 = FILL_AREA_STYLE ('',( #3448 ) ) ;
#1262 = ORIENTED_EDGE ( 'NONE', *, *, #1818, .T. ) ;
#1263 = VECTOR ( 'NONE', #700, 1000.000000000000000 ) ;
#1264 = PRESENTATION_STYLE_ASSIGNMENT (( #1811 ) ) ;
#1265 = FILL_AREA_STYLE_COLOUR ( '', #1269 ) ;
#1266 = ORIENTED_EDGE ( 'NONE', *, *, #2764, .T. ) ;
#1267 = CARTESIAN_POINT ( 'NONE',  ( -0.3179861003353253723, 0.3265593701559161288, 0.5850000000000000755 ) ) ;
#1268 = CARTESIAN_POINT ( 'NONE',  ( 3.155270000000000241, -5.965522979686022076, 0.5849999999999999645 ) ) ;
#1269 = COLOUR_RGB ( '',1.000000000000000000, 1.000000000000000000, 0.000000000000000000 ) ;
#1270 = CARTESIAN_POINT ( 'NONE',  ( 0.08992488696511127810, 0.1628146860446610111, 0.7652687124124566420 ) ) ;
#1271 = EDGE_CURVE ( 'NONE', #3165, #319, #1185, .T. ) ;
#1272 = CIRCLE ( 'NONE', #2136, 1.000000000000000000 ) ;
#1273 = PRESENTATION_STYLE_ASSIGNMENT (( #2983 ) ) ;
#1274 = ORIENTED_EDGE ( 'NONE', *, *, #2726, .F. ) ;
#1275 = CARTESIAN_POINT ( 'NONE',  ( 0.02911014800667748037, 0.1172739142812351532, 0.7714120866427146561 ) ) ;
#1276 = DIRECTION ( 'NONE',  ( 1.000000000000000000, 0.000000000000000000, 0.000000000000000000 ) ) ;
#1277 = SURFACE_STYLE_USAGE ( .BOTH. , #2672 ) ;
#1278 =( BOUNDED_SURFACE ( )  B_SPLINE_SURFACE ( 3, 2, ( 
 ( #2534, #1166, #899 ),
 ( #3102, #3152, #1224 ),
 ( #403, #1490, #3406 ),
 ( #681, #2606, #2833 ) ),
 .UNSPECIFIED., .F., .F., .F. ) 
 B_SPLINE_SURFACE_WITH_KNOTS ( ( 4, 4 ),
 ( 3, 3 ),
 ( 0.006622758619503040303, 0.007380779141061389638 ),
 ( 0.000000000000000000, 1.000000000000000000 ),
 .UNSPECIFIED. ) 
 GEOMETRIC_REPRESENTATION_ITEM ( )  RATIONAL_B_SPLINE_SURFACE ( (
 ( 1.000000000000000000, 0.8812303283646679697, 1.000000000000000000),
 ( 1.000000000000000000, 0.9135085733404226804, 1.000000000000000000),
 ( 1.000000000000000000, 0.9350502816465846578, 1.000000000000000000),
 ( 1.000000000000000000, 0.9477978054485349801, 1.000000000000000000) ) ) 
 REPRESENTATION_ITEM ( '' )  SURFACE ( )  );
#1279 = CARTESIAN_POINT ( 'NONE',  ( 0.4140068247108166233, 0.1520274724676634326, -0.5849999999999999645 ) ) ;
#1280 = CARTESIAN_POINT ( 'NONE',  ( 0.06320370403985470231, 0.1569225962380957073, 0.7577983925098636941 ) ) ;
#1281 = DIRECTION ( 'NONE',  ( 0.000000000000000000, 0.000000000000000000, -1.000000000000000000 ) ) ;
#1282 =( LENGTH_UNIT ( ) NAMED_UNIT ( * ) SI_UNIT ( .MILLI., .METRE. ) );
#1283 = MECHANICAL_DESIGN_GEOMETRIC_PRESENTATION_REPRESENTATION (  '', ( #2378 ), #2025 ) ;
#1284 = ORIENTED_EDGE ( 'NONE', *, *, #1681, .F. ) ;
#1285 = ADVANCED_FACE ( 'NONE', ( #444 ), #2274, .T. ) ;
#1286 = CARTESIAN_POINT ( 'NONE',  ( 2.381942695131713972, -1.310153269281933985, 0.5849999999999999645 ) ) ;
#1287 = CARTESIAN_POINT ( 'NONE',  ( 2.842331989466860165, -4.043300477730035425, 0.3360526778174643958 ) ) ;
#1288 = UNCERTAINTY_MEASURE_WITH_UNIT (LENGTH_MEASURE( 1.000000000000000082E-05 ), #1243, 'distance_accuracy_value', 'NONE');
#1289 =( NAMED_UNIT ( * ) SI_UNIT ( $, .STERADIAN. ) SOLID_ANGLE_UNIT ( ) );
#1290 = CARTESIAN_POINT ( 'NONE',  ( 0.1138327371214099132, 0.1234673934031805670, 0.7817235205292467626 ) ) ;
#1291 = ORIENTED_EDGE ( 'NONE', *, *, #530, .F. ) ;
#1292 = FACE_OUTER_BOUND ( 'NONE', #1188, .T. ) ;
#1293 =( LENGTH_UNIT ( ) NAMED_UNIT ( * ) SI_UNIT ( .MILLI., .METRE. ) );
#1294 = CARTESIAN_POINT ( 'NONE',  ( 0.2646973052443319929, -0.4600035578799979152, -0.6038177157455574262 ) ) ;
#1295 = VERTEX_POINT ( 'NONE', #1615 ) ;
#1296 = CARTESIAN_POINT ( 'NONE',  ( -0.3656744043418210799, -0.6648195265703737977, 0.5849999999999999645 ) ) ;
#1297 = AXIS2_PLACEMENT_3D ( 'NONE', #3100, #949, #1489 ) ;
#1298 = PRESENTATION_LAYER_ASSIGNMENT (  '', '', ( #1588 ) ) ;
#1299 = CARTESIAN_POINT ( 'NONE',  ( -2.912123483948731106, -3.781469440676036520, -0.3300180515362178268 ) ) ;
#1300 = AXIS2_PLACEMENT_3D ( 'NONE', #1286, #690, #193 ) ;
#1301 = CARTESIAN_POINT ( 'NONE',  ( 0.2573625373337051769, 0.4879838801108886681, 0.5999442334697751011 ) ) ;
#1302 = CARTESIAN_POINT ( 'NONE',  ( -3.100969330642399768, -1.963208113032354429, -0.7287982527618945827 ) ) ;
#1303 = EDGE_CURVE ( 'NONE', #1764, #3418, #2015, .T. ) ;
#1304 = PRESENTATION_LAYER_ASSIGNMENT (  '', '', ( #2736 ) ) ;
#1305 =( LENGTH_UNIT ( ) NAMED_UNIT ( * ) SI_UNIT ( .MILLI., .METRE. ) );
#1306 = CARTESIAN_POINT ( 'NONE',  ( 3.155270000000014896, -2.586790217762549915, 0.5564858844818880712 ) ) ;
#1307 = COLOUR_RGB ( '',1.000000000000000000, 1.000000000000000000, 0.000000000000000000 ) ;
#1308 = COLOUR_RGB ( '',1.000000000000000000, 1.000000000000000000, 0.000000000000000000 ) ;
#1309 =( NAMED_UNIT ( * ) PLANE_ANGLE_UNIT ( ) SI_UNIT ( $, .RADIAN. ) );
#1310 = CARTESIAN_POINT ( 'NONE',  ( 1.899999999999999911, -2.186356007584650207, 1.584999999999999964 ) ) ;
#1311 = DIRECTION ( 'NONE',  ( 0.000000000000000000, 1.000000000000000000, 0.000000000000000000 ) ) ;
#1312 = ORIENTED_EDGE ( 'NONE', *, *, #2958, .F. ) ;
#1313 = EDGE_CURVE ( 'NONE', #618, #579, #2433, .T. ) ;
#1314 = CYLINDRICAL_SURFACE ( 'NONE', #1828, 0.2552700000000001634 ) ;
#1315 = SURFACE_STYLE_USAGE ( .BOTH. , #786 ) ;
#1316 = CARTESIAN_POINT ( 'NONE',  ( -0.1026190649315864706, -0.1141860761634471699, 0.7555903496812205189 ) ) ;
#1317 = CARTESIAN_POINT ( 'NONE',  ( 2.638984151697163938, -2.878948690164394808, -0.2318002266073720952 ) ) ;
#1318 = CARTESIAN_POINT ( 'NONE',  ( 2.016268290789891893, -1.974972795852307339, 0.5849999999999999645 ) ) ;
#1319 = SURFACE_SIDE_STYLE ('',( #2994 ) ) ;
#1320 = ORIENTED_EDGE ( 'NONE', *, *, #765, .T. ) ;
#1321 = FILL_AREA_STYLE_COLOUR ( '', #2562 ) ;
#1322 = ADVANCED_FACE ( 'NONE', ( #260 ), #2849, .F. ) ;
#1323 = DIRECTION ( 'NONE',  ( 0.000000000000000000, 0.000000000000000000, 1.000000000000000000 ) ) ;
#1324 = SURFACE_STYLE_USAGE ( .BOTH. , #3476 ) ;
#1325 = STYLED_ITEM ( 'NONE', ( #2847 ), #258 ) ;
#1326 = MECHANICAL_DESIGN_GEOMETRIC_PRESENTATION_REPRESENTATION (  '', ( #93 ), #3171 ) ;
#1327 = EDGE_LOOP ( 'NONE', ( #402, #98, #2354, #840 ) ) ;
#1328 = CARTESIAN_POINT ( 'NONE',  ( -3.150293875926144960, -2.695353454562319229, -0.5248559822873999359 ) ) ;
#1329 = EDGE_CURVE ( 'NONE', #3081, #3466, #1542, .T. ) ;
#1330 = CARTESIAN_POINT ( 'NONE',  ( -2.747617099473531610, -0.6453337427115627412, -1.585000000000001297 ) ) ;
#1331 = SURFACE_STYLE_USAGE ( .BOTH. , #717 ) ;
#1332 = COLOUR_RGB ( '',1.000000000000000000, 1.000000000000000000, 0.000000000000000000 ) ;
#1333 = STYLED_ITEM ( 'NONE', ( #664 ), #3159 ) ;
#1334 = CARTESIAN_POINT ( 'NONE',  ( -0.07436304954020780955, 0.1351967947514224888, -0.7883586399738703454 ) ) ;
#1335 = ORIENTED_EDGE ( 'NONE', *, *, #2169, .F. ) ;
#1336 =( NAMED_UNIT ( * ) SI_UNIT ( $, .STERADIAN. ) SOLID_ANGLE_UNIT ( ) );
#1337 = DIRECTION ( 'NONE',  ( 1.000000000000000000, 0.000000000000000000, 0.000000000000000000 ) ) ;
#1338 = SURFACE_STYLE_FILL_AREA ( #1905 ) ;
#1339 =( NAMED_UNIT ( * ) PLANE_ANGLE_UNIT ( ) SI_UNIT ( $, .RADIAN. ) );
#1340 =( NAMED_UNIT ( * ) SI_UNIT ( $, .STERADIAN. ) SOLID_ANGLE_UNIT ( ) );
#1341 = CARTESIAN_POINT ( 'NONE',  ( -0.3656744043418210244, 0.6648195265703717993, -0.5849999999999999645 ) ) ;
#1342 = FACE_OUTER_BOUND ( 'NONE', #3270, .T. ) ;
#1343 = DIRECTION ( 'NONE',  ( -0.9162872398296045828, 0.4005217773423124794, 0.000000000000000000 ) ) ;
#1344 = ADVANCED_FACE ( 'NONE', ( #1041 ), #807, .T. ) ;
#1345 = MECHANICAL_DESIGN_GEOMETRIC_PRESENTATION_REPRESENTATION (  '', ( #997 ), #3013 ) ;
#1346 = ORIENTED_EDGE ( 'NONE', *, *, #3034, .F. ) ;
#1347 = CARTESIAN_POINT ( 'NONE',  ( 2.016268290789891893, -1.974972795852307339, 1.584999999999999964 ) ) ;
#1348 = DIRECTION ( 'NONE',  ( 0.000000000000000000, 0.000000000000000000, -1.000000000000000000 ) ) ;
#1349 = PRODUCT_DEFINITION_SHAPE ( 'NONE', 'NONE',  #2051 ) ;
#1350 = CARTESIAN_POINT ( 'NONE',  ( 0.05003589178710172308, 0.1536514544760504142, 0.7534656179441835411 ) ) ;
#1351 = CARTESIAN_POINT ( 'NONE',  ( 2.887911865682460721, -3.871300126114959994, 0.3282661090603000154 ) ) ;
#1352 = ORIENTED_EDGE ( 'NONE', *, *, #1570, .F. ) ;
#1353 =( GEOMETRIC_REPRESENTATION_CONTEXT ( 3 ) GLOBAL_UNCERTAINTY_ASSIGNED_CONTEXT ( ( #76 ) ) GLOBAL_UNIT_ASSIGNED_CONTEXT ( ( #1213, #2071, #2163 ) ) REPRESENTATION_CONTEXT ( 'NONE', 'WORKASPACE' ) );
#1354 = CIRCLE ( 'NONE', #1300, 0.2552700000000001634 ) ;
#1355 = CARTESIAN_POINT ( 'NONE',  ( 3.155270000000025998, -2.381642949867065706, 0.6102934113477285205 ) ) ;
#1356 = CARTESIAN_POINT ( 'NONE',  ( 2.747617099473533386, -0.6453337427115599656, 1.584999999999999964 ) ) ;
#1357 = MECHANICAL_DESIGN_GEOMETRIC_PRESENTATION_REPRESENTATION (  '', ( #2926 ), #729 ) ;
#1358 = B_SPLINE_CURVE_WITH_KNOTS ( 'NONE', 3,
 ( #601, #3139, #1429, #2317, #3194, #1537 ),
 .UNSPECIFIED., .F., .F.,
 ( 4, 2, 4 ),
 ( -8.159504934886404606E-06, 0.0003027764539837550918, 0.0006137124129023966085 ),
 .UNSPECIFIED. ) ;
#1359 = DIRECTION ( 'NONE',  ( 0.000000000000000000, 0.000000000000000000, 1.000000000000000000 ) ) ;
#1360 = FILL_AREA_STYLE_COLOUR ( '', #3346 ) ;
#1361 = VERTEX_POINT ( 'NONE', #3032 ) ;
#1362 = SURFACE_STYLE_FILL_AREA ( #491 ) ;
#1363 = CARTESIAN_POINT ( 'NONE',  ( 1.850497751808911850, -3.048141759878197909, 0.5494284898415223717 ) ) ;
#1364 = CARTESIAN_POINT ( 'NONE',  ( -2.963412858695523511, -2.589567531508774945, 0.1494431772909073086 ) ) ;
#1365 = FILL_AREA_STYLE ('',( #1138 ) ) ;
#1366 = CARTESIAN_POINT ( 'NONE',  ( 2.900000000000001243, -10.54099074031410410, 0.5849999999999999645 ) ) ;
#1367 = UNCERTAINTY_MEASURE_WITH_UNIT (LENGTH_MEASURE( 1.000000000000000082E-05 ), #1861, 'distance_accuracy_value', 'NONE');
#1368 = EDGE_CURVE ( 'NONE', #422, #2899, #2511, .T. ) ;
#1369 = STYLED_ITEM ( 'NONE', ( #1486 ), #1322 ) ;
#1370 =( NAMED_UNIT ( * ) SI_UNIT ( $, .STERADIAN. ) SOLID_ANGLE_UNIT ( ) );
#1371 = CARTESIAN_POINT ( 'NONE',  ( -2.016268290789895445, -1.974972795852307339, -0.5849999999999999645 ) ) ;
#1372 = CARTESIAN_POINT ( 'NONE',  ( 2.203914884369717164, -3.217612036047246882, -0.2484096133666976458 ) ) ;
#1373 = CARTESIAN_POINT ( 'NONE',  ( -0.05962943834601980297, 0.1638812289794215338, -0.7489717935921745839 ) ) ;
#1374 = CARTESIAN_POINT ( 'NONE',  ( -2.969418743738148070, -1.699133944696957554, -0.7737349181831557621 ) ) ;
#1375 = ORIENTED_EDGE ( 'NONE', *, *, #1329, .T. ) ;
#1376 = CARTESIAN_POINT ( 'NONE',  ( 2.821149566750940085, -1.484588260610521848, 0.7883586422284271089 ) ) ;
#1377 = UNCERTAINTY_MEASURE_WITH_UNIT (LENGTH_MEASURE( 1.000000000000000082E-05 ), #1293, 'distance_accuracy_value', 'NONE');
#1378 = CARTESIAN_POINT ( 'NONE',  ( 0.1124099884817667400, 0.1142696240254713752, 0.7883586399738703454 ) ) ;
#1379 = EDGE_CURVE ( 'NONE', #1101, #3176, #3386, .T. ) ;
#1380 = CARTESIAN_POINT ( 'NONE',  ( 2.722812977573098703, -3.341671503243623054, 0.7687594405288853405 ) ) ;
#1381 = CIRCLE ( 'NONE', #3398, 0.1000000000000000056 ) ;
#1382 = TOROIDAL_SURFACE ( 'NONE', #3399, 1.496743139999936911, 0.2552700000000001634 ) ;
#1383 = CIRCLE ( 'NONE', #3462, 0.5000000000000000000 ) ;
#1384 = ORIENTED_EDGE ( 'NONE', *, *, #2341, .F. ) ;
#1385 = CIRCLE ( 'NONE', #1562, 1.758750797627256501 ) ;
#1386 = CARTESIAN_POINT ( 'NONE',  ( -1.562729105542353336, -3.389732258131700426, -0.4575301542253246700 ) ) ;
#1387 = VECTOR ( 'NONE', #793, 1000.000000000000000 ) ;
#1388 = DIRECTION ( 'NONE',  ( -0.8762027383027153338, 0.4819426951317171137, -0.000000000000000000 ) ) ;
#1389 = ORIENTED_EDGE ( 'NONE', *, *, #3311, .F. ) ;
#1390 = B_SPLINE_CURVE_WITH_KNOTS ( 'NONE', 3,
 ( #1052, #536, #762, #1619, #1674, #1928, #3300, #1103 ),
 .UNSPECIFIED., .F., .F.,
 ( 4, 2, 2, 4 ),
 ( 1.593445260363888742E-18, 0.0002155873551711773208, 0.0004311747103423530154, 0.0008623494206847039708 ),
 .UNSPECIFIED. ) ;
#1391 = EDGE_CURVE ( 'NONE', #2832, #188, #1942, .T. ) ;
#1392 = UNCERTAINTY_MEASURE_WITH_UNIT (LENGTH_MEASURE( 1.000000000000000082E-05 ), #1305, 'distance_accuracy_value', 'NONE');
#1393 = AXIS2_PLACEMENT_3D ( 'NONE', #2066, #408, #989 ) ;
#1394 = CARTESIAN_POINT ( 'NONE',  ( -2.687475338766033950, -4.592535208939077407, -0.4382250164777343193 ) ) ;
#1395 = CARTESIAN_POINT ( 'NONE',  ( 3.008853928085871932, -1.770118507260113105, 0.7644148163218142944 ) ) ;
#1396 = CARTESIAN_POINT ( 'NONE',  ( -3.183532542268260102, -2.109270380539173484, -0.4190386858342918797 ) ) ;
#1397 = ORIENTED_EDGE ( 'NONE', *, *, #971, .F. ) ;
#1398 = CARTESIAN_POINT ( 'NONE',  ( 0.1124099884817667400, 0.1142696240254713752, 0.7883586399738703454 ) ) ;
#1399 = UNCERTAINTY_MEASURE_WITH_UNIT (LENGTH_MEASURE( 1.000000000000000082E-05 ), #2733, 'distance_accuracy_value', 'NONE');
#1400 = CARTESIAN_POINT ( 'NONE',  ( -1.348726791288613835, -3.635268543773065630, -0.2865922208726516263 ) ) ;
#1401 = CARTESIAN_POINT ( 'NONE',  ( -0.06320370404511353735, 0.1569225962278565645, -0.7577983925231636109 ) ) ;
#1402 =( LENGTH_UNIT ( ) NAMED_UNIT ( * ) SI_UNIT ( .MILLI., .METRE. ) );
#1403 = MECHANICAL_DESIGN_GEOMETRIC_PRESENTATION_REPRESENTATION (  '', ( #2335 ), #3232 ) ;
#1404 = ORIENTED_EDGE ( 'NONE', *, *, #1818, .F. ) ;
#1405 = ADVANCED_FACE ( 'NONE', ( #610 ), #2229, .F. ) ;
#1406 = CARTESIAN_POINT ( 'NONE',  ( 3.252268127271489284, -1.168319671799421977, 0.5798878427204103847 ) ) ;
#1407 = UNCERTAINTY_MEASURE_WITH_UNIT (LENGTH_MEASURE( 1.000000000000000082E-05 ), #2901, 'distance_accuracy_value', 'NONE');
#1408 = PRESENTATION_LAYER_ASSIGNMENT (  '', '', ( #2734 ) ) ;
#1409 = DIRECTION ( 'NONE',  ( 1.000000000000000000, 0.000000000000000000, -0.000000000000000000 ) ) ;
#1410 = COLOUR_RGB ( '',1.000000000000000000, 1.000000000000000000, 0.000000000000000000 ) ;
#1411 = ORIENTED_EDGE ( 'NONE', *, *, #2161, .T. ) ;
#1412 = STYLED_ITEM ( 'NONE', ( #2555 ), #2393 ) ;
#1413 = CARTESIAN_POINT ( 'NONE',  ( -3.054749958507818608, -3.251188081244885009, -0.3810343945174903268 ) ) ;
#1414 = CARTESIAN_POINT ( 'NONE',  ( 2.987904564524441753, -3.504838181201889835, 0.3421911673928355047 ) ) ;
#1415 = CARTESIAN_POINT ( 'NONE',  ( 0.08345734995842682413, -0.08738101868065152600, -0.7714120866431442014 ) ) ;
#1416 = ORIENTED_EDGE ( 'NONE', *, *, #2211, .F. ) ;
#1417 = CARTESIAN_POINT ( 'NONE',  ( -1.348726791288613835, -3.635268543773065630, -0.2865922208726516263 ) ) ;
#1418 = CARTESIAN_POINT ( 'NONE',  ( 2.643706154692229138, -4.554328575500921517, 0.5865372166026757705 ) ) ;
#1419 =( NAMED_UNIT ( * ) PLANE_ANGLE_UNIT ( ) SI_UNIT ( $, .RADIAN. ) );
#1420 = CARTESIAN_POINT ( 'NONE',  ( 2.722812977573098703, -3.341671503243623054, 0.7687594405288853405 ) ) ;
#1421 = EDGE_CURVE ( 'NONE', #956, #2135, #2113, .T. ) ;
#1422 = MECHANICAL_DESIGN_GEOMETRIC_PRESENTATION_REPRESENTATION (  '', ( #2070 ), #2450 ) ;
#1423 = DIRECTION ( 'NONE',  ( -0.8762027383027153338, -0.4819426951317171137, 0.000000000000000000 ) ) ;
#1424 = SURFACE_SIDE_STYLE ('',( #2013 ) ) ;
#1425 = ORIENTED_EDGE ( 'NONE', *, *, #1215, .F. ) ;
#1426 = CARTESIAN_POINT ( 'NONE',  ( 1.959822717415908411, -2.906570332551310365, 0.5729314230294323407 ) ) ;
#1427 = UNCERTAINTY_MEASURE_WITH_UNIT (LENGTH_MEASURE( 1.000000000000000082E-05 ), #1255, 'distance_accuracy_value', 'NONE');
#1428 = FILL_AREA_STYLE_COLOUR ( '', #417 ) ;
#1429 = CARTESIAN_POINT ( 'NONE',  ( 0.2742701137149881618, -0.4785466671429113306, -0.5999713838092064488 ) ) ;
#1430 = EDGE_CURVE ( 'NONE', #431, #2819, #910, .T. ) ;
#1431 = DIRECTION ( 'NONE',  ( -0.000000000000000000, -0.000000000000000000, -1.000000000000000000 ) ) ;
#1432 = STYLED_ITEM ( 'NONE', ( #1053 ), #31 ) ;
#1433 = CARTESIAN_POINT ( 'NONE',  ( -3.032939308687653046, -2.541808794410758576, -0.2751357141937744166 ) ) ;
#1434 = CARTESIAN_POINT ( 'NONE',  ( 2.913629523516389597, -3.775882812234205854, 0.3300941173909156534 ) ) ;
#1435 = ORIENTED_EDGE ( 'NONE', *, *, #1899, .F. ) ;
#1436 = STYLED_ITEM ( 'NONE', ( #3445 ), #710 ) ;
#1437 = DIRECTION ( 'NONE',  ( 1.000000000000000000, 0.000000000000000000, 0.000000000000000000 ) ) ;
#1438 = CARTESIAN_POINT ( 'NONE',  ( -1.823375403674732054, -3.083284655402725782, -0.5436093454678152526 ) ) ;
#1439 = CARTESIAN_POINT ( 'NONE',  ( 2.673455637998094492, -4.066517376920057103, 0.7032639828350074618 ) ) ;
#1440 = CARTESIAN_POINT ( 'NONE',  ( -0.3150372605769293788, -0.5621154072912639688, 0.5850132592294898792 ) ) ;
#1441 = CARTESIAN_POINT ( 'NONE',  ( -0.2846751878691027859, 0.6413055860190590707, -0.5849999999999999645 ) ) ;
#1442 = AXIS2_PLACEMENT_3D ( 'NONE', #825, #1930, #513 ) ;
#1443 = CARTESIAN_POINT ( 'NONE',  ( -0.3656744043418210244, 0.6648195265703720214, -0.5849999999999999645 ) ) ;
#1444 = ORIENTED_EDGE ( 'NONE', *, *, #3016, .T. ) ;
#1445 =( GEOMETRIC_REPRESENTATION_CONTEXT ( 3 ) GLOBAL_UNCERTAINTY_ASSIGNED_CONTEXT ( ( #311 ) ) GLOBAL_UNIT_ASSIGNED_CONTEXT ( ( #2237, #2251, #2827 ) ) REPRESENTATION_CONTEXT ( 'NONE', 'WORKASPACE' ) );
#1446 = B_SPLINE_CURVE_WITH_KNOTS ( 'NONE', 3,
 ( #3316, #842, #511, #1602 ),
 .UNSPECIFIED., .F., .F.,
 ( 4, 4 ),
 ( 0.000000000000000000, 0.0005081395171263739571 ),
 .UNSPECIFIED. ) ;
#1447 = CARTESIAN_POINT ( 'NONE',  ( -0.3656744043418210244, -0.6648195265703737977, 0.5849999999999999645 ) ) ;
#1448 = CARTESIAN_POINT ( 'NONE',  ( -2.712895664358366599, -3.190813458612598019, -0.4157587989386616334 ) ) ;
#1449 = UNCERTAINTY_MEASURE_WITH_UNIT (LENGTH_MEASURE( 1.000000000000000082E-05 ), #658, 'distance_accuracy_value', 'NONE');
#1450 = CARTESIAN_POINT ( 'NONE',  ( -3.390994679946793156, -1.804129380175102604, -0.3399906385899700290 ) ) ;
#1451 = COLOUR_RGB ( '',1.000000000000000000, 1.000000000000000000, 0.000000000000000000 ) ;
#1452 = CARTESIAN_POINT ( 'NONE',  ( 2.745701469715431386, -2.844757181495175313, 0.7883586399738703454 ) ) ;
#1453 = CARTESIAN_POINT ( 'NONE',  ( 1.328842133594576813, -3.699525435949049257, 0.1500694695323197270 ) ) ;
#1454 = ORIENTED_EDGE ( 'NONE', *, *, #2830, .F. ) ;
#1455 = CARTESIAN_POINT ( 'NONE',  ( -2.644730000000004022, -10.54099074031410410, -0.5849999999999999645 ) ) ;
#1456 = FACE_OUTER_BOUND ( 'NONE', #2230, .T. ) ;
#1457 = ADVANCED_FACE ( 'NONE', ( #330 ), #2732, .T. ) ;
#1458 = CARTESIAN_POINT ( 'NONE',  ( -0.4518561731997929876, -0.3389518912822562235, 0.5849999999999999645 ) ) ;
#1459 = DIRECTION ( 'NONE',  ( 1.000000000000000000, -1.797646851176513572E-15, 0.000000000000000000 ) ) ;
#1460 = CARTESIAN_POINT ( 'NONE',  ( -2.912123483948731106, -3.781469440676036520, -0.3300180515362178268 ) ) ;
#1461 = ORIENTED_EDGE ( 'NONE', *, *, #3354, .F. ) ;
#1462 = SURFACE_STYLE_USAGE ( .BOTH. , #1424 ) ;
#1463 = ORIENTED_EDGE ( 'NONE', *, *, #2904, .T. ) ;
#1464 = ORIENTED_EDGE ( 'NONE', *, *, #3532, .T. ) ;
#1465 = STYLED_ITEM ( 'NONE', ( #752 ), #523 ) ;
#1466 = PRESENTATION_STYLE_ASSIGNMENT (( #2711 ) ) ;
#1467 = CARTESIAN_POINT ( 'NONE',  ( -1.852015902088268273, -3.453022942267239159, 0.1915461300572038894 ) ) ;
#1468 = FILL_AREA_STYLE_COLOUR ( '', #400 ) ;
#1469 = AXIS2_PLACEMENT_3D ( 'NONE', #167, #650, #2004 ) ;
#1470 = CARTESIAN_POINT ( 'NONE',  ( -2.648107835866970738, -4.427204804307297792, -0.6323314950683956992 ) ) ;
#1471 = COLOUR_RGB ( '',0.7529411764705882248, 0.7529411764705882248, 0.7529411764705882248 ) ;
#1472 = COLOUR_RGB ( '',1.000000000000000000, 1.000000000000000000, 0.000000000000000000 ) ;
#1473 = ORIENTED_EDGE ( 'NONE', *, *, #2690, .F. ) ;
#1474 = CARTESIAN_POINT ( 'NONE',  ( 2.648085690338283893, -4.427637046584193214, 0.6322025292244857209 ) ) ;
#1475 = AXIS2_PLACEMENT_3D ( 'NONE', #2440, #2973, #2693 ) ;
#1476 = FILL_AREA_STYLE ('',( #702 ) ) ;
#1477 = CARTESIAN_POINT ( 'NONE',  ( 2.767844143386718248, -4.322646055948070831, 0.3655781111779384807 ) ) ;
#1478 = EDGE_CURVE ( 'NONE', #2689, #678, #597, .T. ) ;
#1479 = CARTESIAN_POINT ( 'NONE',  ( -2.840899482739074333, -4.048717875351862006, -0.3363893830868229240 ) ) ;
#1480 = ORIENTED_EDGE ( 'NONE', *, *, #834, .T. ) ;
#1481 = FACE_OUTER_BOUND ( 'NONE', #2413, .T. ) ;
#1482 = EDGE_LOOP ( 'NONE', ( #1086, #269, #3330 ) ) ;
#1483 = PRESENTATION_STYLE_ASSIGNMENT (( #2336 ) ) ;
#1484 = SURFACE_STYLE_FILL_AREA ( #728 ) ;
#1485 = FACE_OUTER_BOUND ( 'NONE', #1067, .T. ) ;
#1486 = PRESENTATION_STYLE_ASSIGNMENT (( #470 ) ) ;
#1487 = CARTESIAN_POINT ( 'NONE',  ( 3.145945581715098527, -2.186356007587192174, 0.6533633215646529324 ) ) ;
#1488 = VERTEX_POINT ( 'NONE', #2468 ) ;
#1489 = DIRECTION ( 'NONE',  ( 0.000000000000000000, 0.000000000000000000, -1.000000000000000000 ) ) ;
#1490 = CARTESIAN_POINT ( 'NONE',  ( -2.441943456727770467, -2.801695461252410979, -0.5578820238479094140 ) ) ;
#1491 = CARTESIAN_POINT ( 'NONE',  ( 0.4752111109800435940, -0.1715937061832174815, -0.5849999999999999645 ) ) ;
#1492 = CARTESIAN_POINT ( 'NONE',  ( 0.03631611059864906649, -0.1561239654773753371, -0.7883586399738702344 ) ) ;
#1493 = ORIENTED_EDGE ( 'NONE', *, *, #2726, .T. ) ;
#1494 = CARTESIAN_POINT ( 'NONE',  ( 2.745701469714597831, -2.595819110288455356, 0.7883586399745745599 ) ) ;
#1495 = PRESENTATION_LAYER_ASSIGNMENT (  '', '', ( #1325 ) ) ;
#1496 = EDGE_LOOP ( 'NONE', ( #1885, #849, #2950, #2520 ) ) ;
#1497 = TOROIDAL_SURFACE ( 'NONE', #3514, 1.496743139999936911, 0.2552700000000001634 ) ;
#1498 = DIRECTION ( 'NONE',  ( -0.9162872398296044718, 0.4005217773423128680, 0.000000000000000000 ) ) ;
#1499 = SURFACE_STYLE_FILL_AREA ( #3394 ) ;
#1500 = CIRCLE ( 'NONE', #479, 0.2552700000000001634 ) ;
#1501 = ADVANCED_FACE ( 'NONE', ( #35 ), #894, .T. ) ;
#1502 =( LENGTH_UNIT ( ) NAMED_UNIT ( * ) SI_UNIT ( .MILLI., .METRE. ) );
#1503 = SURFACE_STYLE_USAGE ( .BOTH. , #2883 ) ;
#1504 = CIRCLE ( 'NONE', #2263, 0.1000000000000000056 ) ;
#1505 = DIRECTION ( 'NONE',  ( 0.3327229589881904315, -0.7517767364177992961, -0.5693216763334641994 ) ) ;
#1506 = COLOUR_RGB ( '',1.000000000000000000, 1.000000000000000000, 0.000000000000000000 ) ;
#1507 = EDGE_LOOP ( 'NONE', ( #2242, #2908, #1515 ) ) ;
#1508 = CARTESIAN_POINT ( 'NONE',  ( -1.900000000000000577, -5.965522979686022076, -0.5849999999999999645 ) ) ;
#1509 = SURFACE_STYLE_USAGE ( .BOTH. , #2811 ) ;
#1510 = DIRECTION ( 'NONE',  ( 0.000000000000000000, 1.000000000000000000, 0.000000000000000000 ) ) ;
#1511 = CARTESIAN_POINT ( 'NONE',  ( -0.1876567633335591290, -0.3020327141678964544, 0.6560259273166192395 ) ) ;
#1512 = ORIENTED_EDGE ( 'NONE', *, *, #3453, .T. ) ;
#1513 = CARTESIAN_POINT ( 'NONE',  ( -0.4812853518698768651, -0.1046959419403339642, 0.5849999999999999645 ) ) ;
#1514 = CARTESIAN_POINT ( 'NONE',  ( -0.4752111109802562017, -0.1715937061809479913, 0.5849999999999998535 ) ) ;
#1515 = ORIENTED_EDGE ( 'NONE', *, *, #2682, .F. ) ;
#1516 = CARTESIAN_POINT ( 'NONE',  ( 2.965365726622609888, -2.587649159605528215, -0.1486421559528130765 ) ) ;
#1517 = CARTESIAN_POINT ( 'NONE',  ( 0.08992488696718388408, 0.1628146860437414967, 0.7652687124123829232 ) ) ;
#1518 = CARTESIAN_POINT ( 'NONE',  ( 0.03524817260122316276, 0.1314367035601450295, 0.7640751680065279716 ) ) ;
#1519 = CARTESIAN_POINT ( 'NONE',  ( 1.900000000000001021, -10.54099074031410410, 0.5849999999999999645 ) ) ;
#1520 = MECHANICAL_DESIGN_GEOMETRIC_PRESENTATION_REPRESENTATION (  '', ( #1465 ), #3183 ) ;
#1521 = EDGE_CURVE ( 'NONE', #2367, #2880, #1642, .T. ) ;
#1522 = CARTESIAN_POINT ( 'NONE',  ( -2.619168440783998797, -3.194141653168804496, -0.2625356937114353140 ) ) ;
#1523 = COLOUR_RGB ( '',1.000000000000000000, 1.000000000000000000, 0.000000000000000000 ) ;
#1524 = CARTESIAN_POINT ( 'NONE',  ( -2.900000000000070965, -2.186356007584643546, -0.5849999999999999645 ) ) ;
#1525 = ORIENTED_EDGE ( 'NONE', *, *, #3354, .T. ) ;
#1526 = CARTESIAN_POINT ( 'NONE',  ( -0.08345734995893078212, -0.08738101868140515927, 0.7714120866427143230 ) ) ;
#1527 = PRESENTATION_LAYER_ASSIGNMENT (  '', '', ( #3084 ) ) ;
#1528 = CARTESIAN_POINT ( 'NONE',  ( -0.09374158320947252598, -0.1025183993971216512, 0.7627139703290574113 ) ) ;
#1529 =( BOUNDED_SURFACE ( )  B_SPLINE_SURFACE ( 2, 3, ( 
 ( #1914, #1438, #2812, #2476, #2495, #4, #569, #3024, #1417, #1944, #3352, #43, #1068, #1675 ),
 ( #3042, #2243, #822, #1692, #2176, #63, #2796, #2455, #2775, #538, #1104, #3337, #2220, #1633 ),
 ( #337, #879, #1985, #2513, #321, #1929, #83, #1141, #2729, #3082, #280, #20, #1088, #3301 ) ),
 .UNSPECIFIED., .F., .F., .F. ) 
 B_SPLINE_SURFACE_WITH_KNOTS ( ( 3, 3 ),
 ( 4, 2, 2, 2, 2, 2, 4 ),
 ( 0.000000000000000000, 1.000000000000000000 ),
 ( 4.967622494769532437, 5.292106511719397055, 5.616590528669261673, 5.941074545619127178, 6.103316554094059043, 6.184437558331525864, 6.265558562568991796 ),
 .UNSPECIFIED. ) 
 GEOMETRIC_REPRESENTATION_ITEM ( )  RATIONAL_B_SPLINE_SURFACE ( (
 ( 1.000000000000000000, 1.000000000000000000, 1.000000000000000000, 1.000000000000000000, 1.000000000000000000, 1.000000000000000000, 1.000000000000000000, 1.000000000000000000, 1.000000000000000000, 1.000000000000000000, 1.000000000000000000, 1.000000000000000000, 1.000000000000000000, 1.000000000000000000),
 ( 0.8812303283646671925, 0.8742427804011924097, 0.8642675406504436442, 0.8336926422023471783, 0.8129610548868749786, 0.7549946777862263092, 0.7169671936690102942, 0.6526795635539784923, 0.6300104419860890204, 0.5986794541345027421, 0.5887405622140599037, 0.5720064237864421752, 0.5652373486872838138, 0.5616600005285184993),
 ( 1.000000000000000000, 1.000000000000000000, 1.000000000000000000, 1.000000000000000000, 1.000000000000000000, 1.000000000000000000, 1.000000000000000000, 1.000000000000000000, 1.000000000000000000, 1.000000000000000000, 1.000000000000000000, 1.000000000000000000, 1.000000000000000000, 1.000000000000000000) ) ) 
 REPRESENTATION_ITEM ( '' )  SURFACE ( )  );
#1530 = SURFACE_STYLE_FILL_AREA ( #3461 ) ;
#1531 =( GEOMETRIC_REPRESENTATION_CONTEXT ( 3 ) GLOBAL_UNCERTAINTY_ASSIGNED_CONTEXT ( ( #3382 ) ) GLOBAL_UNIT_ASSIGNED_CONTEXT ( ( #2349, #1808, #987 ) ) REPRESENTATION_CONTEXT ( 'NONE', 'WORKASPACE' ) );
#1532 = COLOUR_RGB ( '',1.000000000000000000, 1.000000000000000000, 0.000000000000000000 ) ;
#1533 = CARTESIAN_POINT ( 'NONE',  ( 0.4736361764112531070, -0.03824336365190834225, -0.5849999999999999645 ) ) ;
#1534 = ORIENTED_EDGE ( 'NONE', *, *, #1478, .F. ) ;
#1535 = CIRCLE ( 'NONE', #277, 0.2552700000000001634 ) ;
#1536 = CARTESIAN_POINT ( 'NONE',  ( -0.08280570014571486670, -0.1009125646480844296, 0.7768227282924894395 ) ) ;
#1537 = CARTESIAN_POINT ( 'NONE',  ( 0.1064780431226118873, -0.1381128287537832511, -0.7489717935725448417 ) ) ;
#1538 = ADVANCED_FACE ( 'NONE', ( #501 ), #1920, .F. ) ;
#1539 = CARTESIAN_POINT ( 'NONE',  ( 2.406806822015292280, -3.062943314580242493, -0.2467258654417428809 ) ) ;
#1540 = FACE_OUTER_BOUND ( 'NONE', #1888, .T. ) ;
#1541 = SURFACE_SIDE_STYLE ('',( #695 ) ) ;
#1542 = CIRCLE ( 'NONE', #962, 0.2552700000000001634 ) ;
#1543 = LINE ( 'NONE', #1648, #1387 ) ;
#1544 = CARTESIAN_POINT ( 'NONE',  ( 2.972592665798722056, -3.557219078576992377, 0.3332468085964426785 ) ) ;
#1545 = PRESENTATION_STYLE_ASSIGNMENT (( #2409 ) ) ;
#1546 = CARTESIAN_POINT ( 'NONE',  ( 0.1540128426115205951, -0.3191912878479426507, -0.6485601524508417537 ) ) ;
#1547 = FILL_AREA_STYLE_COLOUR ( '', #3291 ) ;
#1548 = CARTESIAN_POINT ( 'NONE',  ( 0.1064780431226118873, -0.1381128287537832511, -0.7489717935725448417 ) ) ;
#1549 = EDGE_CURVE ( 'NONE', #3466, #1488, #2503, .T. ) ;
#1550 =( BOUNDED_CURVE ( )  B_SPLINE_CURVE ( 2, ( #2978, #2164, #1848 ),
 .UNSPECIFIED., .F., .F. ) 
 B_SPLINE_CURVE_WITH_KNOTS ( ( 3, 3 ),
 ( 0.000000000000000000, 1.000000000000000000 ),
 .UNSPECIFIED. ) 
 CURVE ( )  GEOMETRIC_REPRESENTATION_ITEM ( )  RATIONAL_B_SPLINE_CURVE ( ( 1.000000000000000000, 0.5616600005285038444, 1.000000000000000000 ) ) 
 REPRESENTATION_ITEM ( '' )  );
#1551 =( NAMED_UNIT ( * ) PLANE_ANGLE_UNIT ( ) SI_UNIT ( $, .RADIAN. ) );
#1552 = CARTESIAN_POINT ( 'NONE',  ( 2.002809468085577471, -3.354703709604871964, -0.2207644770312238713 ) ) ;
#1553 = ORIENTED_EDGE ( 'NONE', *, *, #534, .T. ) ;
#1554 = DIRECTION ( 'NONE',  ( 0.000000000000000000, 0.000000000000000000, 1.000000000000000000 ) ) ;
#1555 = AXIS2_PLACEMENT_3D ( 'NONE', #1968, #302, #2481 ) ;
#1556 = DIRECTION ( 'NONE',  ( 0.000000000000000000, 0.000000000000000000, 1.000000000000000000 ) ) ;
#1557 =( GEOMETRIC_REPRESENTATION_CONTEXT ( 3 ) GLOBAL_UNCERTAINTY_ASSIGNED_CONTEXT ( ( #50 ) ) GLOBAL_UNIT_ASSIGNED_CONTEXT ( ( #1870, #229, #2986 ) ) REPRESENTATION_CONTEXT ( 'NONE', 'WORKASPACE' ) );
#1558 = AXIS2_PLACEMENT_3D ( 'NONE', #982, #2406, #489 ) ;
#1559 = SURFACE_SIDE_STYLE ('',( #3145 ) ) ;
#1560 = SURFACE_SIDE_STYLE ('',( #2637 ) ) ;
#1561 =( NAMED_UNIT ( * ) PLANE_ANGLE_UNIT ( ) SI_UNIT ( $, .RADIAN. ) );
#1562 = AXIS2_PLACEMENT_3D ( 'NONE', #1688, #1431, #411 ) ;
#1563 = CARTESIAN_POINT ( 'NONE',  ( 0.1200650470856137048, 0.1459295523888357315, 0.7654556709140907245 ) ) ;
#1564 = B_SPLINE_CURVE_WITH_KNOTS ( 'NONE', 3,
 ( #769, #2181, #788, #1916 ),
 .UNSPECIFIED., .F., .F.,
 ( 4, 4 ),
 ( 0.000000000000000000, 0.0007449530658978347365 ),
 .UNSPECIFIED. ) ;
#1565 = PRESENTATION_LAYER_ASSIGNMENT (  '', '', ( #2261 ) ) ;
#1566 = CARTESIAN_POINT ( 'NONE',  ( 2.381684926327714891, -3.175912111283095030, 0.3326042957378642084 ) ) ;
#1567 = DIRECTION ( 'NONE',  ( -1.000000000000000000, 0.000000000000000000, 0.000000000000000000 ) ) ;
#1568 =( NAMED_UNIT ( * ) SI_UNIT ( $, .STERADIAN. ) SOLID_ANGLE_UNIT ( ) );
#1569 =( GEOMETRIC_REPRESENTATION_CONTEXT ( 3 ) GLOBAL_UNCERTAINTY_ASSIGNED_CONTEXT ( ( #296 ) ) GLOBAL_UNIT_ASSIGNED_CONTEXT ( ( #2519, #70, #3089 ) ) REPRESENTATION_CONTEXT ( 'NONE', 'WORKASPACE' ) );
#1570 = EDGE_CURVE ( 'NONE', #712, #1992, #3523, .T. ) ;
#1571 =( NAMED_UNIT ( * ) SI_UNIT ( $, .STERADIAN. ) SOLID_ANGLE_UNIT ( ) );
#1572 =( NAMED_UNIT ( * ) SI_UNIT ( $, .STERADIAN. ) SOLID_ANGLE_UNIT ( ) );
#1573 = CARTESIAN_POINT ( 'NONE',  ( -2.402762971444481810, -9.390802856773195373, -0.5849999999999999645 ) ) ;
#1574 = CARTESIAN_POINT ( 'NONE',  ( -3.134817406633825687, -2.075551651924542274, -0.6933983203169337139 ) ) ;
#1575 = ORIENTED_EDGE ( 'NONE', *, *, #1941, .F. ) ;
#1576 = DIRECTION ( 'NONE',  ( -1.910766393997566042E-16, -1.000000000000000000, 0.000000000000000000 ) ) ;
#1577 = EDGE_CURVE ( 'NONE', #1851, #1208, #264, .T. ) ;
#1578 = VERTEX_POINT ( 'NONE', #1420 ) ;
#1579 = FILL_AREA_STYLE_COLOUR ( '', #546 ) ;
#1580 = CARTESIAN_POINT ( 'NONE',  ( 1.327966675752229708, -3.675250845819015399, 0.2195448122246191902 ) ) ;
#1581 = SURFACE_STYLE_FILL_AREA ( #199 ) ;
#1582 = FACE_OUTER_BOUND ( 'NONE', #1734, .T. ) ;
#1583 = CARTESIAN_POINT ( 'NONE',  ( 0.2954406475249702901, 0.6043076390281969523, 0.5850770647815844994 ) ) ;
#1584 =( NAMED_UNIT ( * ) SI_UNIT ( $, .STERADIAN. ) SOLID_ANGLE_UNIT ( ) );
#1585 = FACE_OUTER_BOUND ( 'NONE', #2360, .T. ) ;
#1586 = CIRCLE ( 'NONE', #722, 3.365000000000001101 ) ;
#1587 = ADVANCED_FACE ( 'NONE', ( #2837 ), #214, .F. ) ;
#1588 = STYLED_ITEM ( 'NONE', ( #2706 ), #1457 ) ;
#1589 = CARTESIAN_POINT ( 'NONE',  ( 0.1548022858834777193, -0.3203509843985983818, -0.6475893932362203342 ) ) ;
#1590 = PRESENTATION_STYLE_ASSIGNMENT (( #2148 ) ) ;
#1591 = CIRCLE ( 'NONE', #2058, 0.09999999999999996392 ) ;
#1592 = SURFACE_STYLE_USAGE ( .BOTH. , #2717 ) ;
#1593 = CARTESIAN_POINT ( 'NONE',  ( -3.319740715033115741, -1.369223638685299171, -0.5417766598206630313 ) ) ;
#1594 =( NAMED_UNIT ( * ) SI_UNIT ( $, .STERADIAN. ) SOLID_ANGLE_UNIT ( ) );
#1595 = AXIS2_PLACEMENT_3D ( 'NONE', #1670, #2509, #1940 ) ;
#1596 = MECHANICAL_DESIGN_GEOMETRIC_PRESENTATION_REPRESENTATION (  '', ( #1369 ), #1884 ) ;
#1597 = VERTEX_POINT ( 'NONE', #2064 ) ;
#1598 = CARTESIAN_POINT ( 'NONE',  ( 0.1026190649553333500, -0.1141860758998927416, -0.7555903496805612685 ) ) ;
#1599 = DIRECTION ( 'NONE',  ( 1.000000000000000000, 0.000000000000000000, 0.000000000000000000 ) ) ;
#1600 = CARTESIAN_POINT ( 'NONE',  ( -2.856547141959068004, -2.689192364751872066, 0.1852342136052751165 ) ) ;
#1601 = EDGE_LOOP ( 'NONE', ( #2938, #1262, #959, #3035 ) ) ;
#1602 = CARTESIAN_POINT ( 'NONE',  ( -0.3656744043418210244, 0.6648195265703717993, -0.5849999999999999645 ) ) ;
#1603 =( LENGTH_UNIT ( ) NAMED_UNIT ( * ) SI_UNIT ( .MILLI., .METRE. ) );
#1604 = SURFACE_SIDE_STYLE ('',( #1874 ) ) ;
#1605 = FILL_AREA_STYLE_COLOUR ( '', #3491 ) ;
#1606 = CARTESIAN_POINT ( 'NONE',  ( -3.121537196182316176, -1.573685395342367732, -0.5855865292983756243 ) ) ;
#1607 = ORIENTED_EDGE ( 'NONE', *, *, #3115, .F. ) ;
#1608 = FILL_AREA_STYLE ('',( #1321 ) ) ;
#1609 = CARTESIAN_POINT ( 'NONE',  ( -2.456305744671921421, -1.174956474530511663, -0.7883586399738714556 ) ) ;
#1610 = EDGE_CURVE ( 'NONE', #3404, #1709, #3544, .T. ) ;
#1611 = SURFACE_STYLE_FILL_AREA ( #3247 ) ;
#1612 = MECHANICAL_DESIGN_GEOMETRIC_PRESENTATION_REPRESENTATION (  '', ( #3509 ), #3282 ) ;
#1613 = SURFACE_STYLE_FILL_AREA ( #3015 ) ;
#1614 = AXIS2_PLACEMENT_3D ( 'NONE', #2526, #1999, #1705 ) ;
#1615 = CARTESIAN_POINT ( 'NONE',  ( 3.155270000000002462, -17.34999999999999787, 0.5849999999999999645 ) ) ;
#1616 = CARTESIAN_POINT ( 'NONE',  ( 0.05962943834601968501, 0.1638812289794214783, 0.7489717935921748060 ) ) ;
#1617 =( LENGTH_UNIT ( ) NAMED_UNIT ( * ) SI_UNIT ( .MILLI., .METRE. ) );
#1618 = PRESENTATION_LAYER_ASSIGNMENT (  '', '', ( #1152 ) ) ;
#1619 = CARTESIAN_POINT ( 'NONE',  ( -3.290624064561947115, -1.286909729916764888, -0.5622086806991034580 ) ) ;
#1620 =( NAMED_UNIT ( * ) PLANE_ANGLE_UNIT ( ) SI_UNIT ( $, .RADIAN. ) );
#1621 = UNCERTAINTY_MEASURE_WITH_UNIT (LENGTH_MEASURE( 1.000000000000000082E-05 ), #2683, 'distance_accuracy_value', 'NONE');
#1622 = MECHANICAL_DESIGN_GEOMETRIC_PRESENTATION_REPRESENTATION (  '', ( #1333 ), #2968 ) ;
#1623 = DIRECTION ( 'NONE',  ( 0.000000000000000000, 0.5909268412010220128, -0.8067251504373604831 ) ) ;
#1624 = CARTESIAN_POINT ( 'NONE',  ( 0.05962943833539777194, 0.1638812289964733104, 0.7489717935724529152 ) ) ;
#1625 = COLOUR_RGB ( '',1.000000000000000000, 1.000000000000000000, 0.000000000000000000 ) ;
#1626 =( NAMED_UNIT ( * ) PLANE_ANGLE_UNIT ( ) SI_UNIT ( $, .RADIAN. ) );
#1627 = ORIENTED_EDGE ( 'NONE', *, *, #1610, .F. ) ;
#1628 = DIRECTION ( 'NONE',  ( -0.4819426951317146157, -0.8762027383027167771, 0.000000000000000000 ) ) ;
#1629 = SURFACE_STYLE_USAGE ( .BOTH. , #2432 ) ;
#1630 = CARTESIAN_POINT ( 'NONE',  ( 2.687711035472027721, -3.162809311115152511, 0.3798326492157041989 ) ) ;
#1631 =( NAMED_UNIT ( * ) SI_UNIT ( $, .STERADIAN. ) SOLID_ANGLE_UNIT ( ) );
#1632 = EDGE_CURVE ( 'NONE', #1250, #3466, #141, .T. ) ;
#1633 = CARTESIAN_POINT ( 'NONE',  ( -2.687711033780149084, -3.162809310709340238, -0.3798326606821055273 ) ) ;
#1634 = FILL_AREA_STYLE_COLOUR ( '', #2867 ) ;
#1635 = CARTESIAN_POINT ( 'NONE',  ( 2.712119990358592414, -3.522801877208514565, 0.7578667170717248158 ) ) ;
#1636 = DIRECTION ( 'NONE',  ( 0.1476766079480766047, -0.7978799753347326496, -0.5844477431086515518 ) ) ;
#1637 = FILL_AREA_STYLE ('',( #3262 ) ) ;
#1638 =( GEOMETRIC_REPRESENTATION_CONTEXT ( 3 ) GLOBAL_UNCERTAINTY_ASSIGNED_CONTEXT ( ( #2213 ) ) GLOBAL_UNIT_ASSIGNED_CONTEXT ( ( #887, #1995, #2451 ) ) REPRESENTATION_CONTEXT ( 'NONE', 'WORKASPACE' ) );
#1639 = FACE_OUTER_BOUND ( 'NONE', #3151, .T. ) ;
#1640 = ADVANCED_FACE ( 'NONE', ( #429 ), #187, .F. ) ;
#1641 =( BOUNDED_SURFACE ( )  B_SPLINE_SURFACE ( 3, 2, ( 
 ( #210, #1009, #2389 ),
 ( #2861, #3486, #1518 ),
 ( #978, #3198, #2615 ),
 ( #414, #1270, #3127 ) ),
 .UNSPECIFIED., .F., .F., .F. ) 
 B_SPLINE_SURFACE_WITH_KNOTS ( ( 4, 4 ),
 ( 3, 3 ),
 ( 2.710505431213761085E-20, 4.666826015274074761E-05 ),
 ( 0.000000000000000000, 1.000000000000000000 ),
 .UNSPECIFIED. ) 
 GEOMETRIC_REPRESENTATION_ITEM ( )  RATIONAL_B_SPLINE_SURFACE ( (
 ( 1.000000000000000000, 0.9050542131148581193, 1.000000000000000000),
 ( 1.000000000000000000, 0.9164056899349953822, 1.000000000000000000),
 ( 1.000000000000000000, 0.9253336253995341210, 1.000000000000000000),
 ( 1.000000000000000000, 0.9455639616316177110, 1.000000000000000000) ) ) 
 REPRESENTATION_ITEM ( '' )  SURFACE ( )  );
#1642 = CIRCLE ( 'NONE', #225, 1.000000000000000000 ) ;
#1643 = ORIENTED_EDGE ( 'NONE', *, *, #1632, .T. ) ;
#1644 = SURFACE_STYLE_USAGE ( .BOTH. , #1900 ) ;
#1645 = VECTOR ( 'NONE', #3197, 1000.000000000000000 ) ;
#1646 = STYLED_ITEM ( 'NONE', ( #3284 ), #2368 ) ;
#1647 = PRESENTATION_STYLE_ASSIGNMENT (( #1022 ) ) ;
#1648 = CARTESIAN_POINT ( 'NONE',  ( 2.141249202372740967, 4.914410089172655010E-16, 0.5849999999999999645 ) ) ;
#1649 = CARTESIAN_POINT ( 'NONE',  ( -0.03273142953218025758, -0.1314166532646080521, 0.6817661523110811750 ) ) ;
#1650 = EDGE_LOOP ( 'NONE', ( #1411, #2125, #2840, #625, #1663 ) ) ;
#1651 = CARTESIAN_POINT ( 'NONE',  ( 3.149312446429032075, -2.688724080534325989, 0.5269845578665486308 ) ) ;
#1652 = ORIENTED_EDGE ( 'NONE', *, *, #2341, .T. ) ;
#1653 = CYLINDRICAL_SURFACE ( 'NONE', #3207, 1.000000000000000000 ) ;
#1654 = FILL_AREA_STYLE ('',( #3513 ) ) ;
#1655 = FACE_OUTER_BOUND ( 'NONE', #154, .T. ) ;
#1656 = UNCERTAINTY_MEASURE_WITH_UNIT (LENGTH_MEASURE( 1.000000000000000082E-05 ), #1970, 'distance_accuracy_value', 'NONE');
#1657 = CARTESIAN_POINT ( 'NONE',  ( -1.328827653652153051, -3.699516995299458433, -0.1501226651912596910 ) ) ;
#1658 = ADVANCED_FACE ( 'NONE', ( #77 ), #1497, .T. ) ;
#1659 = CARTESIAN_POINT ( 'NONE',  ( 2.198280583240137531, -9.858604144195803443, 0.5849999999999999645 ) ) ;
#1660 = DIRECTION ( 'NONE',  ( 0.8762027383027153338, 0.4819426951317171137, -0.000000000000000000 ) ) ;
#1661 = CARTESIAN_POINT ( 'NONE',  ( -2.722897919096931130, -3.340128167353377808, -0.7688413061305946483 ) ) ;
#1662 = CARTESIAN_POINT ( 'NONE',  ( 0.06263937487824608463, 0.1580212720840481477, 0.7563766475903420661 ) ) ;
#1663 = ORIENTED_EDGE ( 'NONE', *, *, #2483, .F. ) ;
#1664 = FILL_AREA_STYLE ('',( #561 ) ) ;
#1665 =( BOUNDED_CURVE ( )  B_SPLINE_CURVE ( 2, ( #3435, #290, #1380 ),
 .UNSPECIFIED., .F., .F. ) 
 B_SPLINE_CURVE_WITH_KNOTS ( ( 3, 3 ),
 ( 0.000000000000000000, 1.000000000000000000 ),
 .UNSPECIFIED. ) 
 CURVE ( )  GEOMETRIC_REPRESENTATION_ITEM ( )  RATIONAL_B_SPLINE_CURVE ( ( 1.000000000000000000, 0.8810221862601387288, 1.000000000000000000 ) ) 
 REPRESENTATION_ITEM ( '' )  );
#1666 = CARTESIAN_POINT ( 'NONE',  ( 3.200712040930214108, -1.921841698620345706, 0.4836270841705176404 ) ) ;
#1667 = UNCERTAINTY_MEASURE_WITH_UNIT (LENGTH_MEASURE( 1.000000000000000082E-05 ), #615, 'distance_accuracy_value', 'NONE');
#1668 = B_SPLINE_CURVE_WITH_KNOTS ( 'NONE', 3,
 ( #2670, #1563, #2963, #213, #2684, #1290, #505 ),
 .UNSPECIFIED., .F., .F.,
 ( 4, 3, 4 ),
 ( 0.000000000000000000, 8.316107879560073624E-06, 4.269171290952205352E-05 ),
 .UNSPECIFIED. ) ;
#1669 = MECHANICAL_DESIGN_GEOMETRIC_PRESENTATION_REPRESENTATION (  '', ( #1954 ), #415 ) ;
#1670 = CARTESIAN_POINT ( 'NONE',  ( -4.109417911851699579, -2.186356007584653760, -0.9211712173763125788 ) ) ;
#1671 = AXIS2_PLACEMENT_3D ( 'NONE', #309, #1113, #2786 ) ;
#1672 = PRESENTATION_LAYER_ASSIGNMENT (  '', '', ( #2700 ) ) ;
#1673 = ORIENTED_EDGE ( 'NONE', *, *, #631, .F. ) ;
#1674 = CARTESIAN_POINT ( 'NONE',  ( -3.314566790570291577, -1.353957775343170633, -0.5463268221712571648 ) ) ;
#1675 = CARTESIAN_POINT ( 'NONE',  ( -1.345410345184502754, -3.703723890486080528, -0.1048878883310279952 ) ) ;
#1676 = DIRECTION ( 'NONE',  ( 1.910766393997566042E-16, -1.000000000000000000, 0.000000000000000000 ) ) ;
#1677 = CIRCLE ( 'NONE', #143, 1.000000000000000222 ) ;
#1678 = CARTESIAN_POINT ( 'NONE',  ( 2.665412991790405250, -4.168975020158521616, 0.6895355095839966753 ) ) ;
#1679 = VECTOR ( 'NONE', #2452, 1000.000000000000000 ) ;
#1680 = CARTESIAN_POINT ( 'NONE',  ( -0.1738334216540803334, -0.2794611070304320877, 0.6672732433487683634 ) ) ;
#1681 = EDGE_CURVE ( 'NONE', #3378, #2417, #2891, .T. ) ;
#1682 = CARTESIAN_POINT ( 'NONE',  ( 1.345410343634268147, -3.703723890399238439, 0.1048878916830388724 ) ) ;
#1683 = COLOUR_RGB ( '',0.7529411764705882248, 0.7529411764705882248, 0.7529411764705882248 ) ;
#1684 = ORIENTED_EDGE ( 'NONE', *, *, #646, .F. ) ;
#1685 = UNCERTAINTY_MEASURE_WITH_UNIT (LENGTH_MEASURE( 1.000000000000000082E-05 ), #2535, 'distance_accuracy_value', 'NONE');
#1686 =( NAMED_UNIT ( * ) PLANE_ANGLE_UNIT ( ) SI_UNIT ( $, .RADIAN. ) );
#1687 = CARTESIAN_POINT ( 'NONE',  ( 3.145945581714201467, -2.186356007584688843, 0.6533633215639943481 ) ) ;
#1688 = CARTESIAN_POINT ( 'NONE',  ( 1.899999999999999911, -2.186356007584650207, 0.5849999999999999645 ) ) ;
#1689 = CARTESIAN_POINT ( 'NONE',  ( -3.084165228434013972, -3.127125605630508343, -0.4071441974130006747 ) ) ;
#1690 = ADVANCED_FACE ( 'NONE', ( #1485 ), #248, .T. ) ;
#1691 = ORIENTED_EDGE ( 'NONE', *, *, #488, .F. ) ;
#1692 = CARTESIAN_POINT ( 'NONE',  ( -2.354480317676766798, -3.177839750205880165, -0.3694601664559539755 ) ) ;
#1693 = CARTESIAN_POINT ( 'NONE',  ( 2.645178546040754419, -4.511735130399844529, 0.6018898057048166494 ) ) ;
#1694 = CARTESIAN_POINT ( 'NONE',  ( -0.2775287781385678554, -0.2219690279856420811, 0.5850000000000000755 ) ) ;
#1695 = CYLINDRICAL_SURFACE ( 'NONE', #2924, 1.000000000000000000 ) ;
#1696 =( NAMED_UNIT ( * ) SI_UNIT ( $, .STERADIAN. ) SOLID_ANGLE_UNIT ( ) );
#1697 = CARTESIAN_POINT ( 'NONE',  ( -2.307579645591506079, -1.445350064033356974, -0.7883586399738703454 ) ) ;
#1698 = EDGE_CURVE ( 'NONE', #3230, #1958, #300, .T. ) ;
#1699 = ORIENTED_EDGE ( 'NONE', *, *, #1941, .T. ) ;
#1700 = COLOUR_RGB ( '',1.000000000000000000, 1.000000000000000000, 0.000000000000000000 ) ;
#1701 = CARTESIAN_POINT ( 'NONE',  ( -1.794494082862947426, -3.489098342917540396, 0.1776630801408392302 ) ) ;
#1702 =( NAMED_UNIT ( * ) PLANE_ANGLE_UNIT ( ) SI_UNIT ( $, .RADIAN. ) );
#1703 = UNCERTAINTY_MEASURE_WITH_UNIT (LENGTH_MEASURE( 1.000000000000000082E-05 ), #524, 'distance_accuracy_value', 'NONE');
#1704 = EDGE_CURVE ( 'NONE', #3466, #3081, #2531, .T. ) ;
#1705 = DIRECTION ( 'NONE',  ( 1.000000000000000000, 0.000000000000000000, 0.000000000000000000 ) ) ;
#1706 = COLOUR_RGB ( '',1.000000000000000000, 1.000000000000000000, 0.000000000000000000 ) ;
#1707 = CARTESIAN_POINT ( 'NONE',  ( -3.301176136248900050, -2.152618665588953206, -0.1099511573708474993 ) ) ;
#1708 = CARTESIAN_POINT ( 'NONE',  ( 3.101432126532983613, -2.383516547123210039, 0.3208231882529681833 ) ) ;
#1709 = VERTEX_POINT ( 'NONE', #2546 ) ;
#1710 = DIRECTION ( 'NONE',  ( 0.000000000000000000, -1.000000000000000000, 0.000000000000000000 ) ) ;
#1711 = SURFACE_STYLE_FILL_AREA ( #336 ) ;
#1712 = CYLINDRICAL_SURFACE ( 'NONE', #1918, 0.2552700000000001634 ) ;
#1713 = CARTESIAN_POINT ( 'NONE',  ( 2.900000000000002576, -17.34999999999999787, 0.5849999999999999645 ) ) ;
#1714 = TOROIDAL_SURFACE ( 'NONE', #2355, 1.000000000000003553, 0.2552700000000001634 ) ;
#1715 = CARTESIAN_POINT ( 'NONE',  ( 0.007782435973118752119, -0.1223621996538623580, -0.8212381556172120289 ) ) ;
#1716 = CARTESIAN_POINT ( 'NONE',  ( 2.406806822015292280, -3.062943314580242493, -0.2467258654417428809 ) ) ;
#1717 = CARTESIAN_POINT ( 'NONE',  ( -0.1071287150949160050, 0.1646259232647729609, 0.5850000000000031841 ) ) ;
#1718 = ORIENTED_EDGE ( 'NONE', *, *, #2975, .T. ) ;
#1719 = SURFACE_SIDE_STYLE ('',( #639 ) ) ;
#1720 = DIRECTION ( 'NONE',  ( 1.000000000000000000, 0.000000000000000000, 0.000000000000000000 ) ) ;
#1721 = UNCERTAINTY_MEASURE_WITH_UNIT (LENGTH_MEASURE( 1.000000000000000082E-05 ), #1617, 'distance_accuracy_value', 'NONE');
#1722 = DIRECTION ( 'NONE',  ( -0.7444045664726472999, -0.6677288681902784351, 0.000000000000000000 ) ) ;
#1723 = STYLED_ITEM ( 'NONE', ( #1183 ), #101 ) ;
#1724 = CARTESIAN_POINT ( 'NONE',  ( -3.006682157966018565, -2.594743467642186108, -0.2626341460975321063 ) ) ;
#1725 = CARTESIAN_POINT ( 'NONE',  ( -3.145945581714265415, -2.186356007584643546, -0.6533633215640257674 ) ) ;
#1726 = B_SPLINE_CURVE_WITH_KNOTS ( 'NONE', 3,
 ( #964, #2273, #1801, #1163 ),
 .UNSPECIFIED., .F., .F.,
 ( 4, 4 ),
 ( 0.000000000000000000, 0.0002401905876161372969 ),
 .UNSPECIFIED. ) ;
#1727 =( LENGTH_UNIT ( ) NAMED_UNIT ( * ) SI_UNIT ( .MILLI., .METRE. ) );
#1728 = ORIENTED_EDGE ( 'NONE', *, *, #620, .F. ) ;
#1729 = CARTESIAN_POINT ( 'NONE',  ( 0.000000000000000000, 0.000000000000000000, -0.5849999999999999645 ) ) ;
#1730 =( NAMED_UNIT ( * ) PLANE_ANGLE_UNIT ( ) SI_UNIT ( $, .RADIAN. ) );
#1731 = CARTESIAN_POINT ( 'NONE',  ( 3.145945581714265415, -2.186356007584643546, 0.6533633215640269887 ) ) ;
#1732 = DIRECTION ( 'NONE',  ( 0.000000000000000000, 0.000000000000000000, 1.000000000000000000 ) ) ;
#1733 =( LENGTH_UNIT ( ) NAMED_UNIT ( * ) SI_UNIT ( .MILLI., .METRE. ) );
#1734 = EDGE_LOOP ( 'NONE', ( #3369, #3099, #3306, #2613, #1249 ) ) ;
#1735 = ORIENTED_EDGE ( 'NONE', *, *, #3311, .T. ) ;
#1736 =( GEOMETRIC_REPRESENTATION_CONTEXT ( 3 ) GLOBAL_UNCERTAINTY_ASSIGNED_CONTEXT ( ( #1115 ) ) GLOBAL_UNIT_ASSIGNED_CONTEXT ( ( #291, #2473, #1869 ) ) REPRESENTATION_CONTEXT ( 'NONE', 'WORKASPACE' ) );
#1737 = CARTESIAN_POINT ( 'NONE',  ( 0.3656744043418210799, 0.6648195265703720214, 0.5849999999999999645 ) ) ;
#1738 =( NAMED_UNIT ( * ) SI_UNIT ( $, .STERADIAN. ) SOLID_ANGLE_UNIT ( ) );
#1739 = DIRECTION ( 'NONE',  ( 0.000000000000000000, 1.000000000000000000, 0.000000000000000000 ) ) ;
#1740 = CARTESIAN_POINT ( 'NONE',  ( -0.1209696996921606899, 0.1480218602079945711, -0.7638783202828024477 ) ) ;
#1741 = DIRECTION ( 'NONE',  ( 0.000000000000000000, 0.000000000000000000, 1.000000000000000000 ) ) ;
#1742 = CARTESIAN_POINT ( 'NONE',  ( -2.652573713374034803, -4.357720356737882383, -0.6493599004002019726 ) ) ;
#1743 = EDGE_CURVE ( 'NONE', #2556, #1193, #2312, .T. ) ;
#1744 = ORIENTED_EDGE ( 'NONE', *, *, #1303, .F. ) ;
#1745 = SURFACE_STYLE_FILL_AREA ( #116 ) ;
#1746 = SURFACE_SIDE_STYLE ('',( #651 ) ) ;
#1747 = B_SPLINE_CURVE_WITH_KNOTS ( 'NONE', 3,
 ( #1112, #1355, #2232, #829 ),
 .UNSPECIFIED., .F., .F.,
 ( 4, 4 ),
 ( 0.004418258368623215714, 0.004720556462212547634 ),
 .UNSPECIFIED. ) ;
#1748 = CARTESIAN_POINT ( 'NONE',  ( -0.05003589178264732790, 0.1536514544675590399, -0.7534656179494896300 ) ) ;
#1749 = CARTESIAN_POINT ( 'NONE',  ( -1.899999999999999911, -2.186356007584650207, -0.5849999999999999645 ) ) ;
#1750 = SURFACE_SIDE_STYLE ('',( #3068 ) ) ;
#1751 = VERTEX_POINT ( 'NONE', #3365 ) ;
#1752 = DIRECTION ( 'NONE',  ( 2.295113564421621368E-16, 1.000000000000000000, -0.000000000000000000 ) ) ;
#1753 = ORIENTED_EDGE ( 'NONE', *, *, #1743, .F. ) ;
#1754 = CARTESIAN_POINT ( 'NONE',  ( -2.745701469715430942, -2.186356007584653760, -0.7883586399738702344 ) ) ;
#1755 = CARTESIAN_POINT ( 'NONE',  ( 2.900000000000001243, -10.54099074031410410, 0.5849999999999999645 ) ) ;
#1756 = EDGE_CURVE ( 'NONE', #3041, #407, #2416, .T. ) ;
#1757 = CARTESIAN_POINT ( 'NONE',  ( -2.912123483948731106, -3.781469440676036520, -0.3300180515362178268 ) ) ;
#1758 = CARTESIAN_POINT ( 'NONE',  ( -3.177693587828815058, -2.347761162290531445, 0.02135892647942075687 ) ) ;
#1759 = DIRECTION ( 'NONE',  ( -0.000000000000000000, 1.000000000000000000, 0.000000000000000000 ) ) ;
#1760 =( BOUNDED_SURFACE ( )  B_SPLINE_SURFACE ( 3, 2, ( 
 ( #1450, #3078, #891 ),
 ( #2272, #1396, #1197 ),
 ( #2491, #3097, #3058 ),
 ( #1707, #855, #874 ),
 ( #367, #3331, #588 ),
 ( #622, #1433, #2306 ),
 ( #1758, #1724, #1980 ),
 ( #113, #3116, #2291 ),
 ( #914, #315, #1689 ),
 ( #2808, #351, #1413 ),
 ( #644, #2508, #2528 ),
 ( #57, #80, #3163 ),
 ( #2922, #1522, #1234 ),
 ( #1837, #2339, #460 ) ),
 .UNSPECIFIED., .F., .F., .T. ) 
 B_SPLINE_SURFACE_WITH_KNOTS ( ( 4, 2, 2, 2, 2, 2, 4 ),
 ( 3, 3 ),
 ( -9.877081791342945394E-17, 0.0006876298250573630727, 0.001031444737586094049, 0.001375259650114825025, 0.001719074562643556001, 0.002062889475172286977, 0.002750519300229748929 ),
 ( 0.000000000000000000, 1.000000000000000000 ),
 .UNSPECIFIED. ) 
 GEOMETRIC_REPRESENTATION_ITEM ( )  RATIONAL_B_SPLINE_SURFACE ( (
 ( 1.000000000000000000, 0.9612038423664518438, 1.000000000000000000),
 ( 1.000000000000000000, 0.9549531007852413156, 1.000000000000000000),
 ( 1.000000000000000000, 0.9478252340124498909, 1.000000000000000000),
 ( 1.000000000000000000, 0.9374763662123249963, 1.000000000000000000),
 ( 1.000000000000000000, 0.9341465333270136950, 1.000000000000000000),
 ( 1.000000000000000000, 0.9276237525443283838, 1.000000000000000000),
 ( 1.000000000000000000, 0.9243999636748794213, 1.000000000000000000),
 ( 1.000000000000000000, 0.9178406200112330104, 1.000000000000000000),
 ( 1.000000000000000000, 0.9145238914104696359, 1.000000000000000000),
 ( 1.000000000000000000, 0.9069827658577580554, 1.000000000000000000),
 ( 1.000000000000000000, 0.9027063970115954961, 1.000000000000000000),
 ( 1.000000000000000000, 0.8872273485108970181, 1.000000000000000000),
 ( 1.000000000000000000, 0.8730396751062204919, 1.000000000000000000),
 ( 1.000000000000000000, 0.8508968650978642190, 1.000000000000000000) ) ) 
 REPRESENTATION_ITEM ( '' )  SURFACE ( )  );
#1761 = MECHANICAL_DESIGN_GEOMETRIC_PRESENTATION_REPRESENTATION (  '', ( #3318 ), #3201 ) ;
#1762 = B_SPLINE_CURVE_WITH_KNOTS ( 'NONE', 3,
 ( #1206, #2536, #3358, #377, #1477, #2554, #903, #2572, #883, #357, #68, #342 ),
 .UNSPECIFIED., .F., .F.,
 ( 4, 2, 2, 2, 2, 4 ),
 ( 4.668605487774450502, 4.853888028510979780, 5.039170569247508169, 5.224453109984036558, 5.409735650720565836, 6.150865813666681170 ),
 .UNSPECIFIED. ) ;
#1763 = VECTOR ( 'NONE', #2205, 1000.000000000000000 ) ;
#1764 = VERTEX_POINT ( 'NONE', #1757 ) ;
#1765 =( LENGTH_UNIT ( ) NAMED_UNIT ( * ) SI_UNIT ( .MILLI., .METRE. ) );
#1766 = CARTESIAN_POINT ( 'NONE',  ( 0.4752111109803139333, -0.1715937061802408348, -0.5849999999999999645 ) ) ;
#1767 = COLOUR_RGB ( '',1.000000000000000000, 1.000000000000000000, 0.000000000000000000 ) ;
#1768 = DIRECTION ( 'NONE',  ( 0.000000000000000000, 1.000000000000000000, 0.000000000000000000 ) ) ;
#1769 = EDGE_LOOP ( 'NONE', ( #1164, #2794, #2484, #1425 ) ) ;
#1770 = ADVANCED_FACE ( 'NONE', ( #660 ), #2151, .T. ) ;
#1771 = CARTESIAN_POINT ( 'NONE',  ( 0.05688603265407615739, -0.1768884393794077081, -0.7677889365026677737 ) ) ;
#1772 =( NAMED_UNIT ( * ) PLANE_ANGLE_UNIT ( ) SI_UNIT ( $, .RADIAN. ) );
#1773 = ORIENTED_EDGE ( 'NONE', *, *, #3189, .F. ) ;
#1774 = VERTEX_POINT ( 'NONE', #2677 ) ;
#1775 =( GEOMETRIC_REPRESENTATION_CONTEXT ( 3 ) GLOBAL_UNCERTAINTY_ASSIGNED_CONTEXT ( ( #888 ) ) GLOBAL_UNIT_ASSIGNED_CONTEXT ( ( #1046, #1309, #2408 ) ) REPRESENTATION_CONTEXT ( 'NONE', 'WORKASPACE' ) );
#1776 = DIRECTION ( 'NONE',  ( 0.000000000000000000, 0.000000000000000000, 1.000000000000000000 ) ) ;
#1777 = CARTESIAN_POINT ( 'NONE',  ( 2.644712904737056558, -4.549959173334642948, 0.5850059134967395824 ) ) ;
#1778 = DIRECTION ( 'NONE',  ( -0.000000000000000000, -0.000000000000000000, -1.000000000000000000 ) ) ;
#1779 = DIRECTION ( 'NONE',  ( -0.000000000000000000, -0.000000000000000000, -1.000000000000000000 ) ) ;
#1780 = CARTESIAN_POINT ( 'NONE',  ( -2.400846740658108658, -3.067535703225945376, 0.2468639209236014320 ) ) ;
#1781 = ORIENTED_EDGE ( 'NONE', *, *, #2666, .T. ) ;
#1782 = FILL_AREA_STYLE_COLOUR ( '', #2798 ) ;
#1783 = CARTESIAN_POINT ( 'NONE',  ( 1.345410343634267925, -3.703723890399238439, 0.1048878916830396912 ) ) ;
#1784 =( BOUNDED_SURFACE ( )  B_SPLINE_SURFACE ( 3, 2, ( 
 ( #433, #1812, #2593 ),
 ( #2333, #3433, #1790 ),
 ( #2611, #2088, #3175 ),
 ( #707, #2915, #2630 ),
 ( #3441, #2579, #1804 ),
 ( #966, #679, #1275 ) ),
 .UNSPECIFIED., .F., .F., .F. ) 
 B_SPLINE_SURFACE_WITH_KNOTS ( ( 4, 2, 4 ),
 ( 3, 3 ),
 ( 0.0009912145548462299692, 0.001092014766150040204, 0.001192814977453850222 ),
 ( 0.000000000000000000, 1.000000000000000000 ),
 .UNSPECIFIED. ) 
 GEOMETRIC_REPRESENTATION_ITEM ( )  RATIONAL_B_SPLINE_SURFACE ( (
 ( 1.000000000000000000, 0.9050542131171351867, 1.000000000000000000),
 ( 1.000000000000000000, 0.8942948672089870987, 1.000000000000000000),
 ( 1.000000000000000000, 0.8872759638010431216, 1.000000000000000000),
 ( 1.000000000000000000, 0.8872944262750822597, 1.000000000000000000),
 ( 1.000000000000000000, 0.8943203592339807884, 1.000000000000000000),
 ( 1.000000000000000000, 0.9050542131148580083, 1.000000000000000000) ) ) 
 REPRESENTATION_ITEM ( '' )  SURFACE ( )  );
#1785 = SURFACE_STYLE_USAGE ( .BOTH. , #917 ) ;
#1786 = CARTESIAN_POINT ( 'NONE',  ( -0.06263937487763690526, 0.1580212720838432838, -0.7563766475902320430 ) ) ;
#1787 =( NAMED_UNIT ( * ) SI_UNIT ( $, .STERADIAN. ) SOLID_ANGLE_UNIT ( ) );
#1788 = EDGE_LOOP ( 'NONE', ( #3417, #2043, #2739, #1461 ) ) ;
#1789 = CARTESIAN_POINT ( 'NONE',  ( 1.593111620141513196, -3.606073313943065628, -0.1082492660816739005 ) ) ;
#1790 = CARTESIAN_POINT ( 'NONE',  ( -0.06359868396771287125, -0.05815059040092416393, 0.7882078833422172526 ) ) ;
#1791 = AXIS2_PLACEMENT_3D ( 'NONE', #3402, #2041, #645 ) ;
#1792 = AXIS2_PLACEMENT_3D ( 'NONE', #3290, #1323, #1337 ) ;
#1793 = EDGE_LOOP ( 'NONE', ( #2303, #306, #1553, #1983 ) ) ;
#1794 = EDGE_CURVE ( 'NONE', #3335, #3070, #2467, .T. ) ;
#1795 =( GEOMETRIC_REPRESENTATION_CONTEXT ( 3 ) GLOBAL_UNCERTAINTY_ASSIGNED_CONTEXT ( ( #3345 ) ) GLOBAL_UNIT_ASSIGNED_CONTEXT ( ( #3329, #1978, #1340 ) ) REPRESENTATION_CONTEXT ( 'NONE', 'WORKASPACE' ) );
#1796 = CARTESIAN_POINT ( 'NONE',  ( -0.05980834231406788326, -0.1808014849390058298, 0.7644032715245755449 ) ) ;
#1797 = FACE_OUTER_BOUND ( 'NONE', #556, .T. ) ;
#1798 = PRESENTATION_STYLE_ASSIGNMENT (( #194 ) ) ;
#1799 = B_SPLINE_CURVE_WITH_KNOTS ( 'NONE', 3,
 ( #1363, #1426, #90, #2543 ),
 .UNSPECIFIED., .F., .F.,
 ( 4, 4 ),
 ( 0.004163881262239078895, 0.004705614261398722437 ),
 .UNSPECIFIED. ) ;
#1800 = DIRECTION ( 'NONE',  ( -0.000000000000000000, -0.000000000000000000, -1.000000000000000000 ) ) ;
#1801 = CARTESIAN_POINT ( 'NONE',  ( 6.313691709498739455E-05, 0.04996416975123767895, -0.8062797574023837788 ) ) ;
#1802 = STYLED_ITEM ( 'NONE', ( #2166 ), #128 ) ;
#1803 = ORIENTED_EDGE ( 'NONE', *, *, #598, .T. ) ;
#1804 = CARTESIAN_POINT ( 'NONE',  ( 0.01507933515508702409, 0.08490195784926712896, 0.7881811671183347467 ) ) ;
#1805 =( NAMED_UNIT ( * ) SI_UNIT ( $, .STERADIAN. ) SOLID_ANGLE_UNIT ( ) );
#1806 = SURFACE_SIDE_STYLE ('',( #2006 ) ) ;
#1807 = FACE_OUTER_BOUND ( 'NONE', #3233, .T. ) ;
#1808 =( NAMED_UNIT ( * ) PLANE_ANGLE_UNIT ( ) SI_UNIT ( $, .RADIAN. ) );
#1809 = CARTESIAN_POINT ( 'NONE',  ( -0.2742701137210105666, -0.4785466671551906748, 0.5999713838062740168 ) ) ;
#1810 = VERTEX_POINT ( 'NONE', #1659 ) ;
#1811 = SURFACE_STYLE_USAGE ( .BOTH. , #2592 ) ;
#1812 = CARTESIAN_POINT ( 'NONE',  ( -0.07152420973951567618, -0.1258576694120677464, 0.7956055639137323832 ) ) ;
#1813 = DIRECTION ( 'NONE',  ( 0.000000000000000000, 1.000000000000000000, 0.000000000000000000 ) ) ;
#1814 = EDGE_CURVE ( 'NONE', #1774, #1208, #1383, .T. ) ;
#1815 = FILL_AREA_STYLE ('',( #833 ) ) ;
#1816 = MECHANICAL_DESIGN_GEOMETRIC_PRESENTATION_REPRESENTATION (  '', ( #267 ), #2552 ) ;
#1817 = CARTESIAN_POINT ( 'NONE',  ( 1.900000000000001021, -10.54099074031410410, 0.5849999999999999645 ) ) ;
#1818 = EDGE_CURVE ( 'NONE', #490, #353, #2366, .T. ) ;
#1819 = CARTESIAN_POINT ( 'NONE',  ( 3.036484261524631467, -3.340439519987816741, 0.3585555391226534216 ) ) ;
#1820 = CARTESIAN_POINT ( 'NONE',  ( 1.562179764277613403, -3.390341303662857797, 0.4572687437468582750 ) ) ;
#1821 = EDGE_LOOP ( 'NONE', ( #18, #992, #2549, #3456 ) ) ;
#1822 =( NAMED_UNIT ( * ) PLANE_ANGLE_UNIT ( ) SI_UNIT ( $, .RADIAN. ) );
#1823 = CARTESIAN_POINT ( 'NONE',  ( 1.379161301237330939, -3.596972309284004243, 0.3266689818227361264 ) ) ;
#1824 = CARTESIAN_POINT ( 'NONE',  ( 0.2775287797586485916, -0.2219690282754047395, -0.5849999999999999645 ) ) ;
#1825 = CARTESIAN_POINT ( 'NONE',  ( 0.1066565156745244991, 0.1653618738020896095, -0.5849999999999998535 ) ) ;
#1826 = CARTESIAN_POINT ( 'NONE',  ( 0.2036604091703357877, 0.6177836882791369888, 0.5849999999999999645 ) ) ;
#1827 = SURFACE_STYLE_USAGE ( .BOTH. , #3533 ) ;
#1828 = AXIS2_PLACEMENT_3D ( 'NONE', #3263, #1891, #281 ) ;
#1829 = CARTESIAN_POINT ( 'NONE',  ( 1.958244263998611734, -3.384510302341003918, -0.2136015084387884455 ) ) ;
#1830 = CLOSED_SHELL ( 'NONE', ( #2281, #516, #1259, #1690, #1102, #13, #748, #128, #3159, #3090, #3213, #2702, #3471, #792, #258, #52, #101, #2584, #1501, #1658, #1924, #204, #1950, #326, #2876, #2325, #3287, #1640, #570, #3344, #2752, #3446, #2981, #31, #1457, #2574, #2826, #3131, #1322, #2940, #350, #523, #777, #2393, #3237, #1154, #498, #2507, #1405, #684, #1858, #1587, #710, #2430, #439, #1538, #3333, #283, #1236, #1770, #3299, #1344, #410, #2368, #1285, #119 ) ) ;
#1831 = PRESENTATION_STYLE_ASSIGNMENT (( #3469 ) ) ;
#1832 = EDGE_LOOP ( 'NONE', ( #3195, #3277, #2376, #2965 ) ) ;
#1833 = CARTESIAN_POINT ( 'NONE',  ( 0.06023846188447674888, -0.1814262027744966421, -0.7638783202826293639 ) ) ;
#1834 = DIRECTION ( 'NONE',  ( -0.1930381276068702245, 0.6931345737316986222, 0.6944787570457502390 ) ) ;
#1835 =( LENGTH_UNIT ( ) NAMED_UNIT ( * ) SI_UNIT ( .MILLI., .METRE. ) );
#1836 = COLOUR_RGB ( '',1.000000000000000000, 1.000000000000000000, 0.000000000000000000 ) ;
#1837 = CARTESIAN_POINT ( 'NONE',  ( -2.400846740657276879, -3.067535703226585309, 0.2468639209236195842 ) ) ;
#1838 = CARTESIAN_POINT ( 'NONE',  ( 3.150334044047306659, -2.694514920660506796, 0.5251018963461918654 ) ) ;
#1839 = EDGE_CURVE ( 'NONE', #319, #3335, #1887, .T. ) ;
#1840 = VERTEX_POINT ( 'NONE', #3046 ) ;
#1841 =( LENGTH_UNIT ( ) NAMED_UNIT ( * ) SI_UNIT ( .MILLI., .METRE. ) );
#1842 = CARTESIAN_POINT ( 'NONE',  ( 2.357369276626912313, -3.179955476483015353, 0.3553456598115701248 ) ) ;
#1843 = CARTESIAN_POINT ( 'NONE',  ( 0.09826557248542326650, 0.2199418688891162377, 0.7115701130231613103 ) ) ;
#1844 = ORIENTED_EDGE ( 'NONE', *, *, #3422, .T. ) ;
#1845 = CARTESIAN_POINT ( 'NONE',  ( -0.2291880731065570054, 0.4317675152121493998, 0.5849999999999999645 ) ) ;
#1846 =( LENGTH_UNIT ( ) NAMED_UNIT ( * ) SI_UNIT ( .MILLI., .METRE. ) );
#1847 = CIRCLE ( 'NONE', #2309, 0.09999999999999996392 ) ;
#1848 = CARTESIAN_POINT ( 'NONE',  ( -1.345410345184479661, -3.703723890486079195, -0.1048878883310775112 ) ) ;
#1849 = EDGE_CURVE ( 'NONE', #2171, #3, #2744, .T. ) ;
#1850 = AXIS2_PLACEMENT_3D ( 'NONE', #3400, #1779, #365 ) ;
#1851 = VERTEX_POINT ( 'NONE', #768 ) ;
#1852 = AXIS2_PLACEMENT_3D ( 'NONE', #79, #1498, #3347 ) ;
#1853 = TOROIDAL_SURFACE ( 'NONE', #3520, 1.000000000000003553, 0.2552700000000001634 ) ;
#1854 = ORIENTED_EDGE ( 'NONE', *, *, #1875, .T. ) ;
#1855 = FILL_AREA_STYLE ('',( #1223 ) ) ;
#1856 = CYLINDRICAL_SURFACE ( 'NONE', #580, 1.000000000000000000 ) ;
#1857 = CARTESIAN_POINT ( 'NONE',  ( 0.3656744043418210799, -0.6648195265703737977, -0.5849999999999999645 ) ) ;
#1858 = ADVANCED_FACE ( 'NONE', ( #3515 ), #929, .F. ) ;
#1859 = CARTESIAN_POINT ( 'NONE',  ( 0.1429401247201473324, 0.2964535177875031735, 0.6672732452564733574 ) ) ;
#1860 = VECTOR ( 'NONE', #2947, 1000.000000000000000 ) ;
#1861 =( LENGTH_UNIT ( ) NAMED_UNIT ( * ) SI_UNIT ( .MILLI., .METRE. ) );
#1862 = CARTESIAN_POINT ( 'NONE',  ( 2.745701464965345728, -2.853860676974999233, 0.7883586363710761713 ) ) ;
#1863 = DIRECTION ( 'NONE',  ( 0.8762027383027165550, 0.4819426951317150043, 3.115991497093845201E-15 ) ) ;
#1864 = PRESENTATION_STYLE_ASSIGNMENT (( #756 ) ) ;
#1865 = EDGE_LOOP ( 'NONE', ( #1284, #3393, #2852, #1454 ) ) ;
#1866 = FACE_OUTER_BOUND ( 'NONE', #379, .T. ) ;
#1867 = CARTESIAN_POINT ( 'NONE',  ( 0.07848568379674507323, -0.1357290028229201639, -0.7862996508398714113 ) ) ;
#1868 = MECHANICAL_DESIGN_GEOMETRIC_PRESENTATION_REPRESENTATION (  '', ( #944 ), #767 ) ;
#1869 =( NAMED_UNIT ( * ) SI_UNIT ( $, .STERADIAN. ) SOLID_ANGLE_UNIT ( ) );
#1870 =( LENGTH_UNIT ( ) NAMED_UNIT ( * ) SI_UNIT ( .MILLI., .METRE. ) );
#1871 = FILL_AREA_STYLE ('',( #3007 ) ) ;
#1872 = DIRECTION ( 'NONE',  ( 1.000000000000000000, 0.000000000000000000, 0.000000000000000000 ) ) ;
#1873 = SURFACE_SIDE_STYLE ('',( #766 ) ) ;
#1874 = SURFACE_STYLE_FILL_AREA ( #3241 ) ;
#1875 = EDGE_CURVE ( 'NONE', #1171, #2308, #3231, .T. ) ;
#1876 = CARTESIAN_POINT ( 'NONE',  ( 2.406806822015292280, -3.062943314580242493, -0.2467258654417428809 ) ) ;
#1877 = COLOUR_RGB ( '',1.000000000000000000, 1.000000000000000000, 0.000000000000000000 ) ;
#1878 = CARTESIAN_POINT ( 'NONE',  ( 2.767844143386718248, -4.322646055948070831, 0.3655781111779384807 ) ) ;
#1879 = CARTESIAN_POINT ( 'NONE',  ( -3.296816127871554869, -1.305039569418537271, -0.5584587224369296221 ) ) ;
#1880 = SURFACE_SIDE_STYLE ('',( #2669 ) ) ;
#1881 = CARTESIAN_POINT ( 'NONE',  ( 0.000000000000000000, 0.000000000000000000, 0.5849999999999999645 ) ) ;
#1882 = FILL_AREA_STYLE_COLOUR ( '', #3113 ) ;
#1883 = CARTESIAN_POINT ( 'NONE',  ( 0.1293219676015145703, 0.1247165874605089125, -0.5849999999999967448 ) ) ;
#1884 =( GEOMETRIC_REPRESENTATION_CONTEXT ( 3 ) GLOBAL_UNCERTAINTY_ASSIGNED_CONTEXT ( ( #3094 ) ) GLOBAL_UNIT_ASSIGNED_CONTEXT ( ( #3200, #1561, #2602 ) ) REPRESENTATION_CONTEXT ( 'NONE', 'WORKASPACE' ) );
#1885 = ORIENTED_EDGE ( 'NONE', *, *, #3096, .F. ) ;
#1886 = CARTESIAN_POINT ( 'NONE',  ( 0.07152420974157014388, -0.1258576694102969962, -0.7956055639141285107 ) ) ;
#1887 = B_SPLINE_CURVE_WITH_KNOTS ( 'NONE', 3,
 ( #845, #1072, #2224, #1350, #233, #3320, #1946 ),
 .UNSPECIFIED., .F., .F.,
 ( 4, 3, 4 ),
 ( 0.000000000000000000, 4.564304900598115436E-05, 6.024956192463332854E-05 ),
 .UNSPECIFIED. ) ;
#1888 = EDGE_LOOP ( 'NONE', ( #2294, #3050, #922, #1728 ) ) ;
#1889 =( NAMED_UNIT ( * ) SI_UNIT ( $, .STERADIAN. ) SOLID_ANGLE_UNIT ( ) );
#1890 = ORIENTED_EDGE ( 'NONE', *, *, #3497, .T. ) ;
#1891 = DIRECTION ( 'NONE',  ( -1.910766393997566042E-16, -1.000000000000000000, 0.000000000000000000 ) ) ;
#1892 = CARTESIAN_POINT ( 'NONE',  ( 2.477683774563759211, -2.595819110288701381, 0.5850000000002631984 ) ) ;
#1893 = CARTESIAN_POINT ( 'NONE',  ( -0.4752111109802562572, -0.1715937061809479913, 1.084999999999999964 ) ) ;
#1894 =( LENGTH_UNIT ( ) NAMED_UNIT ( * ) SI_UNIT ( .MILLI., .METRE. ) );
#1895 = CARTESIAN_POINT ( 'NONE',  ( 2.588434006877523785, -3.294508327714722018, 0.3961980262467829084 ) ) ;
#1896 = FILL_AREA_STYLE_COLOUR ( '', #497 ) ;
#1897 = B_SPLINE_CURVE_WITH_KNOTS ( 'NONE', 3,
 ( #3439, #893, #2851, #2076, #383, #2001, #2577, #945, #2057, #1742, #1470, #3150, #442, #915 ),
 .UNSPECIFIED., .F., .F.,
 ( 4, 2, 2, 2, 2, 2, 4 ),
 ( 4.967622494769532437, 5.292106511719397055, 5.616590528669261673, 5.941074545619127178, 6.103316554094059043, 6.184437558331525864, 6.211095581971922464 ),
 .UNSPECIFIED. ) ;
#1898 =( BOUNDED_SURFACE ( )  B_SPLINE_SURFACE ( 2, 3, ( 
 ( #73, #328, #126, #3383, #2561, #1701, #1467, #1976, #869, #1196, #2269, #3395 ),
 ( #363, #1133, #1448, #3073, #2545, #2286, #1156, #642, #2017, #925, #600, #2038 ),
 ( #563, #2762, #1394, #2485, #51, #659, #136, #2636, #692, #2656, #438, #3182 ) ),
 .UNSPECIFIED., .F., .F., .F. ) 
 B_SPLINE_SURFACE_WITH_KNOTS ( ( 3, 3 ),
 ( 4, 2, 2, 2, 2, 4 ),
 ( 0.000000000000000000, 1.000000000000000000 ),
 ( 0.1320173684780178436, 0.3167313162992668740, 0.5014452641205159322, 0.6861592119417649904, 0.8708731597630139376, 1.609728951048009948 ),
 .UNSPECIFIED. ) 
 GEOMETRIC_REPRESENTATION_ITEM ( )  RATIONAL_B_SPLINE_SURFACE ( (
 ( 1.000000000000000000, 1.000000000000000000, 1.000000000000000000, 1.000000000000000000, 1.000000000000000000, 1.000000000000000000, 1.000000000000000000, 1.000000000000000000, 1.000000000000000000, 1.000000000000000000, 1.000000000000000000, 1.000000000000000000),
 ( 0.5616600005285038444, 0.5609078903475094302, 0.5688152399512744761, 0.6005685363828336953, 0.6237645350433470570, 0.6703207267916552192, 0.6934817832004128713, 0.7338178345925672197, 0.7512141288881885037, 0.8245013629746315020, 0.8421769543400199343, 0.8508968650965209601),
 ( 1.000000000000000000, 1.000000000000000000, 1.000000000000000000, 1.000000000000000000, 1.000000000000000000, 1.000000000000000000, 1.000000000000000000, 1.000000000000000000, 1.000000000000000000, 1.000000000000000000, 1.000000000000000000, 1.000000000000000000) ) ) 
 REPRESENTATION_ITEM ( '' )  SURFACE ( )  );
#1899 = EDGE_CURVE ( 'NONE', #2819, #2842, #1762, .T. ) ;
#1900 = SURFACE_SIDE_STYLE ('',( #2185 ) ) ;
#1901 = B_SPLINE_CURVE_WITH_KNOTS ( 'NONE', 3,
 ( #3425, #3442, #168, #626, #2888, #967, #1241 ),
 .UNSPECIFIED., .F., .F.,
 ( 4, 3, 4 ),
 ( 0.000000000000000000, 8.316107880172974806E-06, 4.269171291079997552E-05 ),
 .UNSPECIFIED. ) ;
#1902 = AXIS2_PLACEMENT_3D ( 'NONE', #1184, #682, #2347 ) ;
#1903 = CARTESIAN_POINT ( 'NONE',  ( 0.03273142952928389388, -0.1314166532665115850, -0.6817661523108923260 ) ) ;
#1904 = SURFACE_SIDE_STYLE ('',( #1921 ) ) ;
#1905 = FILL_AREA_STYLE ('',( #256 ) ) ;
#1906 = SURFACE_STYLE_FILL_AREA ( #288 ) ;
#1907 = AXIS2_PLACEMENT_3D ( 'NONE', #3128, #3114, #1722 ) ;
#1908 = ORIENTED_EDGE ( 'NONE', *, *, #1839, .F. ) ;
#1909 = CARTESIAN_POINT ( 'NONE',  ( 0.02911014800930431315, 0.1172739142803195939, 0.7714120866431442014 ) ) ;
#1910 =( NAMED_UNIT ( * ) PLANE_ANGLE_UNIT ( ) SI_UNIT ( $, .RADIAN. ) );
#1911 = B_SPLINE_CURVE_WITH_KNOTS ( 'NONE', 3,
 ( #1624, #1039, #2388, #1301, #2414, #222 ),
 .UNSPECIFIED., .F., .F.,
 ( 4, 2, 4 ),
 ( 1.583580972793961571E-14, 0.0003058509660279078212, 0.0006117019320399797854 ),
 .UNSPECIFIED. ) ;
#1912 = CARTESIAN_POINT ( 'NONE',  ( -0.3656744043418208578, 0.6648195265703721324, -1.584999999999999964 ) ) ;
#1913 = FILL_AREA_STYLE ('',( #802 ) ) ;
#1914 = CARTESIAN_POINT ( 'NONE',  ( -1.851189570848992272, -3.047245623452206953, -0.5495770715777852367 ) ) ;
#1915 = CARTESIAN_POINT ( 'NONE',  ( 0.2596283559658565387, -0.4925297788297771651, -0.5849999999999999645 ) ) ;
#1916 = CARTESIAN_POINT ( 'NONE',  ( -2.722897919096931130, -3.340128167353377808, -0.7688413061305946483 ) ) ;
#1917 = CARTESIAN_POINT ( 'NONE',  ( 2.544154380695699658, -3.284560713547045374, 0.3103387076768336916 ) ) ;
#1918 = AXIS2_PLACEMENT_3D ( 'NONE', #1143, #2515, #3043 ) ;
#1919 = CARTESIAN_POINT ( 'NONE',  ( 3.155269999999999353, -2.186356007584653760, 0.5849999999999999645 ) ) ;
#1920 =( BOUNDED_SURFACE ( )  B_SPLINE_SURFACE ( 3, 2, ( 
 ( #2246, #3045, #2008 ),
 ( #1107, #1694, #574 ),
 ( #1680, #2028, #1458 ),
 ( #844, #389, #653 ),
 ( #1440, #902, #864 ),
 ( #2553, #3357, #1186 ) ),
 .UNSPECIFIED., .F., .F., .F. ) 
 B_SPLINE_SURFACE_WITH_KNOTS ( ( 4, 2, 4 ),
 ( 3, 3 ),
 ( 0.001343214019017942512, 0.001595894816007219956, 0.001848575612996497400 ),
 ( 0.08601636141804280822, 1.000000000000000000 ),
 .UNSPECIFIED. ) 
 GEOMETRIC_REPRESENTATION_ITEM ( )  RATIONAL_B_SPLINE_SURFACE ( (
 ( 0.9831047242749375581, 0.9017903370560469423, 1.000000000000000000),
 ( 0.9878495995521472395, 0.9293715739218417760, 1.000000000000000000),
 ( 0.9921516226956640372, 0.9543785788252970859, 1.000000000000000000),
 ( 0.9982519994548642028, 0.9898391392270106115, 1.000000000000000000),
 ( 1.000024534560918665, 1.000142615663543566, 1.000000000000000000),
 ( 1.000000000000000000, 1.000000000000000000, 1.000000000000000000) ) ) 
 REPRESENTATION_ITEM ( '' )  SURFACE ( )  );
#1921 = SURFACE_STYLE_FILL_AREA ( #32 ) ;
#1922 = CARTESIAN_POINT ( 'NONE',  ( 3.230383876403321697, -1.094051847669203603, 0.5850000000000055156 ) ) ;
#1923 = CARTESIAN_POINT ( 'NONE',  ( -2.912123483948731106, -3.781469440676036520, -0.3300180515362178268 ) ) ;
#1924 = ADVANCED_FACE ( 'NONE', ( #104 ), #926, .T. ) ;
#1925 = CARTESIAN_POINT ( 'NONE',  ( 2.745701469715431386, -2.595819110288332343, 0.7883586399738703454 ) ) ;
#1926 = CARTESIAN_POINT ( 'NONE',  ( 3.144152489329598676, -2.753956591991202796, 0.5079923814679185856 ) ) ;
#1927 = EDGE_LOOP ( 'NONE', ( #2086, #1274, #145, #61 ) ) ;
#1928 = CARTESIAN_POINT ( 'NONE',  ( -3.377233333622237765, -1.549946102698312123, -0.4796886669784753976 ) ) ;
#1929 = CARTESIAN_POINT ( 'NONE',  ( -2.698383634632950390, -3.728494037338946576, -0.7417764822141360570 ) ) ;
#1930 = DIRECTION ( 'NONE',  ( 0.8895195490430931606, 0.4568971130026674432, -0.000000000000000000 ) ) ;
#1931 = DIRECTION ( 'NONE',  ( 0.000000000000000000, 0.000000000000000000, 1.000000000000000000 ) ) ;
#1932 = DIRECTION ( 'NONE',  ( 0.9959030171132197129, -0.09042776401518483331, 0.000000000000000000 ) ) ;
#1933 = ORIENTED_EDGE ( 'NONE', *, *, #2958, .T. ) ;
#1934 = PRESENTATION_LAYER_ASSIGNMENT (  '', '', ( #1063 ) ) ;
#1935 = DIRECTION ( 'NONE',  ( 0.000000000000000000, -0.6399818172097212488, -0.7683900530596051714 ) ) ;
#1936 = CARTESIAN_POINT ( 'NONE',  ( 3.140396855099212736, -2.131106780358337449, 0.6733255580948701580 ) ) ;
#1937 = CARTESIAN_POINT ( 'NONE',  ( 0.07523026938557235421, 0.02252100739400534138, 0.8402402014998847646 ) ) ;
#1938 = ORIENTED_EDGE ( 'NONE', *, *, #3067, .F. ) ;
#1939 = FILL_AREA_STYLE ('',( #3018 ) ) ;
#1940 = DIRECTION ( 'NONE',  ( 0.000000000000000000, -0.7077914245980213570, -0.7064214742386470958 ) ) ;
#1941 = EDGE_CURVE ( 'NONE', #1295, #1597, #1500, .T. ) ;
#1942 = CIRCLE ( 'NONE', #1070, 1.154298530284567414 ) ;
#1943 = ORIENTED_EDGE ( 'NONE', *, *, #1698, .T. ) ;
#1944 = CARTESIAN_POINT ( 'NONE',  ( -1.327987743842164337, -3.675186886275060516, -0.2196793482708598866 ) ) ;
#1945 = UNCERTAINTY_MEASURE_WITH_UNIT (LENGTH_MEASURE( 1.000000000000000082E-05 ), #3468, 'distance_accuracy_value', 'NONE');
#1946 = CARTESIAN_POINT ( 'NONE',  ( 0.05962943833539777194, 0.1638812289964733104, 0.7489717935724529152 ) ) ;
#1947 = DIRECTION ( 'NONE',  ( 1.000000000000000000, 0.000000000000000000, -0.000000000000000000 ) ) ;
#1948 = CARTESIAN_POINT ( 'NONE',  ( 1.798303035134929395, -3.486769321023253987, -0.1787140582302955416 ) ) ;
#1949 = ORIENTED_EDGE ( 'NONE', *, *, #3177, .F. ) ;
#1950 = ADVANCED_FACE ( 'NONE', ( #1582 ), #2651, .T. ) ;
#1951 = SURFACE_STYLE_FILL_AREA ( #3111 ) ;
#1952 = CARTESIAN_POINT ( 'NONE',  ( -2.141249202372740079, -2.186356007584643546, -0.5849999999999999645 ) ) ;
#1953 = APPLICATION_CONTEXT ( 'automotive_design' ) ;
#1954 = STYLED_ITEM ( 'NONE', ( #271 ), #1191 ) ;
#1955 = CARTESIAN_POINT ( 'NONE',  ( 3.365000000000001101, 0.000000000000000000, 0.5849999999999999645 ) ) ;
#1956 = MECHANICAL_DESIGN_GEOMETRIC_PRESENTATION_REPRESENTATION (  '', ( #1325 ), #3244 ) ;
#1957 = STYLED_ITEM ( 'NONE', ( #913 ), #1690 ) ;
#1958 = VERTEX_POINT ( 'NONE', #230 ) ;
#1959 = DIRECTION ( 'NONE',  ( -0.000000000000000000, -0.000000000000000000, -1.000000000000000000 ) ) ;
#1960 = CARTESIAN_POINT ( 'NONE',  ( 2.687711035472027721, -3.162809311115152955, 0.3798326492157041434 ) ) ;
#1961 = EDGE_CURVE ( 'NONE', #1992, #618, #153, .T. ) ;
#1962 = MECHANICAL_DESIGN_GEOMETRIC_PRESENTATION_REPRESENTATION (  '', ( #200 ), #420 ) ;
#1963 = CARTESIAN_POINT ( 'NONE',  ( -1.327987743842164337, -3.675186886275060516, -0.2196793482708598866 ) ) ;
#1964 = COLOUR_RGB ( '',1.000000000000000000, 1.000000000000000000, 0.000000000000000000 ) ;
#1965 = FILL_AREA_STYLE_COLOUR ( '', #2944 ) ;
#1966 = COLOUR_RGB ( '',0.7529411764705882248, 0.7529411764705882248, 0.7529411764705882248 ) ;
#1967 = CARTESIAN_POINT ( 'NONE',  ( -2.849557604608564887, -4.015978865347502591, -0.3346516814096481829 ) ) ;
#1968 = CARTESIAN_POINT ( 'NONE',  ( 0.000000000000000000, 0.000000000000000000, 0.000000000000000000 ) ) ;
#1969 = EDGE_CURVE ( 'NONE', #763, #2332, #3003, .T. ) ;
#1970 =( LENGTH_UNIT ( ) NAMED_UNIT ( * ) SI_UNIT ( .MILLI., .METRE. ) );
#1971 = ORIENTED_EDGE ( 'NONE', *, *, #2236, .F. ) ;
#1972 = PRESENTATION_LAYER_ASSIGNMENT (  '', '', ( #102 ) ) ;
#1973 = CARTESIAN_POINT ( 'NONE',  ( -0.3656744043418210244, -0.6648195265703737977, 0.5849999999999999645 ) ) ;
#1974 = CARTESIAN_POINT ( 'NONE',  ( -2.198280583240142416, -6.647909575804324511, -0.5849999999999999645 ) ) ;
#1975 = UNCERTAINTY_MEASURE_WITH_UNIT (LENGTH_MEASURE( 1.000000000000000082E-05 ), #2359, 'distance_accuracy_value', 'NONE');
#1976 = CARTESIAN_POINT ( 'NONE',  ( -1.953670059713785712, -3.387522322273417430, 0.2127747477325087344 ) ) ;
#1977 = CARTESIAN_POINT ( 'NONE',  ( 3.314871569781690841, -1.354834132448999862, 0.5460863315510153804 ) ) ;
#1978 =( NAMED_UNIT ( * ) PLANE_ANGLE_UNIT ( ) SI_UNIT ( $, .RADIAN. ) );
#1979 = DIRECTION ( 'NONE',  ( 1.604957613906700304E-15, 1.000000000000000000, -4.770489558936219510E-15 ) ) ;
#1980 = CARTESIAN_POINT ( 'NONE',  ( -3.120145971014880892, -2.942487964189669736, -0.4542668488862002252 ) ) ;
#1981 = CARTESIAN_POINT ( 'NONE',  ( 3.079967751959207689, -2.436953268713150766, 0.3040207680767126330 ) ) ;
#1982 = CARTESIAN_POINT ( 'NONE',  ( 1.345410343634267925, -3.703723890399238439, 0.1048878916830396912 ) ) ;
#1983 = ORIENTED_EDGE ( 'NONE', *, *, #2690, .T. ) ;
#1984 = DIRECTION ( 'NONE',  ( 1.000000000000000000, 5.259932336933687241E-15, 0.000000000000000000 ) ) ;
#1985 = CARTESIAN_POINT ( 'NONE',  ( -2.718223802981285075, -3.423034299536476865, -0.7642740287823459600 ) ) ;
#1986 = CARTESIAN_POINT ( 'NONE',  ( 2.698291706357400788, -3.729796880987926944, 0.7416584752687445103 ) ) ;
#1987 = CARTESIAN_POINT ( 'NONE',  ( -0.4598918954021049554, -0.3403079631356711321, 0.5849999999999999645 ) ) ;
#1988 = SURFACE_STYLE_FILL_AREA ( #118 ) ;
#1989 = CARTESIAN_POINT ( 'NONE',  ( -0.1209696996975815481, 0.1480218602053975652, -0.7638783202825639718 ) ) ;
#1990 = MECHANICAL_DESIGN_GEOMETRIC_PRESENTATION_REPRESENTATION (  '', ( #170 ), #3080 ) ;
#1991 = FILL_AREA_STYLE_COLOUR ( '', #2324 ) ;
#1992 = VERTEX_POINT ( 'NONE', #60 ) ;
#1993 = EDGE_CURVE ( 'NONE', #431, #129, #312, .T. ) ;
#1994 = PRESENTATION_LAYER_ASSIGNMENT (  '', '', ( #2671 ) ) ;
#1995 =( NAMED_UNIT ( * ) PLANE_ANGLE_UNIT ( ) SI_UNIT ( $, .RADIAN. ) );
#1996 = DIRECTION ( 'NONE',  ( 1.910766393997566042E-16, -1.000000000000000000, 0.000000000000000000 ) ) ;
#1997 = UNCERTAINTY_MEASURE_WITH_UNIT (LENGTH_MEASURE( 1.000000000000000082E-05 ), #374, 'distance_accuracy_value', 'NONE');
#1998 = STYLED_ITEM ( 'NONE', ( #2225 ), #2325 ) ;
#1999 = DIRECTION ( 'NONE',  ( 0.000000000000000000, 0.000000000000000000, 1.000000000000000000 ) ) ;
#2000 = CARTESIAN_POINT ( 'NONE',  ( 2.913629523514775332, -3.775882812232211450, 0.3300941173811581808 ) ) ;
#2001 = CARTESIAN_POINT ( 'NONE',  ( -2.698383634632950390, -3.728494037338946576, -0.7417764822141360570 ) ) ;
#2002 = B_SPLINE_CURVE_WITH_KNOTS ( 'NONE', 3,
 ( #2307, #623, #2548, #2567 ),
 .UNSPECIFIED., .F., .F.,
 ( 4, 4 ),
 ( -8.285451708379396502E-06, 0.0006027297501394162770 ),
 .UNSPECIFIED. ) ;
#2003 = ORIENTED_EDGE ( 'NONE', *, *, #991, .T. ) ;
#2004 = DIRECTION ( 'NONE',  ( 1.000000000000000000, 0.000000000000000000, 0.000000000000000000 ) ) ;
#2005 = SURFACE_SIDE_STYLE ('',( #1711 ) ) ;
#2006 = SURFACE_STYLE_FILL_AREA ( #2061 ) ;
#2007 = DIRECTION ( 'NONE',  ( -0.9162872398296044718, 0.4005217773423128680, 0.000000000000000000 ) ) ;
#2008 = CARTESIAN_POINT ( 'NONE',  ( -0.4752111109802700795, -0.1715937061807240038, 0.5849999999999999645 ) ) ;
#2009 = SURFACE_STYLE_USAGE ( .BOTH. , #2816 ) ;
#2010 = CARTESIAN_POINT ( 'NONE',  ( -0.06799569920344966656, 0.1277984758067853277, -0.7956055639136905278 ) ) ;
#2011 = CARTESIAN_POINT ( 'NONE',  ( 1.856125367353405498, -3.450434384986264646, -0.1925223023224140739 ) ) ;
#2012 = ORIENTED_EDGE ( 'NONE', *, *, #912, .T. ) ;
#2013 = SURFACE_STYLE_FILL_AREA ( #3361 ) ;
#2014 = ORIENTED_EDGE ( 'NONE', *, *, #689, .F. ) ;
#2015 = B_SPLINE_CURVE_WITH_KNOTS ( 'NONE', 3,
 ( #1923, #2172, #3529, #2951, #242, #1328, #2709, #2424 ),
 .UNSPECIFIED., .F., .F.,
 ( 4, 2, 2, 4 ),
 ( 0.003049786584311567524, 0.003734022476467425879, 0.004076140422545355274, 0.004418258368623284235 ),
 .UNSPECIFIED. ) ;
#2016 = UNCERTAINTY_MEASURE_WITH_UNIT (LENGTH_MEASURE( 1.000000000000000082E-05 ), #602, 'distance_accuracy_value', 'NONE');
#2017 = CARTESIAN_POINT ( 'NONE',  ( -2.577272701774671049, -3.300501463147957004, -0.3900923162353918672 ) ) ;
#2018 = EDGE_CURVE ( 'NONE', #158, #3041, #1385, .T. ) ;
#2019 = CARTESIAN_POINT ( 'NONE',  ( -2.900000000000002576, -17.34999999999999787, -0.5849999999999999645 ) ) ;
#2020 = STYLED_ITEM ( 'NONE', ( #611 ), #52 ) ;
#2021 = CARTESIAN_POINT ( 'NONE',  ( -2.400846740658108658, -3.067535703225945376, 0.2468639209236014320 ) ) ;
#2022 = CARTESIAN_POINT ( 'NONE',  ( -2.644730000000000025, -5.965522979686022076, -0.5849999999999999645 ) ) ;
#2023 =( BOUNDED_SURFACE ( )  B_SPLINE_SURFACE ( 3, 2, ( 
 ( #1492, #86, #343 ),
 ( #1715, #2537, #134 ),
 ( #2817, #406, #105 ),
 ( #1147, #866, #593 ),
 ( #3106, #3376, #2518 ),
 ( #904, #2010, #3136 ) ),
 .UNSPECIFIED., .F., .F., .F. ) 
 B_SPLINE_SURFACE_WITH_KNOTS ( ( 4, 2, 4 ),
 ( 3, 3 ),
 ( 0.0009910239093843884860, 0.001091949695236999526, 0.001192875481089610348 ),
 ( 0.000000000000000000, 1.000000000000000000 ),
 .UNSPECIFIED. ) 
 GEOMETRIC_REPRESENTATION_ITEM ( )  RATIONAL_B_SPLINE_SURFACE ( (
 ( 1.000000000000000000, 0.9050542131148581193, 1.000000000000000000),
 ( 1.000000000000000000, 0.8943060843193776366, 1.000000000000000000),
 ( 1.000000000000000000, 0.8872761268337912011, 1.000000000000000000),
 ( 1.000000000000000000, 0.8872942626564359614, 1.000000000000000000),
 ( 1.000000000000000000, 0.8943202528115133942, 1.000000000000000000),
 ( 1.000000000000000000, 0.9050542131171399607, 1.000000000000000000) ) ) 
 REPRESENTATION_ITEM ( '' )  SURFACE ( )  );
#2024 = ORIENTED_EDGE ( 'NONE', *, *, #620, .T. ) ;
#2025 =( GEOMETRIC_REPRESENTATION_CONTEXT ( 3 ) GLOBAL_UNCERTAINTY_ASSIGNED_CONTEXT ( ( #1288 ) ) GLOBAL_UNIT_ASSIGNED_CONTEXT ( ( #1243, #427, #2311 ) ) REPRESENTATION_CONTEXT ( 'NONE', 'WORKASPACE' ) );
#2026 = FACE_OUTER_BOUND ( 'NONE', #1496, .T. ) ;
#2027 = CIRCLE ( 'NONE', #3218, 0.9999999999999998890 ) ;
#2028 = CARTESIAN_POINT ( 'NONE',  ( -0.3014456792587422163, -0.3052570608194934421, 0.5850000000000085132 ) ) ;
#2029 = EDGE_CURVE ( 'NONE', #3122, #2417, #3288, .T. ) ;
#2030 = CARTESIAN_POINT ( 'NONE',  ( -0.03885969829022380140, 0.3532455156964173226, -0.5850000000000000755 ) ) ;
#2031 = AXIS2_PLACEMENT_3D ( 'NONE', #2647, #2382, #405 ) ;
#2032 = ORIENTED_EDGE ( 'NONE', *, *, #3411, .F. ) ;
#2033 = CARTESIAN_POINT ( 'NONE',  ( 2.203914884369717164, -3.217612036047246882, -0.2484096133666976458 ) ) ;
#2034 = VERTEX_POINT ( 'NONE', #2807 ) ;
#2035 = MECHANICAL_DESIGN_GEOMETRIC_PRESENTATION_REPRESENTATION (  '', ( #2658 ), #3409 ) ;
#2036 = ORIENTED_EDGE ( 'NONE', *, *, #369, .F. ) ;
#2037 = FILL_AREA_STYLE ('',( #159 ) ) ;
#2038 = CARTESIAN_POINT ( 'NONE',  ( -2.540941556688520286, -3.288438627485413601, -0.3123696722516841606 ) ) ;
#2039 = SURFACE_SIDE_STYLE ('',( #1233 ) ) ;
#2040 = AXIS2_PLACEMENT_3D ( 'NONE', #325, #380, #3305 ) ;
#2041 = DIRECTION ( 'NONE',  ( 0.000000000000000000, 0.000000000000000000, 1.000000000000000000 ) ) ;
#2042 = EDGE_CURVE ( 'NONE', #1250, #3001, #2588, .T. ) ;
#2043 = ORIENTED_EDGE ( 'NONE', *, *, #478, .F. ) ;
#2044 =( NAMED_UNIT ( * ) PLANE_ANGLE_UNIT ( ) SI_UNIT ( $, .RADIAN. ) );
#2045 = PRESENTATION_STYLE_ASSIGNMENT (( #627 ) ) ;
#2046 = CARTESIAN_POINT ( 'NONE',  ( 0.09991725558777929395, -0.1375171107610207721, -0.7563766475899161845 ) ) ;
#2047 = CARTESIAN_POINT ( 'NONE',  ( -0.04431285072424897414, 0.5631152254408139379, -0.5849999999999999645 ) ) ;
#2048 =( NAMED_UNIT ( * ) SI_UNIT ( $, .STERADIAN. ) SOLID_ANGLE_UNIT ( ) );
#2049 = EDGE_LOOP ( 'NONE', ( #360, #1844, #3506, #1397 ) ) ;
#2050 = CARTESIAN_POINT ( 'NONE',  ( 2.301141662377645059, -3.144439584800934551, -0.2493182013465022884 ) ) ;
#2051 = PRODUCT_DEFINITION ( 'UNKNOWN', '', #2250, #2465 ) ;
#2052 = ORIENTED_EDGE ( 'NONE', *, *, #1000, .F. ) ;
#2053 = CARTESIAN_POINT ( 'NONE',  ( 1.900000000000001021, -10.54099074031410410, 0.5849999999999999645 ) ) ;
#2054 = CARTESIAN_POINT ( 'NONE',  ( -2.652168288002806129, -4.628400276723097839, -0.5238263502107298741 ) ) ;
#2055 =( NAMED_UNIT ( * ) SI_UNIT ( $, .STERADIAN. ) SOLID_ANGLE_UNIT ( ) );
#2056 = PRESENTATION_LAYER_ASSIGNMENT (  '', '', ( #1116 ) ) ;
#2057 = CARTESIAN_POINT ( 'NONE',  ( -2.665478381505966610, -4.168099312879550489, -0.6896859500176173441 ) ) ;
#2058 = AXIS2_PLACEMENT_3D ( 'NONE', #3210, #2956, #3220 ) ;
#2059 = ORIENTED_EDGE ( 'NONE', *, *, #834, .F. ) ;
#2060 = SURFACE_STYLE_USAGE ( .BOTH. , #130 ) ;
#2061 = FILL_AREA_STYLE ('',( #2080 ) ) ;
#2062 = CARTESIAN_POINT ( 'NONE',  ( 1.484401058484121627, -3.474139465538560234, 0.4235041691655235252 ) ) ;
#2063 = SURFACE_STYLE_USAGE ( .BOTH. , #701 ) ;
#2064 = CARTESIAN_POINT ( 'NONE',  ( 2.644730000000002246, -17.34999999999999787, 0.5849999999999999645 ) ) ;
#2065 = CARTESIAN_POINT ( 'NONE',  ( -2.652168288002806129, -4.628400276723097839, -0.5238263502107298741 ) ) ;
#2066 = CARTESIAN_POINT ( 'NONE',  ( 1.900000000000000577, -5.965522979686022076, 0.5849999999999999645 ) ) ;
#2067 = FILL_AREA_STYLE ('',( #1265 ) ) ;
#2068 = MECHANICAL_DESIGN_GEOMETRIC_PRESENTATION_REPRESENTATION (  '', ( #72 ), #509 ) ;
#2069 = ORIENTED_EDGE ( 'NONE', *, *, #3396, .F. ) ;
#2070 = STYLED_ITEM ( 'NONE', ( #1238 ), #1259 ) ;
#2071 =( NAMED_UNIT ( * ) PLANE_ANGLE_UNIT ( ) SI_UNIT ( $, .RADIAN. ) );
#2072 = FILL_AREA_STYLE ('',( #2598 ) ) ;
#2073 =( NAMED_UNIT ( * ) PLANE_ANGLE_UNIT ( ) SI_UNIT ( $, .RADIAN. ) );
#2074 = EDGE_CURVE ( 'NONE', #407, #2034, #2829, .T. ) ;
#2075 = CARTESIAN_POINT ( 'NONE',  ( -1.447082114042650636, -3.677446223047471818, 0.02253406479620737729 ) ) ;
#2076 = CARTESIAN_POINT ( 'NONE',  ( -2.712210630252311017, -3.521370657714171237, -0.7579650710640906119 ) ) ;
#2077 = ORIENTED_EDGE ( 'NONE', *, *, #2866, .F. ) ;
#2078 = CARTESIAN_POINT ( 'NONE',  ( -2.141249202372741411, -2.595819110288331899, -0.5849999999999999645 ) ) ;
#2079 = B_SPLINE_CURVE_WITH_KNOTS ( 'NONE', 3,
 ( #2884, #2603, #2292, #3117, #2138, #240 ),
 .UNSPECIFIED., .F., .F.,
 ( 4, 2, 4 ),
 ( 0.000000000000000000, 0.0003976766639508150822, 0.0007953533279016301643 ),
 .UNSPECIFIED. ) ;
#2080 = FILL_AREA_STYLE_COLOUR ( '', #3275 ) ;
#2081 = CARTESIAN_POINT ( 'NONE',  ( 2.652168287546918801, -4.628400275776417772, 0.5238263520576572629 ) ) ;
#2082 = CARTESIAN_POINT ( 'NONE',  ( 2.944012155520308927, -1.649723377359709309, 0.7819303005437376886 ) ) ;
#2083 = CARTESIAN_POINT ( 'NONE',  ( 0.03854268638715305229, -0.01951382765437967987, -0.8011987339507744554 ) ) ;
#2084 = EDGE_CURVE ( 'NONE', #2899, #1171, #1272, .T. ) ;
#2085 = CARTESIAN_POINT ( 'NONE',  ( 0.3656744043418210799, 0.6648195265703720214, 0.5849999999999999645 ) ) ;
#2086 = ORIENTED_EDGE ( 'NONE', *, *, #2815, .T. ) ;
#2087 = CARTESIAN_POINT ( 'NONE',  ( 0.04306022905403988910, -0.1620214149733174569, -0.7819717488930195692 ) ) ;
#2088 = CARTESIAN_POINT ( 'NONE',  ( -0.02259420661935215499, -0.04748836174079181655, 0.8402927676439987392 ) ) ;
#2089 = ORIENTED_EDGE ( 'NONE', *, *, #3044, .F. ) ;
#2090 = ORIENTED_EDGE ( 'NONE', *, *, #3189, .T. ) ;
#2091 = CARTESIAN_POINT ( 'NONE',  ( -2.540941556688519842, -3.288438627485413601, -0.3123696722516841606 ) ) ;
#2092 = DIRECTION ( 'NONE',  ( 0.000000000000000000, 0.000000000000000000, 1.000000000000000000 ) ) ;
#2093 = B_SPLINE_CURVE_WITH_KNOTS ( 'NONE', 3,
 ( #221, #3451, #2900, #2372, #2356, #1516, #976, #1317, #2132, #1539 ),
 .UNSPECIFIED., .F., .F.,
 ( 4, 2, 2, 2, 4 ),
 ( 0.000000000000000000, 0.0004471392556521649000, 0.0008942785113043298000, 0.001341417766956494754, 0.001788557022608659600 ),
 .UNSPECIFIED. ) ;
#2094 = CARTESIAN_POINT ( 'NONE',  ( -1.590748632669101603, -3.607318157583888407, 0.1071137344690367144 ) ) ;
#2095 = CARTESIAN_POINT ( 'NONE',  ( 3.126827722754882188, -2.909581408317985396, 0.4633278971159139337 ) ) ;
#2096 = ORIENTED_EDGE ( 'NONE', *, *, #1368, .F. ) ;
#2097 = CIRCLE ( 'NONE', #3125, 0.2552700000000001634 ) ;
#2098 =( NAMED_UNIT ( * ) PLANE_ANGLE_UNIT ( ) SI_UNIT ( $, .RADIAN. ) );
#2099 = SURFACE_STYLE_FILL_AREA ( #228 ) ;
#2100 = CARTESIAN_POINT ( 'NONE',  ( -0.1064780431044350800, -0.1381128287522297715, 0.7489717935924302683 ) ) ;
#2101 = CARTESIAN_POINT ( 'NONE',  ( 1.900000000000000577, -5.965522979686022076, 0.5849999999999999645 ) ) ;
#2102 = LINE ( 'NONE', #432, #487 ) ;
#2103 = DIRECTION ( 'NONE',  ( 0.000000000000000000, 0.000000000000000000, 1.000000000000000000 ) ) ;
#2104 = ORIENTED_EDGE ( 'NONE', *, *, #946, .T. ) ;
#2105 = ORIENTED_EDGE ( 'NONE', *, *, #2644, .F. ) ;
#2106 = SURFACE_STYLE_FILL_AREA ( #1037 ) ;
#2107 = CARTESIAN_POINT ( 'NONE',  ( 0.05962943833539777194, 0.1638812289964733104, 0.7489717935724529152 ) ) ;
#2108 = EDGE_CURVE ( 'NONE', #1193, #2556, #747, .T. ) ;
#2109 = COLOUR_RGB ( '',1.000000000000000000, 1.000000000000000000, 0.000000000000000000 ) ;
#2110 = FILL_AREA_STYLE ('',( #776 ) ) ;
#2111 = ORIENTED_EDGE ( 'NONE', *, *, #2405, .F. ) ;
#2112 = CARTESIAN_POINT ( 'NONE',  ( -0.1033384082480667265, -0.1184939080996828265, 0.7543717744144190496 ) ) ;
#2113 = CIRCLE ( 'NONE', #3375, 0.2552700000000001634 ) ;
#2114 = AXIS2_PLACEMENT_3D ( 'NONE', #691, #3452, #2092 ) ;
#2115 = CARTESIAN_POINT ( 'NONE',  ( 0.3656744043418210799, 0.6648195265703720214, 0.5849999999999999645 ) ) ;
#2116 = SURFACE_SIDE_STYLE ('',( #3481 ) ) ;
#2117 =( GEOMETRIC_REPRESENTATION_CONTEXT ( 3 ) GLOBAL_UNCERTAINTY_ASSIGNED_CONTEXT ( ( #1158 ) ) GLOBAL_UNIT_ASSIGNED_CONTEXT ( ( #2496, #1620, #2244 ) ) REPRESENTATION_CONTEXT ( 'NONE', 'WORKASPACE' ) );
#2118 = DIRECTION ( 'NONE',  ( 0.000000000000000000, 0.000000000000000000, 1.000000000000000000 ) ) ;
#2119 = DIRECTION ( 'NONE',  ( 0.000000000000000000, 1.000000000000000000, 0.000000000000000000 ) ) ;
#2120 = CARTESIAN_POINT ( 'NONE',  ( 2.687711035472073906, -3.162809311115141409, 0.3798326492156809397 ) ) ;
#2121 =( LENGTH_UNIT ( ) NAMED_UNIT ( * ) SI_UNIT ( .MILLI., .METRE. ) );
#2122 = EDGE_CURVE ( 'NONE', #129, #1578, #1665, .T. ) ;
#2123 =( NAMED_UNIT ( * ) SI_UNIT ( $, .STERADIAN. ) SOLID_ANGLE_UNIT ( ) );
#2124 = CARTESIAN_POINT ( 'NONE',  ( -2.745701469715430942, -2.595819110288331899, -0.7883586399738702344 ) ) ;
#2125 = ORIENTED_EDGE ( 'NONE', *, *, #530, .T. ) ;
#2126 = SURFACE_STYLE_FILL_AREA ( #2379 ) ;
#2127 = CARTESIAN_POINT ( 'NONE',  ( 2.356877566003404922, -3.162350610601589729, 0.4073570983487129205 ) ) ;
#2128 = CARTESIAN_POINT ( 'NONE',  ( 0.1331363674440185496, -0.2007616941929651344, -0.7115701082657430732 ) ) ;
#2129 = CARTESIAN_POINT ( 'NONE',  ( 0.2467646794055682880, 0.4698671380311757462, 0.6038177164910469852 ) ) ;
#2130 = CARTESIAN_POINT ( 'NONE',  ( 2.722812977573070725, -3.341671503243639041, 0.7687594405289065458 ) ) ;
#2131 = EDGE_CURVE ( 'NONE', #422, #2308, #1677, .T. ) ;
#2132 = CARTESIAN_POINT ( 'NONE',  ( 2.524502762621923857, -2.972168074929389725, -0.2438383725520520129 ) ) ;
#2133 = AXIS2_PLACEMENT_3D ( 'NONE', #127, #1505, #3098 ) ;
#2134 = STYLED_ITEM ( 'NONE', ( #1066 ), #1640 ) ;
#2135 = VERTEX_POINT ( 'NONE', #3226 ) ;
#2136 = AXIS2_PLACEMENT_3D ( 'NONE', #2790, #1979, #3077 ) ;
#2137 = MECHANICAL_DESIGN_GEOMETRIC_PRESENTATION_REPRESENTATION (  '', ( #2419 ), #307 ) ;
#2138 = CARTESIAN_POINT ( 'NONE',  ( 0.2293385689448916576, 0.4316902138037486680, -0.5849999999999999645 ) ) ;
#2139 = MECHANICAL_DESIGN_GEOMETRIC_PRESENTATION_REPRESENTATION (  '', ( #3229 ), #931 ) ;
#2140 =( NAMED_UNIT ( * ) PLANE_ANGLE_UNIT ( ) SI_UNIT ( $, .RADIAN. ) );
#2141 = CARTESIAN_POINT ( 'NONE',  ( -2.745701469715466025, -2.186356007584643546, -0.7883586399738684580 ) ) ;
#2142 = STYLED_ITEM ( 'NONE', ( #55 ), #1658 ) ;
#2143 = FACE_OUTER_BOUND ( 'NONE', #522, .T. ) ;
#2144 = EDGE_LOOP ( 'NONE', ( #495, #1190, #518, #3238, #867, #1246 ) ) ;
#2145 = CIRCLE ( 'NONE', #1393, 0.7447300000000033338 ) ;
#2146 = ORIENTED_EDGE ( 'NONE', *, *, #2997, .F. ) ;
#2147 =( NAMED_UNIT ( * ) SI_UNIT ( $, .STERADIAN. ) SOLID_ANGLE_UNIT ( ) );
#2148 = SURFACE_STYLE_USAGE ( .BOTH. , #3484 ) ;
#2149 = DIRECTION ( 'NONE',  ( 0.8762027383027153338, -0.4819426951317171137, 0.000000000000000000 ) ) ;
#2150 = CARTESIAN_POINT ( 'NONE',  ( -2.958778693182208208, -1.236634404166040424, -0.5850000000000004086 ) ) ;
#2151 =( BOUNDED_SURFACE ( )  B_SPLINE_SURFACE ( 3, 2, ( 
 ( #3030, #2735, #265 ),
 ( #2976, #559, #1058 ),
 ( #1316, #2458, #2428 ),
 ( #808, #1090, #2204 ) ),
 .UNSPECIFIED., .F., .F., .T. ) 
 B_SPLINE_SURFACE_WITH_KNOTS ( ( 4, 4 ),
 ( 3, 3 ),
 ( 0.000000000000000000, 4.667091052762604672E-05 ),
 ( 0.000000000000000000, 1.000000000000000000 ),
 .UNSPECIFIED. ) 
 GEOMETRIC_REPRESENTATION_ITEM ( )  RATIONAL_B_SPLINE_SURFACE ( (
 ( 1.000000000000000000, 0.9050542131171400717, 1.000000000000000000),
 ( 1.000000000000000000, 0.9164034166521135560, 1.000000000000000000),
 ( 1.000000000000000000, 0.9253367063199856579, 1.000000000000000000),
 ( 1.000000000000000000, 0.9455639616231220623, 1.000000000000000000) ) ) 
 REPRESENTATION_ITEM ( '' )  SURFACE ( )  );
#2152 = DIRECTION ( 'NONE',  ( -0.8762027383027168881, 0.4819426951317147267, 0.000000000000000000 ) ) ;
#2153 = CARTESIAN_POINT ( 'NONE',  ( 2.913629523514775332, -3.775882812232211450, 0.3300941173811581808 ) ) ;
#2154 =( LENGTH_UNIT ( ) NAMED_UNIT ( * ) SI_UNIT ( .MILLI., .METRE. ) );
#2155 = CARTESIAN_POINT ( 'NONE',  ( -2.900000000000000799, -8.253256860000062645, -0.5849999999999999645 ) ) ;
#2156 = ORIENTED_EDGE ( 'NONE', *, *, #2904, .F. ) ;
#2157 = DIRECTION ( 'NONE',  ( 0.4819426951317147267, -0.8762027383027168881, 0.000000000000000000 ) ) ;
#2158 = CARTESIAN_POINT ( 'NONE',  ( 0.3656744043418210799, -0.6648195265703737977, -0.5850000000000000755 ) ) ;
#2159 = STYLED_ITEM ( 'NONE', ( #3363 ), #3299 ) ;
#2160 = EDGE_LOOP ( 'NONE', ( #2772, #920, #2275, #1781 ) ) ;
#2161 = EDGE_CURVE ( 'NONE', #678, #1045, #2863, .T. ) ;
#2162 = CARTESIAN_POINT ( 'NONE',  ( 0.007369776155168858423, -0.1218747249580979103, -0.8217131374467898652 ) ) ;
#2163 =( NAMED_UNIT ( * ) SI_UNIT ( $, .STERADIAN. ) SOLID_ANGLE_UNIT ( ) );
#2164 = CARTESIAN_POINT ( 'NONE',  ( -2.687711033780185055, -3.162809310709309152, -0.3798326606821035845 ) ) ;
#2165 = DIRECTION ( 'NONE',  ( -1.000000000000000000, 0.000000000000000000, 0.000000000000000000 ) ) ;
#2166 = PRESENTATION_STYLE_ASSIGNMENT (( #2210 ) ) ;
#2167 = CARTESIAN_POINT ( 'NONE',  ( 2.958778693182213093, -1.236634404166035317, 0.5850000000000062927 ) ) ;
#2168 = DIRECTION ( 'NONE',  ( 1.000000000000000000, 0.000000000000000000, 0.000000000000000000 ) ) ;
#2169 = EDGE_CURVE ( 'NONE', #2803, #2353, #2093, .T. ) ;
#2170 = CARTESIAN_POINT ( 'NONE',  ( 2.900000000000004352, -10.54099074031410410, 0.5849999999999999645 ) ) ;
#2171 = VERTEX_POINT ( 'NONE', #1833 ) ;
#2172 = CARTESIAN_POINT ( 'NONE',  ( -2.971296598988669047, -3.561908415782946591, -0.3328315225194248272 ) ) ;
#2173 = SURFACE_STYLE_USAGE ( .BOTH. , #2985 ) ;
#2174 = CARTESIAN_POINT ( 'NONE',  ( 3.158066679286193335, -2.488908244263020375, 0.5832055018323529794 ) ) ;
#2175 = CARTESIAN_POINT ( 'NONE',  ( 2.141249202372741411, -2.186356007584653760, 1.584999999999999964 ) ) ;
#2176 = CARTESIAN_POINT ( 'NONE',  ( -2.357410482651777883, -3.179302624046985937, -0.3558310073579777355 ) ) ;
#2177 = CARTESIAN_POINT ( 'NONE',  ( -0.1095367066384278637, 0.4932258203894099857, 0.5849999999999999645 ) ) ;
#2178 = FILL_AREA_STYLE_COLOUR ( '', #3367 ) ;
#2179 = EDGE_CURVE ( 'NONE', #2218, #2701, #578, .T. ) ;
#2180 = CARTESIAN_POINT ( 'NONE',  ( 0.06023846188447674888, -0.1814262027744966421, -0.7638783202826293639 ) ) ;
#2181 = CARTESIAN_POINT ( 'NONE',  ( -2.745701469715431386, -2.844239542064532333, -0.7883586399738703454 ) ) ;
#2182 = MECHANICAL_DESIGN_GEOMETRIC_PRESENTATION_REPRESENTATION (  '', ( #1723 ), #3065 ) ;
#2183 = CARTESIAN_POINT ( 'NONE',  ( 2.630875738253885654, -3.269814762691019450, 0.4196184461155137435 ) ) ;
#2184 = CARTESIAN_POINT ( 'NONE',  ( -3.095213686354564508, -1.508923761771766792, -0.5954810071100810065 ) ) ;
#2185 = SURFACE_STYLE_FILL_AREA ( #1608 ) ;
#2186 = EDGE_CURVE ( 'NONE', #3259, #2034, #1354, .T. ) ;
#2187 = PRESENTATION_LAYER_ASSIGNMENT (  '', '', ( #1436 ) ) ;
#2188 = CIRCLE ( 'NONE', #1558, 0.2552700000000001634 ) ;
#2189 = LINE ( 'NONE', #3289, #3178 ) ;
#2190 = CARTESIAN_POINT ( 'NONE',  ( 1.850497751808911850, -3.048141759878197909, 0.5494284898415223717 ) ) ;
#2191 = CARTESIAN_POINT ( 'NONE',  ( 3.393953873667657106, -1.677745694397421827, 0.4094214253715774410 ) ) ;
#2192 = DIRECTION ( 'NONE',  ( -1.000000000000000000, 0.000000000000000000, 0.000000000000000000 ) ) ;
#2193 = DIRECTION ( 'NONE',  ( 0.000000000000000000, 0.000000000000000000, 1.000000000000000000 ) ) ;
#2194 = PRESENTATION_LAYER_ASSIGNMENT (  '', '', ( #200 ) ) ;
#2195 = CARTESIAN_POINT ( 'NONE',  ( -0.1540128431506894713, -0.3191912886399007609, 0.6485601517878638589 ) ) ;
#2196 = CARTESIAN_POINT ( 'NONE',  ( -2.634993182528533762, -2.882277050887606773, 0.2323740220451107896 ) ) ;
#2197 = CARTESIAN_POINT ( 'NONE',  ( 2.554905828148004154, -2.948719130789969167, -0.2430924787420299105 ) ) ;
#2198 = COLOUR_RGB ( '',0.7529411764705882248, 0.7529411764705882248, 0.7529411764705882248 ) ;
#2199 = EDGE_LOOP ( 'NONE', ( #1575, #3478 ) ) ;
#2200 = CARTESIAN_POINT ( 'NONE',  ( 3.365000000000001101, 0.000000000000000000, -0.5849999999999999645 ) ) ;
#2201 = SURFACE_SIDE_STYLE ('',( #2751 ) ) ;
#2202 = DIRECTION ( 'NONE',  ( 0.000000000000000000, 0.000000000000000000, -1.000000000000000000 ) ) ;
#2203 = UNCERTAINTY_MEASURE_WITH_UNIT (LENGTH_MEASURE( 1.000000000000000082E-05 ), #2935, 'distance_accuracy_value', 'NONE');
#2204 = CARTESIAN_POINT ( 'NONE',  ( -0.06023846188738476298, -0.1814262027726150639, 0.7638783202828012264 ) ) ;
#2205 = DIRECTION ( 'NONE',  ( 1.910766393997566042E-16, -1.000000000000000000, 0.000000000000000000 ) ) ;
#2206 = CARTESIAN_POINT ( 'NONE',  ( 1.378146374740475411, -3.705557076497725255, 0.03410513043263450200 ) ) ;
#2207 = FACE_OUTER_BOUND ( 'NONE', #649, .T. ) ;
#2208 = ORIENTED_EDGE ( 'NONE', *, *, #2108, .T. ) ;
#2209 = B_SPLINE_CURVE_WITH_KNOTS ( 'NONE', 3,
 ( #1187, #2589, #2839, #1207, #632, #3341, #3413, #1479, #1967, #378, #2264, #1460 ),
 .UNSPECIFIED., .F., .F.,
 ( 4, 2, 2, 2, 2, 4 ),
 ( 0.1320173684780178436, 0.3167313162992668740, 0.5014452641205159322, 0.6861592119417649904, 0.8708731597630138266, 1.609728951048009948 ),
 .UNSPECIFIED. ) ;
#2210 = SURFACE_STYLE_USAGE ( .BOTH. , #985 ) ;
#2211 = EDGE_CURVE ( 'NONE', #1764, #938, #2770, .T. ) ;
#2212 = CARTESIAN_POINT ( 'NONE',  ( 3.095971970821477903, -1.510643533928570648, 0.5953291935609954511 ) ) ;
#2213 = UNCERTAINTY_MEASURE_WITH_UNIT (LENGTH_MEASURE( 1.000000000000000082E-05 ), #887, 'distance_accuracy_value', 'NONE');
#2214 = CARTESIAN_POINT ( 'NONE',  ( 0.09213066219800725154, -0.1001466456899267471, -0.7640762820863977733 ) ) ;
#2215 = CARTESIAN_POINT ( 'NONE',  ( 2.300521777342310337, -9.624703500484500296, 0.5849999999999999645 ) ) ;
#2216 = CARTESIAN_POINT ( 'NONE',  ( 2.919750666670066774, -2.752964153743657327, 0.2357805894152141535 ) ) ;
#2217 = CARTESIAN_POINT ( 'NONE',  ( 0.09374158320849566850, -0.1025183993954670858, -0.7627139703299393725 ) ) ;
#2218 = VERTEX_POINT ( 'NONE', #2634 ) ;
#2219 = CARTESIAN_POINT ( 'NONE',  ( 2.300521777342313445, -6.881810219515626770, 0.5849999999999999645 ) ) ;
#2220 = CARTESIAN_POINT ( 'NONE',  ( -2.668693352505150607, -3.163033884561885500, -0.3733556790850043883 ) ) ;
#2221 = DIRECTION ( 'NONE',  ( -0.000000000000000000, 1.000000000000000000, 0.000000000000000000 ) ) ;
#2222 = CARTESIAN_POINT ( 'NONE',  ( -1.793361118611658700, -3.121021631441057487, -0.5365910971601028923 ) ) ;
#2223 = EDGE_CURVE ( 'NONE', #783, #1033, #3256, .T. ) ;
#2224 = CARTESIAN_POINT ( 'NONE',  ( 0.04110852911588927516, 0.1424572303092414005, 0.7586103217091965112 ) ) ;
#2225 = PRESENTATION_STYLE_ASSIGNMENT (( #47 ) ) ;
#2226 = CARTESIAN_POINT ( 'NONE',  ( -0.1666628198115233106, 0.3017071558878244297, -0.6544025685565700856 ) ) ;
#2227 = COLOUR_RGB ( '',1.000000000000000000, 1.000000000000000000, 0.000000000000000000 ) ;
#2228 = CARTESIAN_POINT ( 'NONE',  ( -0.3122792933035531959, 0.3225074568286193100, 0.5849999999999999645 ) ) ;
#2229 = TOROIDAL_SURFACE ( 'NONE', #120, 0.2412492023727402235, 1.000000000000000000 ) ;
#2230 = EDGE_LOOP ( 'NONE', ( #718, #3006, #3493, #2032, #2810 ) ) ;
#2231 = CIRCLE ( 'NONE', #896, 0.2552700000000001634 ) ;
#2232 = CARTESIAN_POINT ( 'NONE',  ( 3.151501127862153862, -2.284449138485786346, 0.6333765509121852544 ) ) ;
#2233 = UNCERTAINTY_MEASURE_WITH_UNIT (LENGTH_MEASURE( 1.000000000000000082E-05 ), #1727, 'distance_accuracy_value', 'NONE');
#2234 =( NAMED_UNIT ( * ) SI_UNIT ( $, .STERADIAN. ) SOLID_ANGLE_UNIT ( ) );
#2235 = CARTESIAN_POINT ( 'NONE',  ( 3.393667521681223764, -1.676529062729727793, 0.4099807304878280156 ) ) ;
#2236 = EDGE_CURVE ( 'NONE', #1208, #3070, #3027, .T. ) ;
#2237 =( LENGTH_UNIT ( ) NAMED_UNIT ( * ) SI_UNIT ( .MILLI., .METRE. ) );
#2238 = CARTESIAN_POINT ( 'NONE',  ( 3.007277222394896921, -2.593566567377157739, 0.2628974731654201702 ) ) ;
#2239 = PRESENTATION_LAYER_ASSIGNMENT (  '', '', ( #2510 ) ) ;
#2240 = AXIS2_PLACEMENT_3D ( 'NONE', #2720, #2418, #3522 ) ;
#2241 = CARTESIAN_POINT ( 'NONE',  ( 1.325227181797447029, -3.685581424681349638, 0.1963463059932362420 ) ) ;
#2242 = ORIENTED_EDGE ( 'NONE', *, *, #239, .F. ) ;
#2243 = CARTESIAN_POINT ( 'NONE',  ( -2.357073227613720956, -3.161383014341467845, -0.4078925916024445653 ) ) ;
#2244 =( NAMED_UNIT ( * ) SI_UNIT ( $, .STERADIAN. ) SOLID_ANGLE_UNIT ( ) );
#2245 = DIRECTION ( 'NONE',  ( 0.000000000000000000, 0.000000000000000000, 1.000000000000000000 ) ) ;
#2246 = CARTESIAN_POINT ( 'NONE',  ( -0.09868718519578648096, -0.1374054206527364486, 0.7577983886890261589 ) ) ;
#2247 = CARTESIAN_POINT ( 'NONE',  ( -0.004157583202883825477, 0.04300049587577491755, 0.8011987339513659823 ) ) ;
#2248 = ORIENTED_EDGE ( 'NONE', *, *, #369, .T. ) ;
#2249 = CARTESIAN_POINT ( 'NONE',  ( 2.970556957910751361, -1.700979449789072451, 0.7735476944235044616 ) ) ;
#2250 = PRODUCT_DEFINITION_FORMATION_WITH_SPECIFIED_SOURCE ( 'ANY', '', #24, .NOT_KNOWN. ) ;
#2251 =( NAMED_UNIT ( * ) PLANE_ANGLE_UNIT ( ) SI_UNIT ( $, .RADIAN. ) );
#2252 = PRESENTATION_LAYER_ASSIGNMENT (  '', '', ( #3051 ) ) ;
#2253 =( LENGTH_UNIT ( ) NAMED_UNIT ( * ) SI_UNIT ( .MILLI., .METRE. ) );
#2254 = STYLED_ITEM ( 'NONE', ( #2466 ), #204 ) ;
#2255 = EDGE_LOOP ( 'NONE', ( #1320, #2398, #2885, #656, #443, #1943, #2090, #1210, #2652, #392, #1854 ) ) ;
#2256 = DIRECTION ( 'NONE',  ( 0.000000000000000000, 0.000000000000000000, 1.000000000000000000 ) ) ;
#2257 = SURFACE_STYLE_USAGE ( .BOTH. , #2201 ) ;
#2258 = SURFACE_STYLE_FILL_AREA ( #3103 ) ;
#2259 = CARTESIAN_POINT ( 'NONE',  ( -1.379357379456195964, -3.596729032094529099, -0.3269096161157120650 ) ) ;
#2260 = EDGE_CURVE ( 'NONE', #2728, #2879, #2231, .T. ) ;
#2261 = STYLED_ITEM ( 'NONE', ( #2436 ), #2826 ) ;
#2262 = CARTESIAN_POINT ( 'NONE',  ( 0.1095367066386269961, 0.4932258203893071791, -0.5849999999999999645 ) ) ;
#2263 = AXIS2_PLACEMENT_3D ( 'NONE', #1903, #2448, #1935 ) ;
#2264 = CARTESIAN_POINT ( 'NONE',  ( -2.897520667660490101, -3.835652993141784428, -0.3293237396057326904 ) ) ;
#2265 = CARTESIAN_POINT ( 'NONE',  ( -0.05940003282571717363, 0.2368862382942852896, 0.5849999999999968558 ) ) ;
#2266 = EDGE_LOOP ( 'NONE', ( #1151, #1335, #638, #1346, #2351 ) ) ;
#2267 = CARTESIAN_POINT ( 'NONE',  ( 0.3656744043418210799, 0.6648195265703720214, 0.5849999999999999645 ) ) ;
#2268 = UNCERTAINTY_MEASURE_WITH_UNIT (LENGTH_MEASURE( 1.000000000000000082E-05 ), #1841, 'distance_accuracy_value', 'NONE');
#2269 = CARTESIAN_POINT ( 'NONE',  ( -2.295569805888018511, -3.148575840891671085, 0.2491584208197225869 ) ) ;
#2270 = DIRECTION ( 'NONE',  ( 0.000000000000000000, 0.000000000000000000, -1.000000000000000000 ) ) ;
#2271 = B_SPLINE_CURVE_WITH_KNOTS ( 'NONE', 3,
 ( #3235, #2725, #2969, #275, #507, #1364, #1600, #2196, #1121, #2021 ),
 .UNSPECIFIED., .F., .F.,
 ( 4, 2, 2, 2, 4 ),
 ( 0.000000000000000000, 0.0004459341526172516711, 0.0008918683052345033422, 0.001337802457851755122, 0.001783736610469006684 ),
 .UNSPECIFIED. ) ;
#2272 = CARTESIAN_POINT ( 'NONE',  ( -3.381676676843008433, -1.911497410075362113, -0.2808960106734709194 ) ) ;
#2273 = CARTESIAN_POINT ( 'NONE',  ( 0.04221529530775824240, -0.02667676708110582051, -0.8062934608423032445 ) ) ;
#2274 =( BOUNDED_SURFACE ( )  B_SPLINE_SURFACE ( 3, 2, ( 
 ( #38, #1886, #1030 ),
 ( #2214, #1867, #2966 ),
 ( #1598, #519, #1081 ),
 ( #835, #2686, #818 ) ),
 .UNSPECIFIED., .F., .F., .F. ) 
 B_SPLINE_SURFACE_WITH_KNOTS ( ( 4, 4 ),
 ( 3, 3 ),
 ( 0.000000000000000000, 4.667091052721923373E-05 ),
 ( 0.000000000000000000, 1.000000000000000000 ),
 .UNSPECIFIED. ) 
 GEOMETRIC_REPRESENTATION_ITEM ( )  RATIONAL_B_SPLINE_SURFACE ( (
 ( 1.000000000000000000, 0.9050542131148580083, 1.000000000000000000),
 ( 1.000000000000000000, 0.9164034166379869673, 1.000000000000000000),
 ( 1.000000000000000000, 0.9253367063432501594, 1.000000000000000000),
 ( 1.000000000000000000, 0.9455639616314845952, 1.000000000000000000) ) ) 
 REPRESENTATION_ITEM ( '' )  SURFACE ( )  );
#2275 = ORIENTED_EDGE ( 'NONE', *, *, #1215, .T. ) ;
#2276 = PRESENTATION_STYLE_ASSIGNMENT (( #3370 ) ) ;
#2277 = CARTESIAN_POINT ( 'NONE',  ( -2.900000000000000355, -5.965522979686022076, -0.5849999999999999645 ) ) ;
#2278 = CARTESIAN_POINT ( 'NONE',  ( 2.648085690338283893, -4.427637046584193214, 0.6322025292244857209 ) ) ;
#2279 = PRESENTATION_LAYER_ASSIGNMENT (  '', '', ( #267 ) ) ;
#2280 = CARTESIAN_POINT ( 'NONE',  ( -0.2036604091703236308, 0.6177836882791734041, -0.5849999999999999645 ) ) ;
#2281 = ADVANCED_FACE ( 'NONE', ( #1251 ), #3548, .T. ) ;
#2282 = CARTESIAN_POINT ( 'NONE',  ( -0.1163584004422772017, 0.1373442091212336846, -0.7719261857165956586 ) ) ;
#2283 = ORIENTED_EDGE ( 'NONE', *, *, #137, .F. ) ;
#2284 = ORIENTED_EDGE ( 'NONE', *, *, #163, .T. ) ;
#2285 = PRESENTATION_LAYER_ASSIGNMENT (  '', '', ( #2159 ) ) ;
#2286 = CARTESIAN_POINT ( 'NONE',  ( -2.630044524840285280, -3.270449166413295750, -0.4210918760645671055 ) ) ;
#2287 = CIRCLE ( 'NONE', #3253, 0.2552700000000001634 ) ;
#2288 = VECTOR ( 'NONE', #1660, 1000.000000000000114 ) ;
#2289 = FILL_AREA_STYLE_COLOUR ( '', #2763 ) ;
#2290 = AXIS2_PLACEMENT_3D ( 'NONE', #2101, #481, #1018 ) ;
#2291 = CARTESIAN_POINT ( 'NONE',  ( -3.097334545448470422, -3.066246138057825643, -0.4218605427038752409 ) ) ;
#2292 = CARTESIAN_POINT ( 'NONE',  ( 0.4460682861011816547, 0.09369773944869969062, -0.5849999999999999645 ) ) ;
#2293 = EDGE_CURVE ( 'NONE', #1101, #3314, #1564, .T. ) ;
#2294 = ORIENTED_EDGE ( 'NONE', *, *, #787, .T. ) ;
#2295 = DIRECTION ( 'NONE',  ( -0.000000000000000000, -0.000000000000000000, -1.000000000000000000 ) ) ;
#2296 =( BOUNDED_SURFACE ( )  B_SPLINE_SURFACE ( 3, 2, ( 
 ( #2267, #1737, #381 ),
 ( #3002, #125, #1194 ),
 ( #3252, #2984, #520 ),
 ( #1616, #1517, #3181 ) ),
 .UNSPECIFIED., .F., .F., .F. ) 
 B_SPLINE_SURFACE_WITH_KNOTS ( ( 4, 4 ),
 ( 3, 3 ),
 ( -8.373928953107905945E-06, 0.0006647585375011550151 ),
 ( 0.000000000000000000, 1.000000000000000000 ),
 .UNSPECIFIED. ) 
 GEOMETRIC_REPRESENTATION_ITEM ( )  RATIONAL_B_SPLINE_SURFACE ( (
 ( 1.000000000000000000, 1.000000000000000000, 1.000000000000000000),
 ( 1.000000000000000000, 0.9986217293147904295, 1.000000000000000000),
 ( 1.000000000000000000, 0.9899734367847856653, 1.000000000000000000),
 ( 1.000000000000000000, 0.9455639616313683549, 1.000000000000000000) ) ) 
 REPRESENTATION_ITEM ( '' )  SURFACE ( )  );
#2297 = CARTESIAN_POINT ( 'NONE',  ( 3.131886686356283089, -2.046370125188419653, 0.7039419522969235787 ) ) ;
#2298 =( NAMED_UNIT ( * ) PLANE_ANGLE_UNIT ( ) SI_UNIT ( $, .RADIAN. ) );
#2299 = PRESENTATION_LAYER_ASSIGNMENT (  '', '', ( #285 ) ) ;
#2300 =( NAMED_UNIT ( * ) PLANE_ANGLE_UNIT ( ) SI_UNIT ( $, .RADIAN. ) );
#2301 = ORIENTED_EDGE ( 'NONE', *, *, #2131, .F. ) ;
#2302 = CARTESIAN_POINT ( 'NONE',  ( 0.06023846188447674888, -0.1814262027744966421, -0.7638783202826293639 ) ) ;
#2303 = ORIENTED_EDGE ( 'NONE', *, *, #2933, .F. ) ;
#2304 = DIRECTION ( 'NONE',  ( -0.8895195490430931606, 0.4568971130026673877, 0.000000000000000000 ) ) ;
#2305 = EDGE_CURVE ( 'NONE', #3378, #1597, #993, .T. ) ;
#2306 = CARTESIAN_POINT ( 'NONE',  ( -3.129667487533938530, -2.879924895148215924, -0.4718915045813826259 ) ) ;
#2307 = CARTESIAN_POINT ( 'NONE',  ( 0.3656744043418209689, 0.6648195265703717993, 0.5849999999999999645 ) ) ;
#2308 = VERTEX_POINT ( 'NONE', #1371 ) ;
#2309 = AXIS2_PLACEMENT_3D ( 'NONE', #1649, #75, #3267 ) ;
#2310 = CARTESIAN_POINT ( 'NONE',  ( 2.673455637998094492, -4.066517376920057103, 0.7032639828350074618 ) ) ;
#2311 =( NAMED_UNIT ( * ) SI_UNIT ( $, .STERADIAN. ) SOLID_ANGLE_UNIT ( ) );
#2312 = CIRCLE ( 'NONE', #744, 0.2552700000000001634 ) ;
#2313 = COLOUR_RGB ( '',1.000000000000000000, 1.000000000000000000, 0.000000000000000000 ) ;
#2314 = FACE_OUTER_BOUND ( 'NONE', #907, .T. ) ;
#2315 = ORIENTED_EDGE ( 'NONE', *, *, #1849, .F. ) ;
#2316 = CARTESIAN_POINT ( 'NONE',  ( 0.05980834231431269438, -0.1808014849393568824, -0.7644032715242793374 ) ) ;
#2317 = CARTESIAN_POINT ( 'NONE',  ( 0.1876567633307658078, -0.3020327141622097811, -0.6560259273193919105 ) ) ;
#2318 = ORIENTED_EDGE ( 'NONE', *, *, #1000, .T. ) ;
#2319 = VERTEX_POINT ( 'NONE', #2782 ) ;
#2320 = AXIS2_PLACEMENT_3D ( 'NONE', #2489, #2193, #1409 ) ;
#2321 = SURFACE_SIDE_STYLE ('',( #1484 ) ) ;
#2322 = B_SPLINE_CURVE_WITH_KNOTS ( 'NONE', 3,
 ( #3309, #1134, #795, #3038, #1977, #564, #2705, #2191, #853, #3074 ),
 .UNSPECIFIED., .F., .F.,
 ( 4, 2, 2, 2, 4 ),
 ( 4.336808689942017736E-19, 0.0002166445807385400965, 0.0004332891614770797593, 0.0006499337422156193679, 0.0008665783229541590849 ),
 .UNSPECIFIED. ) ;
#2323 = SURFACE_STYLE_USAGE ( .BOTH. , #2039 ) ;
#2324 = COLOUR_RGB ( '',1.000000000000000000, 1.000000000000000000, 0.000000000000000000 ) ;
#2325 = ADVANCED_FACE ( 'NONE', ( #1109 ), #301, .T. ) ;
#2326 = CARTESIAN_POINT ( 'NONE',  ( -3.209222125041143681, -1.011987328056256796, -1.585000000000000187 ) ) ;
#2327 = ORIENTED_EDGE ( 'NONE', *, *, #1192, .T. ) ;
#2328 = PRESENTATION_STYLE_ASSIGNMENT (( #2853 ) ) ;
#2329 = CARTESIAN_POINT ( 'NONE',  ( 0.09346266734010288957, 0.09801231069853483246, 0.6817661523109133093 ) ) ;
#2330 = CARTESIAN_POINT ( 'NONE',  ( 0.1744921475775555453, 0.04259801996380870037, -0.5850000000000030731 ) ) ;
#2331 = CARTESIAN_POINT ( 'NONE',  ( -2.061025528497927528, -2.757600709322990618, -0.5850000000009214496 ) ) ;
#2332 = VERTEX_POINT ( 'NONE', #6 ) ;
#2333 = CARTESIAN_POINT ( 'NONE',  ( -0.007742300111886092108, -0.1223147237762052808, 0.8212843951648902685 ) ) ;
#2334 = EDGE_CURVE ( 'NONE', #188, #490, #826, .T. ) ;
#2335 = STYLED_ITEM ( 'NONE', ( #3519 ), #350 ) ;
#2336 = SURFACE_STYLE_USAGE ( .BOTH. , #398 ) ;
#2337 = FACE_OUTER_BOUND ( 'NONE', #1327, .T. ) ;
#2338 = TOROIDAL_SURFACE ( 'NONE', #832, 3.365000000000001101, 0.5849999999999999645 ) ;
#2339 = CARTESIAN_POINT ( 'NONE',  ( -2.540941556690170078, -3.288438627488637689, -0.3123696722592877451 ) ) ;
#2340 = DIRECTION ( 'NONE',  ( 0.000000000000000000, 0.000000000000000000, -1.000000000000000000 ) ) ;
#2341 = EDGE_CURVE ( 'NONE', #490, #712, #775, .T. ) ;
#2342 = MECHANICAL_DESIGN_GEOMETRIC_PRESENTATION_REPRESENTATION (  '', ( #1063 ), #2864 ) ;
#2343 = ORIENTED_EDGE ( 'NONE', *, *, #220, .T. ) ;
#2344 = FILL_AREA_STYLE_COLOUR ( '', #1157 ) ;
#2345 = FILL_AREA_STYLE ('',( #3120 ) ) ;
#2346 = CARTESIAN_POINT ( 'NONE',  ( 2.900000000000000355, -5.965522979686022076, 0.5849999999999999645 ) ) ;
#2347 = DIRECTION ( 'NONE',  ( 0.4819426951317171692, 0.8762027383027154448, 0.000000000000000000 ) ) ;
#2348 = EDGE_CURVE ( 'NONE', #3450, #1851, #3008, .T. ) ;
#2349 =( LENGTH_UNIT ( ) NAMED_UNIT ( * ) SI_UNIT ( .MILLI., .METRE. ) );
#2350 = CARTESIAN_POINT ( 'NONE',  ( -2.141249202372741411, -2.595819110288331899, -0.5849999999999999645 ) ) ;
#2351 = ORIENTED_EDGE ( 'NONE', *, *, #1073, .F. ) ;
#2352 = FACE_OUTER_BOUND ( 'NONE', #3107, .T. ) ;
#2353 = VERTEX_POINT ( 'NONE', #1876 ) ;
#2354 = ORIENTED_EDGE ( 'NONE', *, *, #2483, .T. ) ;
#2355 = AXIS2_PLACEMENT_3D ( 'NONE', #1508, #2605, #166 ) ;
#2356 = CARTESIAN_POINT ( 'NONE',  ( 3.153970434258319688, -2.382938329443320846, -0.04586739865276562300 ) ) ;
#2357 = FILL_AREA_STYLE_COLOUR ( '', #3428 ) ;
#2358 = PRESENTATION_STYLE_ASSIGNMENT (( #1010 ) ) ;
#2359 =( LENGTH_UNIT ( ) NAMED_UNIT ( * ) SI_UNIT ( .MILLI., .METRE. ) );
#2360 = EDGE_LOOP ( 'NONE', ( #1473, #3487, #1375, #970 ) ) ;
#2361 = CARTESIAN_POINT ( 'NONE',  ( 0.2671969175740664393, -0.4862216358025687191, -0.5850000005445269435 ) ) ;
#2362 = FILL_AREA_STYLE_COLOUR ( '', #1332 ) ;
#2363 = CARTESIAN_POINT ( 'NONE',  ( 0.05544291333989263132, -0.04997239921166909266, -0.7948985040153184745 ) ) ;
#2364 = PRESENTATION_LAYER_ASSIGNMENT (  '', '', ( #359 ) ) ;
#2365 = PRESENTATION_STYLE_ASSIGNMENT (( #2663 ) ) ;
#2366 = B_SPLINE_CURVE_WITH_KNOTS ( 'NONE', 3,
 ( #1108, #2443, #2480, #3283, #2162, #46 ),
 .UNSPECIFIED., .F., .F.,
 ( 4, 2, 4 ),
 ( 1.355252715606880543E-20, 0.0001676588107150825228, 0.0003353176214301650457 ),
 .UNSPECIFIED. ) ;
#2367 = VERTEX_POINT ( 'NONE', #2716 ) ;
#2368 = ADVANCED_FACE ( 'NONE', ( #2755 ), #2023, .T. ) ;
#2369 = CARTESIAN_POINT ( 'NONE',  ( -0.1745775798088644581, 0.04243898113787798743, 0.5850000000000031841 ) ) ;
#2370 = CARTESIAN_POINT ( 'NONE',  ( -3.155270000000002462, -17.34999999999999787, -0.5849999999999999645 ) ) ;
#2371 = EDGE_LOOP ( 'NONE', ( #2558, #1773, #279, #1463, #1718, #3124, #450, #1607, #2569, #475, #3022, #121, #344, #3545, #1735, #30 ) ) ;
#2372 = CARTESIAN_POINT ( 'NONE',  ( 3.235829061994071942, -2.277686969029932840, 0.02209600871253181165 ) ) ;
#2373 = SURFACE_SIDE_STYLE ('',( #923 ) ) ;
#2374 = FILL_AREA_STYLE ('',( #2357 ) ) ;
#2375 = B_SPLINE_CURVE_WITH_KNOTS ( 'NONE', 3,
 ( #2895, #2087, #3174, #670, #1771, #706, #468, #2316, #394, #2302 ),
 .UNSPECIFIED., .F., .F.,
 ( 4, 3, 3, 4 ),
 ( 0.000000000000000000, 3.300755667700435629E-05, 4.120916607950627877E-05, 4.258888068407093691E-05 ),
 .UNSPECIFIED. ) ;
#2376 = ORIENTED_EDGE ( 'NONE', *, *, #1756, .F. ) ;
#2377 = SURFACE_STYLE_USAGE ( .BOTH. , #734 ) ;
#2378 = STYLED_ITEM ( 'NONE', ( #404 ), #684 ) ;
#2379 = FILL_AREA_STYLE ('',( #1579 ) ) ;
#2380 = CARTESIAN_POINT ( 'NONE',  ( -0.007184975116522295847, -0.1031616922965613442, 0.7086945039712572170 ) ) ;
#2381 = PRESENTATION_STYLE_ASSIGNMENT (( #464 ) ) ;
#2382 = DIRECTION ( 'NONE',  ( -0.000000000000000000, -0.000000000000000000, -1.000000000000000000 ) ) ;
#2383 = CARTESIAN_POINT ( 'NONE',  ( 0.3060490048773494842, 0.5670592671121974515, 0.5850132592279539967 ) ) ;
#2384 = SURFACE_STYLE_FILL_AREA ( #2957 ) ;
#2385 =( BOUNDED_SURFACE ( )  B_SPLINE_SURFACE ( 3, 2, ( 
 ( #749, #3193, #1280 ),
 ( #3465, #3498, #1843 ),
 ( #720, #1017, #1859 ),
 ( #1826, #1002, #2129 ),
 ( #202, #1583, #2383 ),
 ( #2115, #2085, #2942 ) ),
 .UNSPECIFIED., .F., .F., .F. ) 
 B_SPLINE_SURFACE_WITH_KNOTS ( ( 4, 2, 4 ),
 ( 3, 3 ),
 ( 0.001343214019017957041, 0.001595894816007227112, 0.001848575612996496966 ),
 ( 0.000000000000000000, 0.9139836495979197784 ),
 .UNSPECIFIED. ) 
 GEOMETRIC_REPRESENTATION_ITEM ( )  RATIONAL_B_SPLINE_SURFACE ( (
 ( 1.000000000000000000, 0.9017903358723612373, 0.9831047262350527394),
 ( 1.000000000000000000, 0.9293715730705800482, 0.9878496009617825369),
 ( 1.000000000000000000, 0.9543785782754427016, 0.9921516236061989069),
 ( 1.000000000000000000, 0.9898391391045416876, 0.9982519996576588728),
 ( 1.000000000000000000, 1.000142615665265300, 1.000024534558072498),
 ( 1.000000000000000000, 1.000000000000000000, 1.000000000000000000) ) ) 
 REPRESENTATION_ITEM ( '' )  SURFACE ( )  );
#2386 = EDGE_CURVE ( 'NONE', #3351, #1764, #2209, .T. ) ;
#2387 = FILL_AREA_STYLE_COLOUR ( '', #340 ) ;
#2388 = CARTESIAN_POINT ( 'NONE',  ( 0.1546163270775875176, 0.3202389726392347313, 0.6560104993832516218 ) ) ;
#2389 = CARTESIAN_POINT ( 'NONE',  ( 0.02911014800667812569, 0.1172739142812352087, 0.7714120866427144341 ) ) ;
#2390 = CARTESIAN_POINT ( 'NONE',  ( -1.852015902088268273, -3.453022942267239159, 0.1915461300572038894 ) ) ;
#2391 = ORIENTED_EDGE ( 'NONE', *, *, #67, .T. ) ;
#2392 =( NAMED_UNIT ( * ) PLANE_ANGLE_UNIT ( ) SI_UNIT ( $, .RADIAN. ) );
#2393 = ADVANCED_FACE ( 'NONE', ( #2314 ), #1695, .F. ) ;
#2394 = CARTESIAN_POINT ( 'NONE',  ( 0.4127022781255363926, -0.5028032193583361620, -0.5849999999999999645 ) ) ;
#2395 = STYLED_ITEM ( 'NONE', ( #719 ), #1587 ) ;
#2396 = STYLED_ITEM ( 'NONE', ( #2365 ), #2430 ) ;
#2397 =( NAMED_UNIT ( * ) PLANE_ANGLE_UNIT ( ) SI_UNIT ( $, .RADIAN. ) );
#2398 = ORIENTED_EDGE ( 'NONE', *, *, #666, .T. ) ;
#2399 = AXIS2_PLACEMENT_3D ( 'NONE', #322, #2221, #2202 ) ;
#2400 = DIRECTION ( 'NONE',  ( 0.000000000000000000, 0.000000000000000000, 1.000000000000000000 ) ) ;
#2401 = DIRECTION ( 'NONE',  ( 1.000000000000000000, 0.000000000000000000, 0.000000000000000000 ) ) ;
#2402 = FILL_AREA_STYLE_COLOUR ( '', #2780 ) ;
#2403 =( BOUNDED_SURFACE ( )  B_SPLINE_SURFACE ( 3, 2, ( 
 ( #1434, #16, #276 ),
 ( #3349, #2453, #2197 ),
 ( #1414, #2529, #3274 ),
 ( #1122, #3040, #2474 ),
 ( #3297, #81, #3079 ),
 ( #40, #2216, #606 ),
 ( #2793, #3020, #3313 ),
 ( #837, #2238, #566 ),
 ( #2769, #875, #316 ),
 ( #1926, #1981, #553 ),
 ( #1651, #1708, #352 ),
 ( #2174, #801, #2869 ),
 ( #1235, #401, #142 ),
 ( #1487, #3130, #164 ) ),
 .UNSPECIFIED., .F., .F., .F. ) 
 B_SPLINE_SURFACE_WITH_KNOTS ( ( 4, 2, 2, 2, 2, 2, 4 ),
 ( 3, 3 ),
 ( 0.005056524559887858906, 0.005742308134805178960, 0.006085199922263838553, 0.006428091709722498145, 0.006770983497181157738, 0.007113875284639817331, 0.007799658859557136517 ),
 ( 0.000000000000000000, 1.000000000000000000 ),
 .UNSPECIFIED. ) 
 GEOMETRIC_REPRESENTATION_ITEM ( )  RATIONAL_B_SPLINE_SURFACE ( (
 ( 1.000000000000000000, 0.8517814756927564179, 1.000000000000000000),
 ( 1.000000000000000000, 0.8736627113201572703, 1.000000000000000000),
 ( 1.000000000000000000, 0.8875052839170696206, 1.000000000000000000),
 ( 1.000000000000000000, 0.9029618974718756075, 1.000000000000000000),
 ( 1.000000000000000000, 0.9071038155690834826, 1.000000000000000000),
 ( 1.000000000000000000, 0.9145754668337041648, 1.000000000000000000),
 ( 1.000000000000000000, 0.9179332998960760825, 1.000000000000000000),
 ( 1.000000000000000000, 0.9244715298083812094, 1.000000000000000000),
 ( 1.000000000000000000, 0.9276274263525711161, 1.000000000000000000),
 ( 1.000000000000000000, 0.9341496945886024195, 1.000000000000000000),
 ( 1.000000000000000000, 0.9375431618545303492, 1.000000000000000000),
 ( 1.000000000000000000, 0.9477956412442212208, 1.000000000000000000),
 ( 1.000000000000000000, 0.9549057798622679893, 1.000000000000000000),
 ( 1.000000000000000000, 0.9612038423665221210, 1.000000000000000000) ) ) 
 REPRESENTATION_ITEM ( '' )  SURFACE ( )  );
#2404 = STYLED_ITEM ( 'NONE', ( #1647 ), #1344 ) ;
#2405 = EDGE_CURVE ( 'NONE', #3362, #3351, #2719, .T. ) ;
#2406 = DIRECTION ( 'NONE',  ( 0.8762027383027153338, 0.4819426951317174468, -0.000000000000000000 ) ) ;
#2407 = EDGE_LOOP ( 'NONE', ( #1652, #3390, #965, #1404 ) ) ;
#2408 =( NAMED_UNIT ( * ) SI_UNIT ( $, .STERADIAN. ) SOLID_ANGLE_UNIT ( ) );
#2409 = SURFACE_STYLE_USAGE ( .BOTH. , #759 ) ;
#2410 = CARTESIAN_POINT ( 'NONE',  ( 3.145945581714265415, -2.186356007584643546, 0.6533633215640269887 ) ) ;
#2411 = CARTESIAN_POINT ( 'NONE',  ( -2.900000000000001243, -10.54099074031410410, -0.5849999999999999645 ) ) ;
#2412 = DIRECTION ( 'NONE',  ( 0.000000000000000000, 0.000000000000000000, 1.000000000000000000 ) ) ;
#2413 = EDGE_LOOP ( 'NONE', ( #1389, #2573, #2052, #191 ) ) ;
#2414 = CARTESIAN_POINT ( 'NONE',  ( 0.3124321059057163508, 0.5778754749418696379, 0.5849999999999999645 ) ) ;
#2415 = AXIS2_PLACEMENT_3D ( 'NONE', #958, #2103, #723 ) ;
#2416 = CIRCLE ( 'NONE', #1907, 0.9999999999999998890 ) ;
#2417 = VERTEX_POINT ( 'NONE', #2931 ) ;
#2418 = DIRECTION ( 'NONE',  ( -2.295113564421621368E-16, -1.000000000000000000, 0.000000000000000000 ) ) ;
#2419 = STYLED_ITEM ( 'NONE', ( #2662 ), #2752 ) ;
#2420 = CARTESIAN_POINT ( 'NONE',  ( 2.900000000000000799, -8.253256860000062645, 0.5849999999999999645 ) ) ;
#2421 = CARTESIAN_POINT ( 'NONE',  ( 0.1692883448098260191, 0.4625346327517989020, -0.5849999999999999645 ) ) ;
#2422 = EDGE_CURVE ( 'NONE', #1851, #1774, #3199, .T. ) ;
#2423 = CIRCLE ( 'NONE', #751, 3.365000000000001101 ) ;
#2424 = CARTESIAN_POINT ( 'NONE',  ( -3.155269999999999353, -2.478076934775767626, -0.5849999999999999645 ) ) ;
#2425 = SURFACE_SIDE_STYLE ('',( #2126 ) ) ;
#2426 = FACE_OUTER_BOUND ( 'NONE', #782, .T. ) ;
#2427 = CARTESIAN_POINT ( 'NONE',  ( 3.155269999999999353, -2.478076934775767182, 0.5849999999999999645 ) ) ;
#2428 = CARTESIAN_POINT ( 'NONE',  ( -0.05369111929922908144, -0.1718161466142803795, 0.7719245399839484989 ) ) ;
#2429 = CARTESIAN_POINT ( 'NONE',  ( -2.876025134017274443, -1.557070775652194206, -0.7855393009869355847 ) ) ;
#2430 = ADVANCED_FACE ( 'NONE', ( #955 ), #2385, .F. ) ;
#2431 = ORIENTED_EDGE ( 'NONE', *, *, #1313, .F. ) ;
#2432 = SURFACE_SIDE_STYLE ('',( #1338 ) ) ;
#2433 = B_SPLINE_CURVE_WITH_KNOTS ( 'NONE', 3,
 ( #1341, #3271, #1178, #1740 ),
 .UNSPECIFIED., .F., .F.,
 ( 4, 4 ),
 ( -8.285296242933012537E-06, 0.0006027298761967674664 ),
 .UNSPECIFIED. ) ;
#2434 = ORIENTED_EDGE ( 'NONE', *, *, #2084, .F. ) ;
#2435 =( NAMED_UNIT ( * ) SI_UNIT ( $, .STERADIAN. ) SOLID_ANGLE_UNIT ( ) );
#2436 = PRESENTATION_STYLE_ASSIGNMENT (( #2747 ) ) ;
#2437 = EDGE_CURVE ( 'NONE', #353, #2332, #1591, .T. ) ;
#2438 =( GEOMETRIC_REPRESENTATION_CONTEXT ( 3 ) GLOBAL_UNCERTAINTY_ASSIGNED_CONTEXT ( ( #2787 ) ) GLOBAL_UNIT_ASSIGNED_CONTEXT ( ( #908, #2844, #2435 ) ) REPRESENTATION_CONTEXT ( 'NONE', 'WORKASPACE' ) );
#2439 = FILL_AREA_STYLE ('',( #2750 ) ) ;
#2440 = CARTESIAN_POINT ( 'NONE',  ( 2.141249202372741411, -2.186356007584647987, 1.584999999999999964 ) ) ;
#2441 = COLOUR_RGB ( '',1.000000000000000000, 1.000000000000000000, 0.000000000000000000 ) ;
#2442 =( GEOMETRIC_REPRESENTATION_CONTEXT ( 3 ) GLOBAL_UNCERTAINTY_ASSIGNED_CONTEXT ( ( #851 ) ) GLOBAL_UNIT_ASSIGNED_CONTEXT ( ( #541, #3031, #2500 ) ) REPRESENTATION_CONTEXT ( 'NONE', 'WORKASPACE' ) );
#2443 = CARTESIAN_POINT ( 'NONE',  ( -0.09898412003549997285, 0.07148342735228893630, -0.8217132354367424618 ) ) ;
#2444 = AXIS2_PLACEMENT_3D ( 'NONE', #1347, #1069, #3534 ) ;
#2445 = LINE ( 'NONE', #542, #550 ) ;
#2446 = CARTESIAN_POINT ( 'NONE',  ( -3.230381789275990290, -1.094043752857060792, -0.5849999999999999645 ) ) ;
#2447 = ORIENTED_EDGE ( 'NONE', *, *, #1040, .F. ) ;
#2448 = DIRECTION ( 'NONE',  ( 0.4567591624915769422, -0.6835524093485919606, 0.5693216763427580984 ) ) ;
#2449 = CARTESIAN_POINT ( 'NONE',  ( -0.007380998382688640919, -0.1218880030762468231, 0.8217002062132054974 ) ) ;
#2450 =( GEOMETRIC_REPRESENTATION_CONTEXT ( 3 ) GLOBAL_UNCERTAINTY_ASSIGNED_CONTEXT ( ( #2268 ) ) GLOBAL_UNIT_ASSIGNED_CONTEXT ( ( #1841, #3185, #182 ) ) REPRESENTATION_CONTEXT ( 'NONE', 'WORKASPACE' ) );
#2451 =( NAMED_UNIT ( * ) SI_UNIT ( $, .STERADIAN. ) SOLID_ANGLE_UNIT ( ) );
#2452 = DIRECTION ( 'NONE',  ( 1.910766393997566042E-16, -1.000000000000000000, 0.000000000000000000 ) ) ;
#2453 = CARTESIAN_POINT ( 'NONE',  ( 2.622480623852592174, -3.189896333407349349, 0.2612074699372703979 ) ) ;
#2454 = PRESENTATION_STYLE_ASSIGNMENT (( #3512 ) ) ;
#2455 = CARTESIAN_POINT ( 'NONE',  ( -2.480815042039582696, -3.167088652366301993, -0.3305329891564100508 ) ) ;
#2456 = SURFACE_STYLE_USAGE ( .BOTH. , #764 ) ;
#2457 = CARTESIAN_POINT ( 'NONE',  ( -2.943356379657141808, -1.648610577667574129, -0.7820577489766029622 ) ) ;
#2458 = CARTESIAN_POINT ( 'NONE',  ( -0.08696368817298726073, -0.1465282764383885328, 0.7762197770408935105 ) ) ;
#2459 = EDGE_CURVE ( 'NONE', #2494, #3176, #3202, .T. ) ;
#2460 = FILL_AREA_STYLE ('',( #3242 ) ) ;
#2461 = CARTESIAN_POINT ( 'NONE',  ( 1.448095780291364765, -3.677040711238287241, -0.02338054257160879223 ) ) ;
#2462 = CARTESIAN_POINT ( 'NONE',  ( 0.03631611059864888608, -0.1561239654773753371, -0.7883586399738703454 ) ) ;
#2463 = ORIENTED_EDGE ( 'NONE', *, *, #884, .T. ) ;
#2464 = PRESENTATION_LAYER_ASSIGNMENT (  '', '', ( #1084 ) ) ;
#2465 = PRODUCT_DEFINITION_CONTEXT ( 'detailed design', #1953, 'design' ) ;
#2466 = PRESENTATION_STYLE_ASSIGNMENT (( #270 ) ) ;
#2467 = CIRCLE ( 'NONE', #1442, 0.5000000000000000000 ) ;
#2468 = CARTESIAN_POINT ( 'NONE',  ( -3.155270000000004238, -10.54099074031410410, -0.5849999999999999645 ) ) ;
#2469 =( GEOMETRIC_REPRESENTATION_CONTEXT ( 3 ) GLOBAL_UNCERTAINTY_ASSIGNED_CONTEXT ( ( #2761 ) ) GLOBAL_UNIT_ASSIGNED_CONTEXT ( ( #1733, #2298, #1568 ) ) REPRESENTATION_CONTEXT ( 'NONE', 'WORKASPACE' ) );
#2470 = CARTESIAN_POINT ( 'NONE',  ( -2.016268290789892781, -1.974972795852305785, -1.585000000000000409 ) ) ;
#2471 = ORIENTED_EDGE ( 'NONE', *, *, #382, .F. ) ;
#2472 = CIRCLE ( 'NONE', #3467, 1.255270000000003661 ) ;
#2473 =( NAMED_UNIT ( * ) PLANE_ANGLE_UNIT ( ) SI_UNIT ( $, .RADIAN. ) );
#2474 = CARTESIAN_POINT ( 'NONE',  ( 2.883076102369521720, -2.662961938654752725, -0.1739737129237517166 ) ) ;
#2475 = VERTEX_POINT ( 'NONE', #3157 ) ;
#2476 = CARTESIAN_POINT ( 'NONE',  ( -1.720135433522936408, -3.209613231801450528, -0.5162709344333005212 ) ) ;
#2477 = UNCERTAINTY_MEASURE_WITH_UNIT (LENGTH_MEASURE( 1.000000000000000082E-05 ), #1603, 'distance_accuracy_value', 'NONE');
#2478 = FILL_AREA_STYLE ('',( #64 ) ) ;
#2479 = CARTESIAN_POINT ( 'NONE',  ( -0.05291632068906558517, 0.1572632901311936948, -0.7518056704389765033 ) ) ;
#2480 = CARTESIAN_POINT ( 'NONE',  ( -0.07521567915851651298, 0.02248974402406028750, -0.8402521733130619008 ) ) ;
#2481 = DIRECTION ( 'NONE',  ( 1.000000000000000000, 0.000000000000000000, 0.000000000000000000 ) ) ;
#2482 = CARTESIAN_POINT ( 'NONE',  ( -0.03426514890775025912, 0.2678076056626761958, 0.5849999999999999645 ) ) ;
#2483 = EDGE_CURVE ( 'NONE', #678, #3259, #2676, .T. ) ;
#2484 = ORIENTED_EDGE ( 'NONE', *, *, #3177, .T. ) ;
#2485 = CARTESIAN_POINT ( 'NONE',  ( -2.741510548496807420, -4.420743407462631502, -0.3810619672969491334 ) ) ;
#2486 = CARTESIAN_POINT ( 'NONE',  ( 3.297402792294266138, -1.306780684452359509, 0.5581189210493762154 ) ) ;
#2487 = UNCERTAINTY_MEASURE_WITH_UNIT (LENGTH_MEASURE( 1.000000000000000082E-05 ), #217, 'distance_accuracy_value', 'NONE');
#2488 = CARTESIAN_POINT ( 'NONE',  ( 1.345410343634267925, -3.703723890399238439, 0.1048878916830396912 ) ) ;
#2489 = CARTESIAN_POINT ( 'NONE',  ( 0.000000000000000000, 0.000000000000000000, -0.5849999999999999645 ) ) ;
#2490 = ORIENTED_EDGE ( 'NONE', *, *, #1794, .F. ) ;
#2491 = CARTESIAN_POINT ( 'NONE',  ( -3.362206409945197816, -2.007290912441190400, -0.2129602222441596415 ) ) ;
#2492 = AXIS2_PLACEMENT_3D ( 'NONE', #960, #2903, #458 ) ;
#2493 = CARTESIAN_POINT ( 'NONE',  ( 0.1064780431226118873, -0.1381128287537832511, -0.7489717935725448417 ) ) ;
#2494 = VERTEX_POINT ( 'NONE', #3239 ) ;
#2495 = CARTESIAN_POINT ( 'NONE',  ( -1.676908920514291079, -3.260446693962426590, -0.5035124206575151140 ) ) ;
#2496 =( LENGTH_UNIT ( ) NAMED_UNIT ( * ) SI_UNIT ( .MILLI., .METRE. ) );
#2497 = CARTESIAN_POINT ( 'NONE',  ( 2.722812977573098703, -3.341671503243623054, 0.7687594405288853405 ) ) ;
#2498 = CARTESIAN_POINT ( 'NONE',  ( -0.03457465655966773105, 0.1298818422387887916, -0.7648809508616116748 ) ) ;
#2499 = CARTESIAN_POINT ( 'NONE',  ( -0.3656744043418211354, 0.6648195265703720214, -0.5849999999999999645 ) ) ;
#2500 =( NAMED_UNIT ( * ) SI_UNIT ( $, .STERADIAN. ) SOLID_ANGLE_UNIT ( ) );
#2501 = MECHANICAL_DESIGN_GEOMETRIC_PRESENTATION_REPRESENTATION (  '', ( #224 ), #3143 ) ;
#2502 = CARTESIAN_POINT ( 'NONE',  ( -0.07718397509673069479, 0.1519044269531035496, -0.7762216451930495920 ) ) ;
#2503 = CIRCLE ( 'NONE', #954, 1.255269999999998332 ) ;
#2504 = VERTEX_POINT ( 'NONE', #2200 ) ;
#2505 = UNCERTAINTY_MEASURE_WITH_UNIT (LENGTH_MEASURE( 1.000000000000000082E-05 ), #1231, 'distance_accuracy_value', 'NONE');
#2506 = CARTESIAN_POINT ( 'NONE',  ( 2.997393828180466180, -1.305459212038067252, 0.5980588706068288296 ) ) ;
#2507 = ADVANCED_FACE ( 'NONE', ( #3258 ), #1653, .F. ) ;
#2508 = CARTESIAN_POINT ( 'NONE',  ( -2.817127132463885353, -2.917216782130332309, -0.2266023974213943748 ) ) ;
#2509 = DIRECTION ( 'NONE',  ( -0.1930381276068703633, -0.6931345737316850775, 0.6944787570457636727 ) ) ;
#2510 = STYLED_ITEM ( 'NONE', ( #1049 ), #777 ) ;
#2511 = CIRCLE ( 'NONE', #9, 0.8457014697154313643 ) ;
#2512 = EDGE_LOOP ( 'NONE', ( #327, #108, #1199, #1435 ) ) ;
#2513 = CARTESIAN_POINT ( 'NONE',  ( -2.712210630252311017, -3.521370657714171237, -0.7579650710640906119 ) ) ;
#2514 = CARTESIAN_POINT ( 'NONE',  ( 2.515018007425611657, -3.167997693444088991, 0.3359266562616501361 ) ) ;
#2515 = DIRECTION ( 'NONE',  ( -0.8762027383027154448, -0.4819426951317171692, 0.000000000000000000 ) ) ;
#2516 = CARTESIAN_POINT ( 'NONE',  ( -0.4752111109802562017, -0.1715937061809479913, 0.5849999999999998535 ) ) ;
#2517 = CARTESIAN_POINT ( 'NONE',  ( -0.09826557249013113948, 0.2199418688786354270, -0.7115701130331206770 ) ) ;
#2518 = CARTESIAN_POINT ( 'NONE',  ( -0.01507717700362930582, 0.08489697849571647970, -0.7881837465053179725 ) ) ;
#2519 =( LENGTH_UNIT ( ) NAMED_UNIT ( * ) SI_UNIT ( .MILLI., .METRE. ) );
#2520 = ORIENTED_EDGE ( 'NONE', *, *, #3204, .F. ) ;
#2521 = PRESENTATION_LAYER_ASSIGNMENT (  '', '', ( #2020 ) ) ;
#2522 = CARTESIAN_POINT ( 'NONE',  ( -0.1064780431023742285, -0.1381128287536471655, 0.7489717935922139969 ) ) ;
#2523 = DIRECTION ( 'NONE',  ( 1.000000000000000000, 0.000000000000000000, 0.000000000000000000 ) ) ;
#2524 = DIRECTION ( 'NONE',  ( -0.8762027383027153338, -0.4819426951317171137, 0.000000000000000000 ) ) ;
#2525 = UNCERTAINTY_MEASURE_WITH_UNIT (LENGTH_MEASURE( 1.000000000000000082E-05 ), #1402, 'distance_accuracy_value', 'NONE');
#2526 = CARTESIAN_POINT ( 'NONE',  ( -1.899999999999999911, -2.186356007584650207, -0.5849999999999999645 ) ) ;
#2527 = DIRECTION ( 'NONE',  ( -1.000000000000000000, 5.259932336933687241E-15, 0.000000000000000000 ) ) ;
#2528 = CARTESIAN_POINT ( 'NONE',  ( -3.038341911837648013, -3.314934264906532313, -0.3695921412133537087 ) ) ;
#2529 = CARTESIAN_POINT ( 'NONE',  ( 2.705699585371395433, -3.080162168507977860, 0.2365858134689962922 ) ) ;
#2530 = EDGE_CURVE ( 'NONE', #1958, #385, #1390, .T. ) ;
#2531 = CIRCLE ( 'NONE', #3222, 0.2552700000000001634 ) ;
#2532 = SURFACE_STYLE_USAGE ( .BOTH. , #535 ) ;
#2533 = ORIENTED_EDGE ( 'NONE', *, *, #1271, .F. ) ;
#2534 = CARTESIAN_POINT ( 'NONE',  ( -1.851189570848993160, -3.047245623452216279, -0.5495770715777938964 ) ) ;
#2535 =( LENGTH_UNIT ( ) NAMED_UNIT ( * ) SI_UNIT ( .MILLI., .METRE. ) );
#2536 = CARTESIAN_POINT ( 'NONE',  ( 2.663030366480620970, -4.650956967205992498, 0.4798210047637697095 ) ) ;
#2537 = CARTESIAN_POINT ( 'NONE',  ( 0.04766971379992775842, -0.09174330248753395645, -0.8237570303149890361 ) ) ;
#2538 = CARTESIAN_POINT ( 'NONE',  ( -0.3656744043418210244, 0.6648195265703720214, -0.5849999999999999645 ) ) ;
#2539 =( NAMED_UNIT ( * ) PLANE_ANGLE_UNIT ( ) SI_UNIT ( $, .RADIAN. ) );
#2540 = ORIENTED_EDGE ( 'NONE', *, *, #2422, .F. ) ;
#2541 = EDGE_LOOP ( 'NONE', ( #237, #2315, #947 ) ) ;
#2542 = TOROIDAL_SURFACE ( 'NONE', #3474, 1.758750797627256279, 1.000000000000000000 ) ;
#2543 = CARTESIAN_POINT ( 'NONE',  ( 2.141249202372740967, -2.595819110288331899, 0.5849999999999999645 ) ) ;
#2544 = UNCERTAINTY_MEASURE_WITH_UNIT (LENGTH_MEASURE( 1.000000000000000082E-05 ), #36, 'distance_accuracy_value', 'NONE');
#2545 = CARTESIAN_POINT ( 'NONE',  ( -2.668392894803261139, -3.242571332850504362, -0.4302817323997935040 ) ) ;
#2546 = CARTESIAN_POINT ( 'NONE',  ( 2.644730000000000025, -5.965522979686022076, 0.5849999999999999645 ) ) ;
#2547 = CARTESIAN_POINT ( 'NONE',  ( 2.406806822015292280, -3.062943314580242493, -0.2467258654417428809 ) ) ;
#2548 = CARTESIAN_POINT ( 'NONE',  ( 0.1874412662331929325, 0.3017593024384984668, 0.6479786187516207718 ) ) ;
#2549 = ORIENTED_EDGE ( 'NONE', *, *, #971, .T. ) ;
#2550 =( NAMED_UNIT ( * ) PLANE_ANGLE_UNIT ( ) SI_UNIT ( $, .RADIAN. ) );
#2551 = FILL_AREA_STYLE ('',( #3170 ) ) ;
#2552 =( GEOMETRIC_REPRESENTATION_CONTEXT ( 3 ) GLOBAL_UNCERTAINTY_ASSIGNED_CONTEXT ( ( #1945 ) ) GLOBAL_UNIT_ASSIGNED_CONTEXT ( ( #3468, #2914, #3391 ) ) REPRESENTATION_CONTEXT ( 'NONE', 'WORKASPACE' ) );
#2553 = CARTESIAN_POINT ( 'NONE',  ( -0.3656744043418210244, -0.6648195265703736867, 0.5849999999999999645 ) ) ;
#2554 = CARTESIAN_POINT ( 'NONE',  ( 2.805803572306372118, -4.181556078450118008, 0.3468022486647062141 ) ) ;
#2555 = PRESENTATION_STYLE_ASSIGNMENT (( #152 ) ) ;
#2556 = VERTEX_POINT ( 'NONE', #557 ) ;
#2557 = EDGE_CURVE ( 'NONE', #2701, #2218, #1535, .T. ) ;
#2558 = ORIENTED_EDGE ( 'NONE', *, *, #426, .F. ) ;
#2559 = COLOUR_RGB ( '',1.000000000000000000, 1.000000000000000000, 0.000000000000000000 ) ;
#2560 = CARTESIAN_POINT ( 'NONE',  ( -2.722897919096931130, -3.340128167353377808, -0.7688413061305946483 ) ) ;
#2561 = CARTESIAN_POINT ( 'NONE',  ( -1.664443350567215818, -3.565899273793728064, 0.1355202052334588958 ) ) ;
#2562 = COLOUR_RGB ( '',1.000000000000000000, 1.000000000000000000, 0.000000000000000000 ) ;
#2563 = CIRCLE ( 'NONE', #333, 0.5000000000000001110 ) ;
#2564 = CARTESIAN_POINT ( 'NONE',  ( -2.300521777342310337, -9.624703500484500296, -0.5849999999999999645 ) ) ;
#2565 = PRESENTATION_LAYER_ASSIGNMENT (  '', '', ( #2622 ) ) ;
#2566 = CARTESIAN_POINT ( 'NONE',  ( 2.544154380695699658, -3.284560713547045818, 0.3103387076768336916 ) ) ;
#2567 = CARTESIAN_POINT ( 'NONE',  ( 0.1209696996952965425, 0.1480218602065224431, 0.7638783202826484597 ) ) ;
#2568 = CARTESIAN_POINT ( 'NONE',  ( 0.1033384082685519789, -0.1184939080923713833, -0.7543717744094302624 ) ) ;
#2569 = ORIENTED_EDGE ( 'NONE', *, *, #3204, .T. ) ;
#2570 = DIRECTION ( 'NONE',  ( -1.000000000000000000, 0.000000000000000000, 0.000000000000000000 ) ) ;
#2571 =( NAMED_UNIT ( * ) PLANE_ANGLE_UNIT ( ) SI_UNIT ( $, .RADIAN. ) );
#2572 = CARTESIAN_POINT ( 'NONE',  ( 2.842331989466860165, -4.043300477730035425, 0.3360526778174643958 ) ) ;
#2573 = ORIENTED_EDGE ( 'NONE', *, *, #2122, .T. ) ;
#2574 = ADVANCED_FACE ( 'NONE', ( #821 ), #1314, .T. ) ;
#2575 = ORIENTED_EDGE ( 'NONE', *, *, #1570, .T. ) ;
#2576 = FACE_OUTER_BOUND ( 'NONE', #3214, .T. ) ;
#2577 = CARTESIAN_POINT ( 'NONE',  ( -2.691820101343050720, -3.821268453667415521, -0.7346914908897845820 ) ) ;
#2578 = ORIENTED_EDGE ( 'NONE', *, *, #3453, .F. ) ;
#2579 = CARTESIAN_POINT ( 'NONE',  ( 0.05196097942875258641, 0.08939368679346175461, 0.8237507808200947856 ) ) ;
#2580 = AXIS2_PLACEMENT_3D ( 'NONE', #1524, #1759, #2340 ) ;
#2581 = COLOUR_RGB ( '',1.000000000000000000, 1.000000000000000000, 0.000000000000000000 ) ;
#2582 =( LENGTH_UNIT ( ) NAMED_UNIT ( * ) SI_UNIT ( .MILLI., .METRE. ) );
#2583 = CARTESIAN_POINT ( 'NONE',  ( 2.708607350031843719, -3.578138960902854215, 0.7541063781644664621 ) ) ;
#2584 = ADVANCED_FACE ( 'NONE', ( #1655 ), #2730, .T. ) ;
#2585 = DIRECTION ( 'NONE',  ( 0.000000000000000000, -0.6037187838956707964, -0.7971973594860511936 ) ) ;
#2586 = MECHANICAL_DESIGN_GEOMETRIC_PRESENTATION_REPRESENTATION (  '', ( #2134 ), #2774 ) ;
#2587 = CARTESIAN_POINT ( 'NONE',  ( -0.04088727121116222940, 0.1239691926788501208, -0.7768227282919264454 ) ) ;
#2588 = CIRCLE ( 'NONE', #1852, 0.2552700000000001634 ) ;
#2589 = CARTESIAN_POINT ( 'NONE',  ( -2.662940077922892002, -4.650769462118653053, -0.4801867905904493861 ) ) ;
#2590 = ORIENTED_EDGE ( 'NONE', *, *, #1391, .T. ) ;
#2591 = CIRCLE ( 'NONE', #250, 0.1000000000000000056 ) ;
#2592 = SURFACE_SIDE_STYLE ('',( #155 ) ) ;
#2593 = CARTESIAN_POINT ( 'NONE',  ( -0.08345734995899047048, -0.08738101868135664252, 0.7714120866427508494 ) ) ;
#2594 = EDGE_LOOP ( 'NONE', ( #738, #3118, #2877, #1029 ) ) ;
#2595 = TOROIDAL_SURFACE ( 'NONE', #3060, 0.2412492023727402235, 1.000000000000000000 ) ;
#2596 = DIRECTION ( 'NONE',  ( 0.000000000000000000, 0.000000000000000000, -1.000000000000000000 ) ) ;
#2597 = CARTESIAN_POINT ( 'NONE',  ( 2.644668141721176813, -4.587280567560167555, 0.5670644979470795821 ) ) ;
#2598 = FILL_AREA_STYLE_COLOUR ( '', #2948 ) ;
#2599 =( NAMED_UNIT ( * ) SI_UNIT ( $, .STERADIAN. ) SOLID_ANGLE_UNIT ( ) );
#2600 = EDGE_CURVE ( 'NONE', #3450, #3259, #838, .T. ) ;
#2601 =( LENGTH_UNIT ( ) NAMED_UNIT ( * ) SI_UNIT ( .MILLI., .METRE. ) );
#2602 =( NAMED_UNIT ( * ) SI_UNIT ( $, .STERADIAN. ) SOLID_ANGLE_UNIT ( ) );
#2603 = CARTESIAN_POINT ( 'NONE',  ( 0.4873747621815066045, -0.03763244923547619941, -0.5850000000000000755 ) ) ;
#2604 = ORIENTED_EDGE ( 'NONE', *, *, #3497, .F. ) ;
#2605 = DIRECTION ( 'NONE',  ( 0.000000000000000000, 0.000000000000000000, 1.000000000000000000 ) ) ;
#2606 = CARTESIAN_POINT ( 'NONE',  ( -2.477683774564626962, -2.595819110288344334, -0.5850000000000065148 ) ) ;
#2607 = DIRECTION ( 'NONE',  ( 0.000000000000000000, 0.000000000000000000, 1.000000000000000000 ) ) ;
#2608 = CARTESIAN_POINT ( 'NONE',  ( 2.858744148046735489, -1.526499845311647174, 0.7883586399770080577 ) ) ;
#2609 = ORIENTED_EDGE ( 'NONE', *, *, #2042, .T. ) ;
#2610 = CARTESIAN_POINT ( 'NONE',  ( 1.798303035134929395, -3.486769321023253987, -0.1787140582302955416 ) ) ;
#2611 = CARTESIAN_POINT ( 'NONE',  ( 0.02122924915229737822, -0.07567843193103263033, 0.8402961339378980377 ) ) ;
#2612 = ORIENTED_EDGE ( 'NONE', *, *, #1093, .F. ) ;
#2613 = ORIENTED_EDGE ( 'NONE', *, *, #646, .T. ) ;
#2614 = CARTESIAN_POINT ( 'NONE',  ( -2.400846740658108658, -3.067535703225945376, 0.2468639209236014320 ) ) ;
#2615 = CARTESIAN_POINT ( 'NONE',  ( 0.04148568647190038761, 0.1478077867198478446, 0.7555914542985315840 ) ) ;
#2616 = CIRCLE ( 'NONE', #1297, 0.2552700000000001634 ) ;
#2617 = CIRCLE ( 'NONE', #3087, 0.9999999999999997780 ) ;
#2618 = MECHANICAL_DESIGN_GEOMETRIC_PRESENTATION_REPRESENTATION (  '', ( #1247 ), #3092 ) ;
#2619 = LINE ( 'NONE', #933, #2979 ) ;
#2620 = EDGE_CURVE ( 'NONE', #1361, #2728, #3380, .T. ) ;
#2621 = PRESENTATION_LAYER_ASSIGNMENT (  '', '', ( #2396 ) ) ;
#2622 = STYLED_ITEM ( 'NONE', ( #2972 ), #13 ) ;
#2623 = ORIENTED_EDGE ( 'NONE', *, *, #2830, .T. ) ;
#2624 =( NAMED_UNIT ( * ) PLANE_ANGLE_UNIT ( ) SI_UNIT ( $, .RADIAN. ) );
#2625 = CARTESIAN_POINT ( 'NONE',  ( -0.08345734995893078212, -0.08738101868140515927, 0.7714120866427143230 ) ) ;
#2626 = CARTESIAN_POINT ( 'NONE',  ( 0.2217734595773869222, 0.4199552756736945613, -0.5849999999999999645 ) ) ;
#2627 = CARTESIAN_POINT ( 'NONE',  ( -0.3656744043418210799, -0.6648195265703737977, 0.5849999999999999645 ) ) ;
#2628 = ORIENTED_EDGE ( 'NONE', *, *, #666, .F. ) ;
#2629 = CARTESIAN_POINT ( 'NONE',  ( 2.406806822015292280, -3.062943314580242493, -0.2467258654417428809 ) ) ;
#2630 = CARTESIAN_POINT ( 'NONE',  ( -0.003575504720403047294, 0.04906624943883487050, 0.7977117377052272973 ) ) ;
#2631 =( BOUNDED_SURFACE ( )  B_SPLINE_SURFACE ( 3, 2, ( 
 ( #1494, #1892, #5 ),
 ( #1862, #496, #1071 ),
 ( #249, #3501, #2959 ),
 ( #2130, #526, #1055 ) ),
 .UNSPECIFIED., .F., .F., .F. ) 
 B_SPLINE_SURFACE_WITH_KNOTS ( ( 4, 4 ),
 ( 3, 3 ),
 ( 0.0004133034626884114662, 0.001174706428637187564 ),
 ( 0.000000000000000000, 1.000000000000000000 ),
 .UNSPECIFIED. ) 
 GEOMETRIC_REPRESENTATION_ITEM ( )  RATIONAL_B_SPLINE_SURFACE ( (
 ( 1.000000000000000000, 0.9477978054484474946, 1.000000000000000000),
 ( 1.000000000000000000, 0.9350221485749182770, 1.000000000000000000),
 ( 1.000000000000000000, 0.9132583065924635424, 1.000000000000000000),
 ( 1.000000000000000000, 0.8810221862601375076, 1.000000000000000000) ) ) 
 REPRESENTATION_ITEM ( '' )  SURFACE ( )  );
#2632 = EDGE_LOOP ( 'NONE', ( #2059, #335, #663, #506, #2391, #549 ) ) ;
#2633 = AXIS2_PLACEMENT_3D ( 'NONE', #3336, #62, #2256 ) ;
#2634 = CARTESIAN_POINT ( 'NONE',  ( 2.198280583240142416, -6.647909575804324511, 0.5849999999999999645 ) ) ;
#2635 = DIRECTION ( 'NONE',  ( 0.000000000000000000, 0.000000000000000000, 1.000000000000000000 ) ) ;
#2636 = CARTESIAN_POINT ( 'NONE',  ( -2.840899482739074333, -4.048717875351862006, -0.3363893830868229240 ) ) ;
#2637 = SURFACE_STYLE_FILL_AREA ( #1815 ) ;
#2638 =( LENGTH_UNIT ( ) NAMED_UNIT ( * ) SI_UNIT ( .MILLI., .METRE. ) );
#2639 = CARTESIAN_POINT ( 'NONE',  ( -3.151501127862154306, -2.284449138485790343, -0.6333765509121843662 ) ) ;
#2640 = PRESENTATION_LAYER_ASSIGNMENT (  '', '', ( #1432 ) ) ;
#2641 = ORIENTED_EDGE ( 'NONE', *, *, #488, .T. ) ;
#2642 =( NAMED_UNIT ( * ) PLANE_ANGLE_UNIT ( ) SI_UNIT ( $, .RADIAN. ) );
#2643 = CARTESIAN_POINT ( 'NONE',  ( 0.3656744043418209134, -0.6648195265703739087, -0.5849999999999999645 ) ) ;
#2644 = EDGE_CURVE ( 'NONE', #3070, #2475, #629, .T. ) ;
#2645 = CARTESIAN_POINT ( 'NONE',  ( 0.4395904251287740538, 0.09104765165169659280, -0.5849999999999999645 ) ) ;
#2646 = CIRCLE ( 'NONE', #2415, 0.7447299999999981157 ) ;
#2647 = CARTESIAN_POINT ( 'NONE',  ( 1.900000000000000577, -5.965522979686022076, 0.5849999999999999645 ) ) ;
#2648 = CARTESIAN_POINT ( 'NONE',  ( -0.3200074449434919810, -0.5717763744678648896, 0.5849999999999998535 ) ) ;
#2649 = FACE_OUTER_BOUND ( 'NONE', #3137, .T. ) ;
#2650 = FILL_AREA_STYLE ('',( #2694 ) ) ;
#2651 = TOROIDAL_SURFACE ( 'NONE', #2765, 0.9999999999999983347, 0.2552700000000001634 ) ;
#2652 = ORIENTED_EDGE ( 'NONE', *, *, #3115, .T. ) ;
#2653 = DIRECTION ( 'NONE',  ( 0.000000000000000000, 0.000000000000000000, 1.000000000000000000 ) ) ;
#2654 = FACE_OUTER_BOUND ( 'NONE', #2632, .T. ) ;
#2655 = UNCERTAINTY_MEASURE_WITH_UNIT (LENGTH_MEASURE( 1.000000000000000082E-05 ), #2582, 'distance_accuracy_value', 'NONE');
#2656 = CARTESIAN_POINT ( 'NONE',  ( -2.886418968194947698, -3.876903435073104642, -0.3283418303334509902 ) ) ;
#2657 =( BOUNDED_CURVE ( )  B_SPLINE_CURVE ( 2, ( #1661, #3047, #2783 ),
 .UNSPECIFIED., .F., .T. ) 
 B_SPLINE_CURVE_WITH_KNOTS ( ( 3, 3 ),
 ( 0.000000000000000000, 1.000000000000000000 ),
 .UNSPECIFIED. ) 
 CURVE ( )  GEOMETRIC_REPRESENTATION_ITEM ( )  RATIONAL_B_SPLINE_CURVE ( ( 1.000000000000000000, 0.8812303283646671925, 1.000000000000000000 ) ) 
 REPRESENTATION_ITEM ( '' )  );
#2658 = STYLED_ITEM ( 'NONE', ( #1254 ), #2981 ) ;
#2659 = LINE ( 'NONE', #711, #244 ) ;
#2660 = PRESENTATION_LAYER_ASSIGNMENT (  '', '', ( #1095 ) ) ;
#2661 = PRESENTATION_STYLE_ASSIGNMENT (( #2967 ) ) ;
#2662 = PRESENTATION_STYLE_ASSIGNMENT (( #1277 ) ) ;
#2663 = SURFACE_STYLE_USAGE ( .BOTH. , #739 ) ;
#2664 = FILL_AREA_STYLE_COLOUR ( '', #730 ) ;
#2665 = CARTESIAN_POINT ( 'NONE',  ( -0.1548022862467246241, -0.3203509849322453973, 0.6475893927895151059 ) ) ;
#2666 = EDGE_CURVE ( 'NONE', #56, #1488, #397, .T. ) ;
#2667 = CARTESIAN_POINT ( 'NONE',  ( 2.900000000000070965, -2.186356007584643546, 0.5849999999999999645 ) ) ;
#2668 = CARTESIAN_POINT ( 'NONE',  ( 2.541609049197411707, -3.300166831921756305, 0.3286870350064410862 ) ) ;
#2669 = SURFACE_STYLE_FILL_AREA ( #1077 ) ;
#2670 = CARTESIAN_POINT ( 'NONE',  ( 0.1209696996952965425, 0.1480218602065224431, 0.7638783202826484597 ) ) ;
#2671 = STYLED_ITEM ( 'NONE', ( #1466 ), #3333 ) ;
#2672 = SURFACE_SIDE_STYLE ('',( #2099 ) ) ;
#2673 = SURFACE_SIDE_STYLE ('',( #1581 ) ) ;
#2674 = PRESENTATION_LAYER_ASSIGNMENT (  '', '', ( #2395 ) ) ;
#2675 = MECHANICAL_DESIGN_GEOMETRIC_PRESENTATION_REPRESENTATION (  '', ( #1412 ), #3088 ) ;
#2676 = LINE ( 'NONE', #685, #3437 ) ;
#2677 = CARTESIAN_POINT ( 'NONE',  ( -0.1064780431044350800, -0.1381128287522297715, 0.7489717935924302683 ) ) ;
#2678 = CARTESIAN_POINT ( 'NONE',  ( 0.000000000000000000, 0.000000000000000000, 0.5849999999999999645 ) ) ;
#2679 =( NAMED_UNIT ( * ) PLANE_ANGLE_UNIT ( ) SI_UNIT ( $, .RADIAN. ) );
#2680 = SURFACE_STYLE_USAGE ( .BOTH. , #1319 ) ;
#2681 = VECTOR ( 'NONE', #3508, 1000.000000000000114 ) ;
#2682 = EDGE_CURVE ( 'NONE', #395, #618, #1446, .T. ) ;
#2683 =( LENGTH_UNIT ( ) NAMED_UNIT ( * ) SI_UNIT ( .MILLI., .METRE. ) );
#2684 = CARTESIAN_POINT ( 'NONE',  ( 0.1156543084921436149, 0.1327035987596928146, 0.7751434887242391047 ) ) ;
#2685 = ORIENTED_EDGE ( 'NONE', *, *, #3379, .F. ) ;
#2686 = CARTESIAN_POINT ( 'NONE',  ( 0.08935520868256566218, -0.1631280293781693647, -0.7652687124125221452 ) ) ;
#2687 = LINE ( 'NONE', #2643, #2681 ) ;
#2688 = ORIENTED_EDGE ( 'NONE', *, *, #2029, .F. ) ;
#2689 = VERTEX_POINT ( 'NONE', #1398 ) ;
#2690 = EDGE_CURVE ( 'NONE', #3001, #1250, #3321, .T. ) ;
#2691 = SURFACE_SIDE_STYLE ('',( #1087 ) ) ;
#2692 = ORIENTED_EDGE ( 'NONE', *, *, #787, .F. ) ;
#2693 = DIRECTION ( 'NONE',  ( 1.000000000000000000, 7.806255641895631925E-15, 0.000000000000000000 ) ) ;
#2694 = FILL_AREA_STYLE_COLOUR ( '', #713 ) ;
#2695 = SURFACE_SIDE_STYLE ('',( #1074 ) ) ;
#2696 = CARTESIAN_POINT ( 'NONE',  ( 2.742461844477082078, -4.417434585225555210, 0.3802789306005746051 ) ) ;
#2697 =( GEOMETRIC_REPRESENTATION_CONTEXT ( 3 ) GLOBAL_UNCERTAINTY_ASSIGNED_CONTEXT ( ( #1975 ) ) GLOBAL_UNIT_ASSIGNED_CONTEXT ( ( #2359, #196, #1594 ) ) REPRESENTATION_CONTEXT ( 'NONE', 'WORKASPACE' ) );
#2698 = SURFACE_SIDE_STYLE ('',( #515 ) ) ;
#2699 = MECHANICAL_DESIGN_GEOMETRIC_PRESENTATION_REPRESENTATION (  '', ( #2254 ), #3219 ) ;
#2700 = STYLED_ITEM ( 'NONE', ( #527 ), #1858 ) ;
#2701 = VERTEX_POINT ( 'NONE', #934 ) ;
#2702 = ADVANCED_FACE ( 'NONE', ( #1456 ), #3140, .F. ) ;
#2703 = CARTESIAN_POINT ( 'NONE',  ( -2.899999999999999467, -2.186356007584653760, -0.5849999999999999645 ) ) ;
#2704 = AXIS2_PLACEMENT_3D ( 'NONE', #3530, #1311, #15 ) ;
#2705 = CARTESIAN_POINT ( 'NONE',  ( 3.374183621197060834, -1.550392587164316494, 0.4727345379016167914 ) ) ;
#2706 = PRESENTATION_STYLE_ASSIGNMENT (( #817 ) ) ;
#2707 = STYLED_ITEM ( 'NONE', ( #2276 ), #3131 ) ;
#2708 = ORIENTED_EDGE ( 'NONE', *, *, #2179, .T. ) ;
#2709 = CARTESIAN_POINT ( 'NONE',  ( -3.155270000000015340, -2.587213570264725870, -0.5563748444891641887 ) ) ;
#2710 = EDGE_CURVE ( 'NONE', #1597, #1295, #3225, .T. ) ;
#2711 = SURFACE_STYLE_USAGE ( .BOTH. , #1719 ) ;
#2712 = CARTESIAN_POINT ( 'NONE',  ( 2.913629523514775332, -3.775882812232211450, 0.3300941173811581808 ) ) ;
#2713 = MECHANICAL_DESIGN_GEOMETRIC_PRESENTATION_REPRESENTATION (  '', ( #102 ), #3356 ) ;
#2714 = DIRECTION ( 'NONE',  ( 1.000000000000000000, 4.336808689942017736E-16, 0.000000000000000000 ) ) ;
#2715 =( NAMED_UNIT ( * ) SI_UNIT ( $, .STERADIAN. ) SOLID_ANGLE_UNIT ( ) );
#2716 = CARTESIAN_POINT ( 'NONE',  ( 2.141249202372740967, -2.595819110288331899, 0.5849999999999999645 ) ) ;
#2717 = SURFACE_SIDE_STYLE ('',( #755 ) ) ;
#2718 = CARTESIAN_POINT ( 'NONE',  ( -3.252158357725905891, -1.167923395639016482, -0.5798830450220564536 ) ) ;
#2719 = B_SPLINE_CURVE_WITH_KNOTS ( 'NONE', 3,
 ( #3429, #2913, #2893, #2065 ),
 .UNSPECIFIED., .F., .F.,
 ( 4, 4 ),
 ( 6.211095581971923352, 6.265558562568991796 ),
 .UNSPECIFIED. ) ;
#2720 = CARTESIAN_POINT ( 'NONE',  ( -2.141249202372741411, -2.186356007584653760, -1.584999999999999964 ) ) ;
#2721 = FACE_OUTER_BOUND ( 'NONE', #2144, .T. ) ;
#2722 = CARTESIAN_POINT ( 'NONE',  ( 3.177415832845072341, -1.753845038508139886, 0.5414695694829352313 ) ) ;
#2723 = PRESENTATION_LAYER_ASSIGNMENT (  '', '', ( #997 ) ) ;
#2724 = SURFACE_SIDE_STYLE ('',( #1906 ) ) ;
#2725 = CARTESIAN_POINT ( 'NONE',  ( -3.379634368473729999, -1.935029938048415499, -0.2679438968260438036 ) ) ;
#2726 = EDGE_CURVE ( 'NONE', #1774, #3165, #3432, .T. ) ;
#2727 = AXIS2_PLACEMENT_3D ( 'NONE', #3186, #1257, #1599 ) ;
#2728 = VERTEX_POINT ( 'NONE', #169 ) ;
#2729 = CARTESIAN_POINT ( 'NONE',  ( -2.665478381505966610, -4.168099312879550489, -0.6896859500176173441 ) ) ;
#2730 = CYLINDRICAL_SURFACE ( 'NONE', #555, 0.2552700000000001634 ) ;
#2731 = UNCERTAINTY_MEASURE_WITH_UNIT (LENGTH_MEASURE( 1.000000000000000082E-05 ), #3499, 'distance_accuracy_value', 'NONE');
#2732 = TOROIDAL_SURFACE ( 'NONE', #1181, 0.9999999999999983347, 0.2552700000000001634 ) ;
#2733 =( LENGTH_UNIT ( ) NAMED_UNIT ( * ) SI_UNIT ( .MILLI., .METRE. ) );
#2734 = STYLED_ITEM ( 'NONE', ( #1483 ), #3446 ) ;
#2735 = CARTESIAN_POINT ( 'NONE',  ( -0.07152420973945719518, -0.1258576694121185113, 0.7956055639136900837 ) ) ;
#2736 = STYLED_ITEM ( 'NONE', ( #21 ), #2584 ) ;
#2737 = CARTESIAN_POINT ( 'NONE',  ( -0.1867246756326296775, 0.3001018324423637695, -0.6492281364686862677 ) ) ;
#2738 = CARTESIAN_POINT ( 'NONE',  ( -2.759265097016496693, -1.415597556404034840, -0.7883586399738703454 ) ) ;
#2739 = ORIENTED_EDGE ( 'NONE', *, *, #1379, .F. ) ;
#2740 = PRESENTATION_STYLE_ASSIGNMENT (( #1644 ) ) ;
#2741 = FILL_AREA_STYLE ('',( #254 ) ) ;
#2742 = CARTESIAN_POINT ( 'NONE',  ( 3.121857436925845608, -1.574507309154214996, 0.5854477628521220778 ) ) ;
#2743 =( BOUNDED_CURVE ( )  B_SPLINE_CURVE ( 2, ( #2547, #2566, #2000 ),
 .UNSPECIFIED., .F., .T. ) 
 B_SPLINE_CURVE_WITH_KNOTS ( ( 3, 3 ),
 ( 0.000000000000000000, 1.000000000000000000 ),
 .UNSPECIFIED. ) 
 CURVE ( )  GEOMETRIC_REPRESENTATION_ITEM ( )  RATIONAL_B_SPLINE_CURVE ( ( 1.000000000000000000, 0.8517814756917192476, 1.000000000000000000 ) ) 
 REPRESENTATION_ITEM ( '' )  );
#2744 = B_SPLINE_CURVE_WITH_KNOTS ( 'NONE', 3,
 ( #2180, #1589, #1915, #3261 ),
 .UNSPECIFIED., .F., .F.,
 ( 4, 4 ),
 ( 0.000000000000000000, 0.0006069261916904145548 ),
 .UNSPECIFIED. ) ;
#2745 = CARTESIAN_POINT ( 'NONE',  ( 1.792674718107587051, -3.121870558683041530, 0.5364186516253167669 ) ) ;
#2746 = ORIENTED_EDGE ( 'NONE', *, *, #1849, .T. ) ;
#2747 = SURFACE_STYLE_USAGE ( .BOTH. , #819 ) ;
#2748 = PRESENTATION_STYLE_ASSIGNMENT (( #96 ) ) ;
#2749 = EDGE_LOOP ( 'NONE', ( #2024, #2590, #2447, #1124, #2012 ) ) ;
#2750 = FILL_AREA_STYLE_COLOUR ( '', #901 ) ;
#2751 = SURFACE_STYLE_FILL_AREA ( #1654 ) ;
#2752 = ADVANCED_FACE ( 'NONE', ( #184 ), #809, .T. ) ;
#2753 = CARTESIAN_POINT ( 'NONE',  ( -1.720135433522936408, -3.209613231801450528, -0.5162709344333005212 ) ) ;
#2754 = DIRECTION ( 'NONE',  ( -0.09042776401622985849, 0.9959030171131248999, -0.000000000000000000 ) ) ;
#2755 = FACE_OUTER_BOUND ( 'NONE', #2407, .T. ) ;
#2756 = CARTESIAN_POINT ( 'NONE',  ( 1.593111620141513196, -3.606073313943065628, -0.1082492660816739005 ) ) ;
#2757 = CARTESIAN_POINT ( 'NONE',  ( -0.005643857723659884140, 0.2909598889926248710, 0.5849999999999999645 ) ) ;
#2758 = ORIENTED_EDGE ( 'NONE', *, *, #2293, .T. ) ;
#2759 = MECHANICAL_DESIGN_GEOMETRIC_PRESENTATION_REPRESENTATION (  '', ( #1084 ), #232 ) ;
#2760 = AXIS2_PLACEMENT_3D ( 'NONE', #3054, #3325, #852 ) ;
#2761 = UNCERTAINTY_MEASURE_WITH_UNIT (LENGTH_MEASURE( 1.000000000000000082E-05 ), #1733, 'distance_accuracy_value', 'NONE');
#2762 = CARTESIAN_POINT ( 'NONE',  ( -2.662940077922892002, -4.650769462118653053, -0.4801867905904493861 ) ) ;
#2763 = COLOUR_RGB ( '',1.000000000000000000, 1.000000000000000000, 0.000000000000000000 ) ;
#2764 = EDGE_CURVE ( 'NONE', #1709, #3404, #2836, .T. ) ;
#2765 = AXIS2_PLACEMENT_3D ( 'NONE', #839, #318, #1139 ) ;
#2766 = ORIENTED_EDGE ( 'NONE', *, *, #2260, .F. ) ;
#2767 = CIRCLE ( 'NONE', #2998, 0.2552700000000001634 ) ;
#2768 = PLANE ( 'NONE',  #2704 ) ;
#2769 = CARTESIAN_POINT ( 'NONE',  ( 3.129677233130329750, -2.879853959051150269, 0.4719116277444113661 ) ) ;
#2770 =( BOUNDED_CURVE ( )  B_SPLINE_CURVE ( 2, ( #1299, #2091, #2614 ),
 .UNSPECIFIED., .F., .T. ) 
 B_SPLINE_CURVE_WITH_KNOTS ( ( 3, 3 ),
 ( 0.000000000000000000, 1.000000000000000000 ),
 .UNSPECIFIED. ) 
 CURVE ( )  GEOMETRIC_REPRESENTATION_ITEM ( )  RATIONAL_B_SPLINE_CURVE ( ( 1.000000000000000000, 0.8508968650965209601, 1.000000000000000000 ) ) 
 REPRESENTATION_ITEM ( '' )  );
#2771 = CIRCLE ( 'NONE', #3350, 3.365000000000001101 ) ;
#2772 = ORIENTED_EDGE ( 'NONE', *, *, #1549, .F. ) ;
#2773 = FILL_AREA_STYLE_COLOUR ( '', #1836 ) ;
#2774 =( GEOMETRIC_REPRESENTATION_CONTEXT ( 3 ) GLOBAL_UNCERTAINTY_ASSIGNED_CONTEXT ( ( #2544 ) ) GLOBAL_UNIT_ASSIGNED_CONTEXT ( ( #36, #2789, #1631 ) ) REPRESENTATION_CONTEXT ( 'NONE', 'WORKASPACE' ) );
#2775 = CARTESIAN_POINT ( 'NONE',  ( -2.514842890718272717, -3.167860922073109986, -0.3361291083812346647 ) ) ;
#2776 = CARTESIAN_POINT ( 'NONE',  ( 0.3656744043418209689, 0.6648195265703717993, 0.5849999999999999645 ) ) ;
#2777 = UNCERTAINTY_MEASURE_WITH_UNIT (LENGTH_MEASURE( 1.000000000000000082E-05 ), #1282, 'distance_accuracy_value', 'NONE');
#2778 = CARTESIAN_POINT ( 'NONE',  ( 2.644709289718396583, -4.531779701465986854, 0.5937560903688402503 ) ) ;
#2779 = CARTESIAN_POINT ( 'NONE',  ( -0.02911014800967115165, 0.1172739142811487639, -0.7714120866427144341 ) ) ;
#2780 = COLOUR_RGB ( '',1.000000000000000000, 1.000000000000000000, 0.000000000000000000 ) ;
#2781 =( NAMED_UNIT ( * ) PLANE_ANGLE_UNIT ( ) SI_UNIT ( $, .RADIAN. ) );
#2782 = CARTESIAN_POINT ( 'NONE',  ( 0.1209696996952965425, 0.1480218602065224431, 0.7638783202826484597 ) ) ;
#2783 = CARTESIAN_POINT ( 'NONE',  ( -1.851189570848992272, -3.047245623452206953, -0.5495770715777852367 ) ) ;
#2784 = CARTESIAN_POINT ( 'NONE',  ( -0.04148568670737143999, 0.1478077868411395712, -0.7555914542990407323 ) ) ;
#2785 = ORIENTED_EDGE ( 'NONE', *, *, #765, .F. ) ;
#2786 = DIRECTION ( 'NONE',  ( 1.000000000000000000, 0.000000000000000000, 0.000000000000000000 ) ) ;
#2787 = UNCERTAINTY_MEASURE_WITH_UNIT (LENGTH_MEASURE( 1.000000000000000082E-05 ), #908, 'distance_accuracy_value', 'NONE');
#2788 = CARTESIAN_POINT ( 'NONE',  ( 2.652168287546918801, -4.628400275776417772, 0.5238263520576572629 ) ) ;
#2789 =( NAMED_UNIT ( * ) PLANE_ANGLE_UNIT ( ) SI_UNIT ( $, .RADIAN. ) );
#2790 = CARTESIAN_POINT ( 'NONE',  ( -2.141249202372740523, -2.186356007584647987, -1.585000000000000187 ) ) ;
#2791 = EDGE_LOOP ( 'NONE', ( #974, #1949, #698, #2208 ) ) ;
#2792 = PRESENTATION_STYLE_ASSIGNMENT (( #661 ) ) ;
#2793 = CARTESIAN_POINT ( 'NONE',  ( 3.097682998706950297, -3.064530716453726544, 0.4222896611005472201 ) ) ;
#2794 = ORIENTED_EDGE ( 'NONE', *, *, #1549, .T. ) ;
#2795 =( NAMED_UNIT ( * ) SI_UNIT ( $, .STERADIAN. ) SOLID_ANGLE_UNIT ( ) );
#2796 = CARTESIAN_POINT ( 'NONE',  ( -2.405995234096813817, -3.169258610533551845, -0.3245050040353701370 ) ) ;
#2797 = CARTESIAN_POINT ( 'NONE',  ( 2.645515914718509887, -3.164449057629693307, 0.3665273249078552231 ) ) ;
#2798 = COLOUR_RGB ( '',1.000000000000000000, 1.000000000000000000, 0.000000000000000000 ) ;
#2799 = CARTESIAN_POINT ( 'NONE',  ( -0.05607977258238485557, 0.1607443611238124626, -0.7502592664338874062 ) ) ;
#2800 = CARTESIAN_POINT ( 'NONE',  ( -0.2240485511820811682, 0.5425631942287519882, -0.5849999999999878630 ) ) ;
#2801 = AXIS2_PLACEMENT_3D ( 'NONE', #3126, #977, #175 ) ;
#2802 = CARTESIAN_POINT ( 'NONE',  ( -0.1209696996923023127, 0.1480218602078357815, -0.7638783202827870156 ) ) ;
#2803 = VERTEX_POINT ( 'NONE', #3443 ) ;
#2804 = MECHANICAL_DESIGN_GEOMETRIC_PRESENTATION_REPRESENTATION (  '', ( #1646 ), #613 ) ;
#2805 = SURFACE_STYLE_FILL_AREA ( #14 ) ;
#2806 = UNCERTAINTY_MEASURE_WITH_UNIT (LENGTH_MEASURE( 1.000000000000000082E-05 ), #2253, 'distance_accuracy_value', 'NONE');
#2807 = CARTESIAN_POINT ( 'NONE',  ( 2.456305744671921421, -1.174956474530511663, 0.7883586399738714556 ) ) ;
#2808 = CARTESIAN_POINT ( 'NONE',  ( -2.939001583815019192, -2.609867555897102065, 0.1542719570587336164 ) ) ;
#2809 = COLOUR_RGB ( '',1.000000000000000000, 1.000000000000000000, 0.000000000000000000 ) ;
#2810 = ORIENTED_EDGE ( 'NONE', *, *, #554, .F. ) ;
#2811 = SURFACE_SIDE_STYLE ('',( #423 ) ) ;
#2812 = CARTESIAN_POINT ( 'NONE',  ( -1.793361118611658700, -3.121021631441057487, -0.5365910971601028923 ) ) ;
#2813 = DIRECTION ( 'NONE',  ( 1.000000000000000000, 0.000000000000000000, 0.000000000000000000 ) ) ;
#2814 =( NAMED_UNIT ( * ) PLANE_ANGLE_UNIT ( ) SI_UNIT ( $, .RADIAN. ) );
#2815 = EDGE_CURVE ( 'NONE', #678, #3165, #2591, .T. ) ;
#2816 = SURFACE_SIDE_STYLE ('',( #1988 ) ) ;
#2817 = CARTESIAN_POINT ( 'NONE',  ( -0.02122255599359139724, -0.07569041816498477127, -0.8402957449437615800 ) ) ;
#2818 = CARTESIAN_POINT ( 'NONE',  ( -0.3500812928556638615, 0.2682481904590793831, 0.5849999999999999645 ) ) ;
#2819 = VERTEX_POINT ( 'NONE', #2081 ) ;
#2820 = COLOUR_RGB ( '',1.000000000000000000, 1.000000000000000000, 0.000000000000000000 ) ;
#2821 = CARTESIAN_POINT ( 'NONE',  ( 0.000000000000000000, 0.000000000000000000, -0.5849999999999999645 ) ) ;
#2822 = UNCERTAINTY_MEASURE_WITH_UNIT (LENGTH_MEASURE( 1.000000000000000082E-05 ), #3039, 'distance_accuracy_value', 'NONE');
#2823 = MECHANICAL_DESIGN_GEOMETRIC_PRESENTATION_REPRESENTATION (  '', ( #359 ), #1557 ) ;
#2824 = CIRCLE ( 'NONE', #1791, 1.241473139999936803 ) ;
#2825 =( NAMED_UNIT ( * ) SI_UNIT ( $, .STERADIAN. ) SOLID_ANGLE_UNIT ( ) );
#2826 = ADVANCED_FACE ( 'NONE', ( #1807 ), #1856, .F. ) ;
#2827 =( NAMED_UNIT ( * ) SI_UNIT ( $, .STERADIAN. ) SOLID_ANGLE_UNIT ( ) );
#2828 = LINE ( 'NONE', #1180, #298 ) ;
#2829 = CIRCLE ( 'NONE', #305, 1.154298530284567414 ) ;
#2830 = EDGE_CURVE ( 'NONE', #2417, #1295, #39, .T. ) ;
#2831 = CARTESIAN_POINT ( 'NONE',  ( -0.1056605646317831243, 0.2405524835111874093, -0.6969989101263466269 ) ) ;
#2832 = VERTEX_POINT ( 'NONE', #1100 ) ;
#2833 = CARTESIAN_POINT ( 'NONE',  ( -2.745701469715404741, -2.595819110288336340, -0.7883586399738916617 ) ) ;
#2834 = CARTESIAN_POINT ( 'NONE',  ( 2.643828259574996231, -4.611079857637976787, 0.5576141591234771155 ) ) ;
#2835 = DIRECTION ( 'NONE',  ( 0.000000000000000000, 0.000000000000000000, -1.000000000000000000 ) ) ;
#2836 = CIRCLE ( 'NONE', #927, 0.2552700000000001634 ) ;
#2837 = FACE_OUTER_BOUND ( 'NONE', #596, .T. ) ;
#2838 =( LENGTH_UNIT ( ) NAMED_UNIT ( * ) SI_UNIT ( .MILLI., .METRE. ) );
#2839 = CARTESIAN_POINT ( 'NONE',  ( -2.687475338766033950, -4.592535208939077407, -0.4382250164777343193 ) ) ;
#2840 = ORIENTED_EDGE ( 'NONE', *, *, #2348, .F. ) ;
#2841 = CARTESIAN_POINT ( 'NONE',  ( -0.03524817214884094080, 0.1314367034112995103, -0.7640751677456489865 ) ) ;
#2842 = VERTEX_POINT ( 'NONE', #2712 ) ;
#2843 = CIRCLE ( 'NONE', #1162, 0.7447300000000033338 ) ;
#2844 =( NAMED_UNIT ( * ) PLANE_ANGLE_UNIT ( ) SI_UNIT ( $, .RADIAN. ) );
#2845 = DIRECTION ( 'NONE',  ( 1.000000000000000000, 0.000000000000000000, 0.000000000000000000 ) ) ;
#2846 = UNCERTAINTY_MEASURE_WITH_UNIT (LENGTH_MEASURE( 1.000000000000000082E-05 ), #935, 'distance_accuracy_value', 'NONE');
#2847 = PRESENTATION_STYLE_ASSIGNMENT (( #1175 ) ) ;
#2848 = FILL_AREA_STYLE ('',( #3076 ) ) ;
#2849 = CYLINDRICAL_SURFACE ( 'NONE', #2240, 1.000000000000000000 ) ;
#2850 = SURFACE_STYLE_FILL_AREA ( #932 ) ;
#2851 = CARTESIAN_POINT ( 'NONE',  ( -2.718223802981285075, -3.423034299536476865, -0.7642740287823459600 ) ) ;
#2852 = ORIENTED_EDGE ( 'NONE', *, *, #2710, .T. ) ;
#2853 = SURFACE_STYLE_USAGE ( .BOTH. , #1746 ) ;
#2854 = CARTESIAN_POINT ( 'NONE',  ( 0.3656744043418211354, -0.6648195265703739087, -0.5849999999999999645 ) ) ;
#2855 = EDGE_CURVE ( 'NONE', #188, #3230, #3348, .T. ) ;
#2856 = CARTESIAN_POINT ( 'NONE',  ( -0.2954406475259011566, 0.6043076390260168074, -0.5850770647815618508 ) ) ;
#2857 = ORIENTED_EDGE ( 'NONE', *, *, #2386, .F. ) ;
#2858 = CARTESIAN_POINT ( 'NONE',  ( -0.09324330303184502622, -0.1215149749243682603, 0.7656417618446974549 ) ) ;
#2859 = ORIENTED_EDGE ( 'NONE', *, *, #1961, .F. ) ;
#2860 = CARTESIAN_POINT ( 'NONE',  ( -2.644712719111328880, -4.549959341410298563, -0.5850060751352251787 ) ) ;
#2861 = CARTESIAN_POINT ( 'NONE',  ( 0.1141722700116391265, 0.1256636194978125731, 0.7801392680494847465 ) ) ;
#2862 =( GEOMETRIC_REPRESENTATION_CONTEXT ( 3 ) GLOBAL_UNCERTAINTY_ASSIGNED_CONTEXT ( ( #362 ) ) GLOBAL_UNIT_ASSIGNED_CONTEXT ( ( #3371, #3101, #2795 ) ) REPRESENTATION_CONTEXT ( 'NONE', 'WORKASPACE' ) );
#2863 = B_SPLINE_CURVE_WITH_KNOTS ( 'NONE', 3,
 ( #2960, #2946, #3212, #3517, #208, #1019, #469, #1796, #499, #3502 ),
 .UNSPECIFIED., .F., .F.,
 ( 4, 3, 3, 4 ),
 ( 7.666467083416870931E-20, 3.300755667675507788E-05, 4.120916607929668893E-05, 4.258888068461951610E-05 ),
 .UNSPECIFIED. ) ;
#2864 =( GEOMETRIC_REPRESENTATION_CONTEXT ( 3 ) GLOBAL_UNCERTAINTY_ASSIGNED_CONTEXT ( ( #3053 ) ) GLOBAL_UNIT_ASSIGNED_CONTEXT ( ( #740, #2917, #1572 ) ) REPRESENTATION_CONTEXT ( 'NONE', 'WORKASPACE' ) );
#2865 = SURFACE_STYLE_FILL_AREA ( #928 ) ;
#2866 = EDGE_CURVE ( 'NONE', #3122, #1810, #2767, .T. ) ;
#2867 = COLOUR_RGB ( '',0.7529411764705882248, 0.7529411764705882248, 0.7529411764705882248 ) ;
#2868 =( NAMED_UNIT ( * ) PLANE_ANGLE_UNIT ( ) SI_UNIT ( $, .RADIAN. ) );
#2869 = CARTESIAN_POINT ( 'NONE',  ( 3.361959557460610704, -2.007716304556614872, 0.2126579067673043111 ) ) ;
#2870 = ORIENTED_EDGE ( 'NONE', *, *, #2600, .F. ) ;
#2871 = CARTESIAN_POINT ( 'NONE',  ( -0.08345734995893078212, -0.08738101868140515927, 0.7714120866427143230 ) ) ;
#2872 = CARTESIAN_POINT ( 'NONE',  ( 0.3656744043418210799, -0.6648195265703737977, -0.5849999999999999645 ) ) ;
#2873 = AXIS2_PLACEMENT_3D ( 'NONE', #2411, #2970, #1567 ) ;
#2874 = CARTESIAN_POINT ( 'NONE',  ( 0.4598918954021048999, -0.3403079631356712986, -0.5850000000000000755 ) ) ;
#2875 =( BOUNDED_SURFACE ( )  B_SPLINE_SURFACE ( 3, 2, ( 
 ( #2872, #183, #3524 ),
 ( #814, #2361, #531 ),
 ( #1546, #463, #715 ),
 ( #3246, #3187, #3459 ) ),
 .UNSPECIFIED., .F., .F., .F. ) 
 B_SPLINE_SURFACE_WITH_KNOTS ( ( 4, 4 ),
 ( 3, 3 ),
 ( -8.373928953108688604E-06, 0.0006586425330162724769 ),
 ( 0.000000000000000000, 1.000000000000000000 ),
 .UNSPECIFIED. ) 
 GEOMETRIC_REPRESENTATION_ITEM ( )  RATIONAL_B_SPLINE_SURFACE ( (
 ( 1.000000000000000000, 1.000000000000000000, 1.000000000000000000),
 ( 1.000000000000000000, 0.9986165925912958707, 1.000000000000000000),
 ( 1.000000000000000000, 0.9901553419944311152, 1.000000000000000000),
 ( 1.000000000000000000, 0.9455639616313763485, 1.000000000000000000) ) ) 
 REPRESENTATION_ITEM ( '' )  SURFACE ( )  );
#2876 = ADVANCED_FACE ( 'NONE', ( #3312 ), #2768, .F. ) ;
#2877 = ORIENTED_EDGE ( 'NONE', *, *, #2855, .F. ) ;
#2878 = CARTESIAN_POINT ( 'NONE',  ( 1.856125367353405498, -3.450434384986264646, -0.1925223023224140739 ) ) ;
#2879 = VERTEX_POINT ( 'NONE', #2410 ) ;
#2880 = VERTEX_POINT ( 'NONE', #1925 ) ;
#2881 = CARTESIAN_POINT ( 'NONE',  ( 2.644730000000004022, -10.54099074031410410, 0.5849999999999999645 ) ) ;
#2882 = CARTESIAN_POINT ( 'NONE',  ( 2.402762971444481810, -9.390802856773195373, 0.5849999999999999645 ) ) ;
#2883 = SURFACE_SIDE_STYLE ('',( #2865 ) ) ;
#2884 = CARTESIAN_POINT ( 'NONE',  ( 0.4752111109804946776, -0.1715937061804826136, -0.5849999999999999645 ) ) ;
#2885 = ORIENTED_EDGE ( 'NONE', *, *, #1027, .T. ) ;
#2886 = FILL_AREA_STYLE ('',( #1782 ) ) ;
#2887 = CIRCLE ( 'NONE', #3510, 0.5000000000000000000 ) ;
#2888 = CARTESIAN_POINT ( 'NONE',  ( -0.1156543084926110465, 0.1327035987590853283, -0.7751434887244615934 ) ) ;
#2889 = CARTESIAN_POINT ( 'NONE',  ( 1.562179764277613403, -3.390341303662857797, 0.4572687437468582750 ) ) ;
#2890 = CARTESIAN_POINT ( 'NONE',  ( 2.759265097016496693, -1.415597556404035062, 0.7883586399738705675 ) ) ;
#2891 = CIRCLE ( 'NONE', #980, 0.2552700000000001634 ) ;
#2892 = DIRECTION ( 'NONE',  ( 0.000000000000000000, 0.000000000000000000, -1.000000000000000000 ) ) ;
#2893 = CARTESIAN_POINT ( 'NONE',  ( -2.646560558233537641, -4.616754245377087784, -0.5465448454112667998 ) ) ;
#2894 = AXIS2_PLACEMENT_3D ( 'NONE', #3479, #999, #968 ) ;
#2895 = CARTESIAN_POINT ( 'NONE',  ( 0.03631611059864888608, -0.1561239654773753371, -0.7883586399738703454 ) ) ;
#2896 = B_SPLINE_CURVE_WITH_KNOTS ( 'NONE', 3,
 ( #1013, #2925, #2639, #733 ),
 .UNSPECIFIED., .F., .F.,
 ( 4, 4 ),
 ( 0.004418258368623284235, 0.004720556462212620492 ),
 .UNSPECIFIED. ) ;
#2897 = CARTESIAN_POINT ( 'NONE',  ( 0.07436304954020780955, -0.1351967947514242374, -0.7883586399738703454 ) ) ;
#2898 =( GEOMETRIC_REPRESENTATION_CONTEXT ( 3 ) GLOBAL_UNCERTAINTY_ASSIGNED_CONTEXT ( ( #3328 ) ) GLOBAL_UNIT_ASSIGNED_CONTEXT ( ( #1765, #2044, #3133 ) ) REPRESENTATION_CONTEXT ( 'NONE', 'WORKASPACE' ) );
#2899 = VERTEX_POINT ( 'NONE', #2141 ) ;
#2900 = CARTESIAN_POINT ( 'NONE',  ( 3.350627547901502190, -2.052432787433077888, 0.1803964161558043455 ) ) ;
#2901 =( LENGTH_UNIT ( ) NAMED_UNIT ( * ) SI_UNIT ( .MILLI., .METRE. ) );
#2902 = SURFACE_STYLE_USAGE ( .BOTH. , #1195 ) ;
#2903 = DIRECTION ( 'NONE',  ( 0.8762027383027154448, -0.4819426951317171692, 0.000000000000000000 ) ) ;
#2904 = EDGE_CURVE ( 'NONE', #385, #938, #2271, .T. ) ;
#2905 = CIRCLE ( 'NONE', #694, 3.365000000000001101 ) ;
#2906 = CARTESIAN_POINT ( 'NONE',  ( -2.198493941844000599, -3.221504351333440042, 0.2480281762205339413 ) ) ;
#2907 = CARTESIAN_POINT ( 'NONE',  ( -2.900000000000000799, -8.253256860000062645, -0.5849999999999999645 ) ) ;
#2908 = ORIENTED_EDGE ( 'NONE', *, *, #1961, .T. ) ;
#2909 = SURFACE_STYLE_FILL_AREA ( #446 ) ;
#2910 = CARTESIAN_POINT ( 'NONE',  ( 1.676258706087171202, -3.261195766676672214, 0.5032903285617083000 ) ) ;
#2911 = FACE_OUTER_BOUND ( 'NONE', #1650, .T. ) ;
#2912 = CARTESIAN_POINT ( 'NONE',  ( 0.004091181759478343220, 0.04312147754807042765, -0.8011836134933847386 ) ) ;
#2913 = CARTESIAN_POINT ( 'NONE',  ( -2.644667676894724373, -4.587284090851379226, -0.5670635679884152847 ) ) ;
#2914 =( NAMED_UNIT ( * ) PLANE_ANGLE_UNIT ( ) SI_UNIT ( $, .RADIAN. ) );
#2915 = CARTESIAN_POINT ( 'NONE',  ( 0.02811171758243024774, 0.04470621949044153998, 0.8402471845985861609 ) ) ;
#2916 = ORIENTED_EDGE ( 'NONE', *, *, #731, .F. ) ;
#2917 =( NAMED_UNIT ( * ) PLANE_ANGLE_UNIT ( ) SI_UNIT ( $, .RADIAN. ) );
#2918 = CARTESIAN_POINT ( 'NONE',  ( 4.109417911851696914, -2.186356007584649319, 0.9211712173763177969 ) ) ;
#2919 =( NAMED_UNIT ( * ) PLANE_ANGLE_UNIT ( ) SI_UNIT ( $, .RADIAN. ) );
#2920 = EDGE_CURVE ( 'NONE', #2353, #2842, #2743, .T. ) ;
#2921 = AXIS2_PLACEMENT_3D ( 'NONE', #1519, #3540, #2165 ) ;
#2922 = CARTESIAN_POINT ( 'NONE',  ( -2.549226713475964967, -2.953315690111598446, 0.2436299858733202151 ) ) ;
#2923 = MECHANICAL_DESIGN_GEOMETRIC_PRESENTATION_REPRESENTATION (  '', ( #1182 ), #274 ) ;
#2924 = AXIS2_PLACEMENT_3D ( 'NONE', #466, #480, #988 ) ;
#2925 = CARTESIAN_POINT ( 'NONE',  ( -3.155270000000025998, -2.381642949867068371, -0.6102934113477280764 ) ) ;
#2926 = STYLED_ITEM ( 'NONE', ( #2454 ), #2574 ) ;
#2927 = ORIENTED_EDGE ( 'NONE', *, *, #3505, .F. ) ;
#2928 = FACE_OUTER_BOUND ( 'NONE', #1832, .T. ) ;
#2929 =( LENGTH_UNIT ( ) NAMED_UNIT ( * ) SI_UNIT ( .MILLI., .METRE. ) );
#2930 = CARTESIAN_POINT ( 'NONE',  ( 0.3150372611656472865, -0.5621154074652511268, -0.5850132592305040680 ) ) ;
#2931 = CARTESIAN_POINT ( 'NONE',  ( 3.155270000000004238, -10.54099074031410410, 0.5849999999999999645 ) ) ;
#2932 = CARTESIAN_POINT ( 'NONE',  ( 1.667390835359673806, -3.564234298546144597, -0.1366494056654315448 ) ) ;
#2933 = EDGE_CURVE ( 'NONE', #2135, #1250, #2472, .T. ) ;
#2934 = CARTESIAN_POINT ( 'NONE',  ( 2.900000000000000799, -8.253256860000062645, 0.5849999999999999645 ) ) ;
#2935 =( LENGTH_UNIT ( ) NAMED_UNIT ( * ) SI_UNIT ( .MILLI., .METRE. ) );
#2936 = FILL_AREA_STYLE ('',( #179 ) ) ;
#2937 = CARTESIAN_POINT ( 'NONE',  ( 3.155269999999999353, -2.478076934775767182, 0.5849999999999999645 ) ) ;
#2938 = ORIENTED_EDGE ( 'NONE', *, *, #2334, .T. ) ;
#2939 =( NAMED_UNIT ( * ) SI_UNIT ( $, .STERADIAN. ) SOLID_ANGLE_UNIT ( ) );
#2940 = ADVANCED_FACE ( 'NONE', ( #1179 ), #1760, .F. ) ;
#2941 = AXIS2_PLACEMENT_3D ( 'NONE', #2329, #448, #2585 ) ;
#2942 = CARTESIAN_POINT ( 'NONE',  ( 0.3656744043418211354, 0.6648195265703721324, 0.5849999999999999645 ) ) ;
#2943 = DIRECTION ( 'NONE',  ( -1.000000000000000000, 0.000000000000000000, 0.000000000000000000 ) ) ;
#2944 = COLOUR_RGB ( '',0.7529411764705882248, 0.7529411764705882248, 0.7529411764705882248 ) ;
#2945 = MECHANICAL_DESIGN_GEOMETRIC_PRESENTATION_REPRESENTATION (  '', ( #1152 ), #1445 ) ;
#2946 = CARTESIAN_POINT ( 'NONE',  ( -0.04306022905191592837, -0.1620214149744503840, 0.7819717488930429949 ) ) ;
#2947 = DIRECTION ( 'NONE',  ( 2.295113564421621368E-16, -1.000000000000000000, 0.000000000000000000 ) ) ;
#2948 = COLOUR_RGB ( '',1.000000000000000000, 1.000000000000000000, 0.000000000000000000 ) ;
#2949 = MECHANICAL_DESIGN_GEOMETRIC_PRESENTATION_REPRESENTATION (  '', ( #1095 ), #1569 ) ;
#2950 = ORIENTED_EDGE ( 'NONE', *, *, #2223, .F. ) ;
#2951 = CARTESIAN_POINT ( 'NONE',  ( -3.107629665022876519, -3.019417167370462174, -0.4325243387526213068 ) ) ;
#2952 = CARTESIAN_POINT ( 'NONE',  ( -2.747617099473532498, -0.6453337427115612979, -0.5849999999999999645 ) ) ;
#2953 = FILL_AREA_STYLE ('',( #2362 ) ) ;
#2954 = CARTESIAN_POINT ( 'NONE',  ( 0.4518561731998519959, -0.3389518912819400875, -0.5849999999999999645 ) ) ;
#2955 = DIRECTION ( 'NONE',  ( 0.000000000000000000, 1.000000000000000000, 0.000000000000000000 ) ) ;
#2956 = DIRECTION ( 'NONE',  ( 0.5947814464327478845, -0.5519563991459617291, 0.5844477431055681294 ) ) ;
#2957 = FILL_AREA_STYLE ('',( #2664 ) ) ;
#2958 = EDGE_CURVE ( 'NONE', #1810, #3378, #205, .T. ) ;
#2959 = CARTESIAN_POINT ( 'NONE',  ( 1.957378530242037895, -2.909735477779031410, 0.5724059593839926352 ) ) ;
#2960 = CARTESIAN_POINT ( 'NONE',  ( -0.03631611059668352764, -0.1561239654784563613, 0.7883586399738703454 ) ) ;
#2961 = CARTESIAN_POINT ( 'NONE',  ( -2.821152623343125665, -1.484591668749308591, -0.7883586425102708795 ) ) ;
#2962 = PRESENTATION_LAYER_ASSIGNMENT (  '', '', ( #170 ) ) ;
#2963 = CARTESIAN_POINT ( 'NONE',  ( 0.1192864932592850591, 0.1437846629726314551, 0.7670367687569779047 ) ) ;
#2964 = MECHANICAL_DESIGN_GEOMETRIC_PRESENTATION_REPRESENTATION (  '', ( #2671 ), #2438 ) ;
#2965 = ORIENTED_EDGE ( 'NONE', *, *, #2018, .F. ) ;
#2966 = CARTESIAN_POINT ( 'NONE',  ( 0.04499400411412959877, -0.1637121730067797043, -0.7801405678944387523 ) ) ;
#2967 = SURFACE_STYLE_USAGE ( .BOTH. , #2425 ) ;
#2968 =( GEOMETRIC_REPRESENTATION_CONTEXT ( 3 ) GLOBAL_UNCERTAINTY_ASSIGNED_CONTEXT ( ( #871 ) ) GLOBAL_UNIT_ASSIGNED_CONTEXT ( ( #1200, #1239, #386 ) ) REPRESENTATION_CONTEXT ( 'NONE', 'WORKASPACE' ) );
#2969 = CARTESIAN_POINT ( 'NONE',  ( -3.350028066303960550, -2.053947154800074504, -0.1793072923252832795 ) ) ;
#2970 = DIRECTION ( 'NONE',  ( -1.910766393997566042E-16, -1.000000000000000000, 0.000000000000000000 ) ) ;
#2971 =( GEOMETRIC_REPRESENTATION_CONTEXT ( 3 ) GLOBAL_UNCERTAINTY_ASSIGNED_CONTEXT ( ( #2487 ) ) GLOBAL_UNIT_ASSIGNED_CONTEXT ( ( #217, #2397, #1787 ) ) REPRESENTATION_CONTEXT ( 'NONE', 'WORKASPACE' ) );
#2972 = PRESENTATION_STYLE_ASSIGNMENT (( #203 ) ) ;
#2973 = DIRECTION ( 'NONE',  ( 7.892251905859141368E-15, -1.000000000000000000, 0.000000000000000000 ) ) ;
#2974 = CARTESIAN_POINT ( 'NONE',  ( -1.899999999999999911, -2.186356007584650207, -1.584999999999999964 ) ) ;
#2975 = EDGE_CURVE ( 'NONE', #938, #1840, #3384, .T. ) ;
#2976 = CARTESIAN_POINT ( 'NONE',  ( -0.09213066231463663824, -0.1001466452283972658, 0.7640762818254469568 ) ) ;
#2977 = CARTESIAN_POINT ( 'NONE',  ( 2.663030366480620970, -4.650956967205992498, 0.4798210047637697095 ) ) ;
#2978 = CARTESIAN_POINT ( 'NONE',  ( -2.652168288002806129, -4.628400276723097839, -0.5238263502107298741 ) ) ;
#2979 = VECTOR ( 'NONE', #419, 1000.000000000000000 ) ;
#2980 = DIRECTION ( 'NONE',  ( 0.000000000000000000, 8.673617379884035472E-16, -1.000000000000000000 ) ) ;
#2981 = ADVANCED_FACE ( 'NONE', ( #732 ), #1853, .T. ) ;
#2982 = CARTESIAN_POINT ( 'NONE',  ( 2.644712904737056558, -4.549959173334642948, 0.5850059134967395824 ) ) ;
#2983 = SURFACE_STYLE_USAGE ( .BOTH. , #3454 ) ;
#2984 = CARTESIAN_POINT ( 'NONE',  ( 0.1666628282693479457, 0.3017071711965466640, 0.6544025563367962262 ) ) ;
#2985 = SURFACE_SIDE_STYLE ('',( #3273 ) ) ;
#2986 =( NAMED_UNIT ( * ) SI_UNIT ( $, .STERADIAN. ) SOLID_ANGLE_UNIT ( ) );
#2987 = ORIENTED_EDGE ( 'NONE', *, *, #3532, .F. ) ;
#2988 = PRESENTATION_STYLE_ASSIGNMENT (( #19 ) ) ;
#2989 = UNCERTAINTY_MEASURE_WITH_UNIT (LENGTH_MEASURE( 1.000000000000000082E-05 ), #1125, 'distance_accuracy_value', 'NONE');
#2990 = PRESENTATION_STYLE_ASSIGNMENT (( #3223 ) ) ;
#2991 = SURFACE_STYLE_USAGE ( .BOTH. , #1604 ) ;
#2992 = CARTESIAN_POINT ( 'NONE',  ( 2.644730000000000913, -10.54099074031410410, 0.5849999999999999645 ) ) ;
#2993 = CARTESIAN_POINT ( 'NONE',  ( 2.614037321939936209, -3.280236168009222908, 0.4118507114945760272 ) ) ;
#2994 = SURFACE_STYLE_FILL_AREA ( #3503 ) ;
#2995 = CARTESIAN_POINT ( 'NONE',  ( -0.1095367066384278637, 0.4932258203894099857, 0.5849999999999999645 ) ) ;
#2996 = SURFACE_STYLE_FILL_AREA ( #2741 ) ;
#2997 = EDGE_CURVE ( 'NONE', #2367, #1361, #1543, .T. ) ;
#2998 = AXIS2_PLACEMENT_3D ( 'NONE', #2215, #1343, #565 ) ;
#2999 =( NAMED_UNIT ( * ) PLANE_ANGLE_UNIT ( ) SI_UNIT ( $, .RADIAN. ) );
#3000 =( BOUNDED_SURFACE ( )  B_SPLINE_SURFACE ( 3, 2, ( 
 ( #595, #3108, #3049 ),
 ( #634, #358, #2841 ),
 ( #2282, #2502, #2784 ),
 ( #2802, #905, #3033 ) ),
 .UNSPECIFIED., .F., .F., .F. ) 
 B_SPLINE_SURFACE_WITH_KNOTS ( ( 4, 4 ),
 ( 3, 3 ),
 ( -2.168404344971008868E-19, 4.666826015309127017E-05 ),
 ( 0.000000000000000000, 1.000000000000000000 ),
 .UNSPECIFIED. ) 
 GEOMETRIC_REPRESENTATION_ITEM ( )  RATIONAL_B_SPLINE_SURFACE ( (
 ( 1.000000000000000000, 0.9050542131171394056, 1.000000000000000000),
 ( 1.000000000000000000, 0.9164056899489855246, 1.000000000000000000),
 ( 1.000000000000000000, 0.9253336253764621322, 1.000000000000000000),
 ( 1.000000000000000000, 0.9455639616231977795, 1.000000000000000000) ) ) 
 REPRESENTATION_ITEM ( '' )  SURFACE ( )  );
#3001 = VERTEX_POINT ( 'NONE', #1974 ) ;
#3002 = CARTESIAN_POINT ( 'NONE',  ( 0.2581290186608876658, 0.4891981623372221311, 0.5849999999999999645 ) ) ;
#3003 = B_SPLINE_CURVE_WITH_KNOTS ( 'NONE', 3,
 ( #2493, #2568, #2217, #1415 ),
 .UNSPECIFIED., .F., .F.,
 ( 4, 4 ),
 ( 7.373232510534492357E-15, 6.008390196025743227E-05 ),
 .UNSPECIFIED. ) ;
#3004 = MECHANICAL_DESIGN_GEOMETRIC_PRESENTATION_REPRESENTATION (  '', ( #990 ), #376 ) ;
#3005 = SURFACE_STYLE_FILL_AREA ( #1913 ) ;
#3006 = ORIENTED_EDGE ( 'NONE', *, *, #1993, .F. ) ;
#3007 = FILL_AREA_STYLE_COLOUR ( '', #1877 ) ;
#3008 = LINE ( 'NONE', #575, #3147 ) ;
#3009 = CARTESIAN_POINT ( 'NONE',  ( -0.2670691687070635978, 0.4851063844659635471, -0.5850000005122580893 ) ) ;
#3010 = CARTESIAN_POINT ( 'NONE',  ( -3.390994679946797596, -1.804129380175047315, -0.3399906385899999495 ) ) ;
#3011 =( LENGTH_UNIT ( ) NAMED_UNIT ( * ) SI_UNIT ( .MILLI., .METRE. ) );
#3012 = CARTESIAN_POINT ( 'NONE',  ( 3.094424354792244980, -1.961128625185377450, 0.7254517171046614976 ) ) ;
#3013 =( GEOMETRIC_REPRESENTATION_CONTEXT ( 3 ) GLOBAL_UNCERTAINTY_ASSIGNED_CONTEXT ( ( #2477 ) ) GLOBAL_UNIT_ASSIGNED_CONTEXT ( ( #1603, #3482, #2147 ) ) REPRESENTATION_CONTEXT ( 'NONE', 'WORKASPACE' ) );
#3014 =( NAMED_UNIT ( * ) SI_UNIT ( $, .STERADIAN. ) SOLID_ANGLE_UNIT ( ) );
#3015 = FILL_AREA_STYLE ('',( #1260 ) ) ;
#3016 = EDGE_CURVE ( 'NONE', #2728, #2880, #3072, .T. ) ;
#3017 = EDGE_LOOP ( 'NONE', ( #1416, #2857, #2248, #984 ) ) ;
#3018 = FILL_AREA_STYLE_COLOUR ( '', #366 ) ;
#3019 = ADVANCED_BREP_SHAPE_REPRESENTATION ( 'RXEF050S', ( #1191, #1555 ), #862 ) ;
#3020 = CARTESIAN_POINT ( 'NONE',  ( 2.950606249400100634, -2.699377964284655373, 0.2431294680320087997 ) ) ;
#3021 = PRESENTATION_LAYER_ASSIGNMENT (  '', '', ( #502 ) ) ;
#3022 = ORIENTED_EDGE ( 'NONE', *, *, #1169, .T. ) ;
#3023 = DIRECTION ( 'NONE',  ( 0.9162872398296044718, 0.4005217773423128680, 0.000000000000000000 ) ) ;
#3024 = CARTESIAN_POINT ( 'NONE',  ( -1.379357379456195964, -3.596729032094529099, -0.3269096161157120650 ) ) ;
#3025 = UNCERTAINTY_MEASURE_WITH_UNIT (LENGTH_MEASURE( 1.000000000000000082E-05 ), #2121, 'distance_accuracy_value', 'NONE');
#3026 = PRESENTATION_LAYER_ASSIGNMENT (  '', '', ( #3489 ) ) ;
#3027 = B_SPLINE_CURVE_WITH_KNOTS ( 'NONE', 3,
 ( #455, #3180, #754, #1267, #1845, #174 ),
 .UNSPECIFIED., .F., .F.,
 ( 4, 2, 4 ),
 ( 0.000000000000000000, 0.0004029980119524598616, 0.0008059960239049195063 ),
 .UNSPECIFIED. ) ;
#3028 = CARTESIAN_POINT ( 'NONE',  ( -1.335164386379112056, -3.703150096602533026, -0.1270421427340048259 ) ) ;
#3029 = MECHANICAL_DESIGN_GEOMETRIC_PRESENTATION_REPRESENTATION (  '', ( #1998 ), #2442 ) ;
#3030 = CARTESIAN_POINT ( 'NONE',  ( -0.08345734995893072661, -0.08738101868140535355, 0.7714120866427143230 ) ) ;
#3031 =( NAMED_UNIT ( * ) PLANE_ANGLE_UNIT ( ) SI_UNIT ( $, .RADIAN. ) );
#3032 = CARTESIAN_POINT ( 'NONE',  ( 2.141249202372741411, -2.186356007584647987, 0.5849999999999999645 ) ) ;
#3033 = CARTESIAN_POINT ( 'NONE',  ( -0.05962943833484855155, 0.1638812289786909238, -0.7489717935925401804 ) ) ;
#3034 = EDGE_CURVE ( 'NONE', #508, #2879, #1747, .T. ) ;
#3035 = ORIENTED_EDGE ( 'NONE', *, *, #1040, .T. ) ;
#3036 = FACE_OUTER_BOUND ( 'NONE', #1865, .T. ) ;
#3037 =( NAMED_UNIT ( * ) SI_UNIT ( $, .STERADIAN. ) SOLID_ANGLE_UNIT ( ) );
#3038 = CARTESIAN_POINT ( 'NONE',  ( 3.291011075815082787, -1.288070416584508049, 0.5620013979878689669 ) ) ;
#3039 =( LENGTH_UNIT ( ) NAMED_UNIT ( * ) SI_UNIT ( .MILLI., .METRE. ) );
#3040 = CARTESIAN_POINT ( 'NONE',  ( 2.819155802298429325, -2.914155052376741661, 0.2265602044838412321 ) ) ;
#3041 = VERTEX_POINT ( 'NONE', #599 ) ;
#3042 = CARTESIAN_POINT ( 'NONE',  ( -2.361254894885463251, -3.151552947975607477, -0.4204553341204073091 ) ) ;
#3043 = DIRECTION ( 'NONE',  ( -0.4819426951317171137, 0.8762027383027154448, 0.000000000000000000 ) ) ;
#3044 = EDGE_CURVE ( 'NONE', #2171, #763, #1504, .T. ) ;
#3045 = CARTESIAN_POINT ( 'NONE',  ( -0.2476221407486011439, -0.1509286802302758634, 0.5850000000000000755 ) ) ;
#3046 = CARTESIAN_POINT ( 'NONE',  ( -1.345410345184479661, -3.703723890486079195, -0.1048878883310775112 ) ) ;
#3047 = CARTESIAN_POINT ( 'NONE',  ( -2.361254894885463695, -3.151552947975607033, -0.4204553341204073091 ) ) ;
#3048 = CARTESIAN_POINT ( 'NONE',  ( -1.899999999999999911, -2.186356007584650207, -0.7883586399738684580 ) ) ;
#3049 = CARTESIAN_POINT ( 'NONE',  ( -0.02911014800966776547, 0.1172739142811490276, -0.7714120866427151002 ) ) ;
#3050 = ORIENTED_EDGE ( 'NONE', *, *, #2530, .F. ) ;
#3051 = STYLED_ITEM ( 'NONE', ( #226 ), #1102 ) ;
#3052 = PRESENTATION_LAYER_ASSIGNMENT (  '', '', ( #2254 ) ) ;
#3053 = UNCERTAINTY_MEASURE_WITH_UNIT (LENGTH_MEASURE( 1.000000000000000082E-05 ), #740, 'distance_accuracy_value', 'NONE');
#3054 = CARTESIAN_POINT ( 'NONE',  ( 1.900000000000000577, -5.965522979686022076, 0.5849999999999999645 ) ) ;
#3055 = CARTESIAN_POINT ( 'NONE',  ( 3.033583794145359835, -1.375733931673456478, 0.6017674367735780239 ) ) ;
#3056 = DIRECTION ( 'NONE',  ( -0.000000000000000000, 1.000000000000000000, 0.000000000000000000 ) ) ;
#3057 = STYLED_ITEM ( 'NONE', ( #3105 ), #1924 ) ;
#3058 = CARTESIAN_POINT ( 'NONE',  ( -3.158121757421450848, -2.488346682207031701, -0.5833720710553916833 ) ) ;
#3059 = DIRECTION ( 'NONE',  ( -0.8762027383027154448, -0.4819426951317171692, 0.000000000000000000 ) ) ;
#3060 = AXIS2_PLACEMENT_3D ( 'NONE', #99, #3119, #2570 ) ;
#3061 = ORIENTED_EDGE ( 'NONE', *, *, #2223, .T. ) ;
#3062 = SURFACE_STYLE_USAGE ( .BOTH. , #2005 ) ;
#3063 = CARTESIAN_POINT ( 'NONE',  ( 2.668730003237719917, -3.163034880749419742, 0.3733292573836528572 ) ) ;
#3064 = DIRECTION ( 'NONE',  ( 1.000000000000000000, 0.000000000000000000, 0.000000000000000000 ) ) ;
#3065 =( GEOMETRIC_REPRESENTATION_CONTEXT ( 3 ) GLOBAL_UNCERTAINTY_ASSIGNED_CONTEXT ( ( #3317 ) ) GLOBAL_UNIT_ASSIGNED_CONTEXT ( ( #424, #1730, #3168 ) ) REPRESENTATION_CONTEXT ( 'NONE', 'WORKASPACE' ) );
#3066 = CARTESIAN_POINT ( 'NONE',  ( -0.04110852911434905582, 0.1424572303033337095, -0.7586103217134565480 ) ) ;
#3067 = EDGE_CURVE ( 'NONE', #2034, #2689, #2189, .T. ) ;
#3068 = SURFACE_STYLE_FILL_AREA ( #885 ) ;
#3069 = CARTESIAN_POINT ( 'NONE',  ( -2.747617099473535163, -0.6453337427115608538, -0.5849999999999999645 ) ) ;
#3070 = VERTEX_POINT ( 'NONE', #2995 ) ;
#3071 = CARTESIAN_POINT ( 'NONE',  ( -0.2589968943334445828, -0.4915037562117364756, 0.5849999999999999645 ) ) ;
#3072 = LINE ( 'NONE', #1078, #1035 ) ;
#3073 = CARTESIAN_POINT ( 'NONE',  ( -2.690328933632819997, -3.224889232563703079, -0.4310146606925890356 ) ) ;
#3074 = CARTESIAN_POINT ( 'NONE',  ( 3.390994679946796264, -1.804129380175053088, 0.3399906385899971739 ) ) ;
#3075 = UNCERTAINTY_MEASURE_WITH_UNIT (LENGTH_MEASURE( 1.000000000000000082E-05 ), #462, 'distance_accuracy_value', 'NONE');
#3076 = FILL_AREA_STYLE_COLOUR ( '', #1683 ) ;
#3077 = DIRECTION ( 'NONE',  ( 0.000000000000000000, 4.770489558936219510E-15, 1.000000000000000000 ) ) ;
#3078 = CARTESIAN_POINT ( 'NONE',  ( -3.199215394008033453, -1.979503901837649904, -0.4617185232616095591 ) ) ;
#3079 = CARTESIAN_POINT ( 'NONE',  ( 2.940691396684335768, -2.608211965460514925, -0.1536008826990424847 ) ) ;
#3080 =( GEOMETRIC_REPRESENTATION_CONTEXT ( 3 ) GLOBAL_UNCERTAINTY_ASSIGNED_CONTEXT ( ( #823 ) ) GLOBAL_UNIT_ASSIGNED_CONTEXT ( ( #1835, #2073, #2599 ) ) REPRESENTATION_CONTEXT ( 'NONE', 'WORKASPACE' ) );
#3081 = VERTEX_POINT ( 'NONE', #813 ) ;
#3082 = CARTESIAN_POINT ( 'NONE',  ( -2.652573713374034803, -4.357720356737882383, -0.6493599004002019726 ) ) ;
#3083 = CARTESIAN_POINT ( 'NONE',  ( 2.644712904737056558, -4.549959173334642948, 0.5850059134967395824 ) ) ;
#3084 = STYLED_ITEM ( 'NONE', ( #2661 ), #3237 ) ;
#3085 =( NAMED_UNIT ( * ) SI_UNIT ( $, .STERADIAN. ) SOLID_ANGLE_UNIT ( ) );
#3086 =( NAMED_UNIT ( * ) PLANE_ANGLE_UNIT ( ) SI_UNIT ( $, .RADIAN. ) );
#3087 = AXIS2_PLACEMENT_3D ( 'NONE', #2918, #1834, #672 ) ;
#3088 =( GEOMETRIC_REPRESENTATION_CONTEXT ( 3 ) GLOBAL_UNCERTAINTY_ASSIGNED_CONTEXT ( ( #1667 ) ) GLOBAL_UNIT_ASSIGNED_CONTEXT ( ( #615, #2300, #2048 ) ) REPRESENTATION_CONTEXT ( 'NONE', 'WORKASPACE' ) );
#3089 =( NAMED_UNIT ( * ) SI_UNIT ( $, .STERADIAN. ) SOLID_ANGLE_UNIT ( ) );
#3090 = ADVANCED_FACE ( 'NONE', ( #3036 ), #544, .T. ) ;
#3091 = ORIENTED_EDGE ( 'NONE', *, *, #78, .F. ) ;
#3092 =( GEOMETRIC_REPRESENTATION_CONTEXT ( 3 ) GLOBAL_UNCERTAINTY_ASSIGNED_CONTEXT ( ( #1703 ) ) GLOBAL_UNIT_ASSIGNED_CONTEXT ( ( #524, #246, #1889 ) ) REPRESENTATION_CONTEXT ( 'NONE', 'WORKASPACE' ) );
#3093 = MECHANICAL_DESIGN_GEOMETRIC_PRESENTATION_REPRESENTATION (  '', ( #2622 ), #3381 ) ;
#3094 = UNCERTAINTY_MEASURE_WITH_UNIT (LENGTH_MEASURE( 1.000000000000000082E-05 ), #3200, 'distance_accuracy_value', 'NONE');
#3095 = DIRECTION ( 'NONE',  ( 0.4568971130026673877, 0.8895195490430931606, 0.000000000000000000 ) ) ;
#3096 = EDGE_CURVE ( 'NONE', #396, #2504, #2423, .T. ) ;
#3097 = CARTESIAN_POINT ( 'NONE',  ( -3.157114626021007009, -2.221756826209900115, -0.3755008239843490303 ) ) ;
#3098 = DIRECTION ( 'NONE',  ( 0.000000000000000000, 0.6037187838956706853, -0.7971973594860513046 ) ) ;
#3099 = ORIENTED_EDGE ( 'NONE', *, *, #186, .T. ) ;
#3100 = CARTESIAN_POINT ( 'NONE',  ( -2.900000000000004352, -10.54099074031410410, -0.5849999999999999645 ) ) ;
#3101 =( NAMED_UNIT ( * ) PLANE_ANGLE_UNIT ( ) SI_UNIT ( $, .RADIAN. ) );
#3102 = CARTESIAN_POINT ( 'NONE',  ( -1.958450747779442169, -2.908266509638640418, -0.5725907074364215976 ) ) ;
#3103 = FILL_AREA_STYLE ('',( #338 ) ) ;
#3104 = CARTESIAN_POINT ( 'NONE',  ( -2.759265097016498913, -1.415597556404037283, -0.7883586399738703454 ) ) ;
#3105 = PRESENTATION_STYLE_ASSIGNMENT (( #2009 ) ) ;
#3106 = CARTESIAN_POINT ( 'NONE',  ( -0.09917695489651993934, 0.07209946458428354021, -0.8212331670828784125 ) ) ;
#3107 = EDGE_LOOP ( 'NONE', ( #1212, #2533, #247, #1534 ) ) ;
#3108 = CARTESIAN_POINT ( 'NONE',  ( -0.06799569920344676610, 0.1277984758067858828, -0.7956055639136908608 ) ) ;
#3109 = ORIENTED_EDGE ( 'NONE', *, *, #3016, .F. ) ;
#3110 =( GEOMETRIC_REPRESENTATION_CONTEXT ( 3 ) GLOBAL_UNCERTAINTY_ASSIGNED_CONTEXT ( ( #1367 ) ) GLOBAL_UNIT_ASSIGNED_CONTEXT ( ( #1861, #1551, #1584 ) ) REPRESENTATION_CONTEXT ( 'NONE', 'WORKASPACE' ) );
#3111 = FILL_AREA_STYLE ('',( #1428 ) ) ;
#3112 = COLOUR_RGB ( '',0.7529411764705882248, 0.7529411764705882248, 0.7529411764705882248 ) ;
#3113 = COLOUR_RGB ( '',1.000000000000000000, 1.000000000000000000, 0.000000000000000000 ) ;
#3114 = DIRECTION ( 'NONE',  ( -0.6677288681902783241, 0.7444045664726472999, 0.000000000000000000 ) ) ;
#3115 = EDGE_CURVE ( 'NONE', #2504, #3176, #2771, .T. ) ;
#3116 = CARTESIAN_POINT ( 'NONE',  ( -2.949775540485064962, -2.700860998241974453, -0.2428972783489360687 ) ) ;
#3117 = CARTESIAN_POINT ( 'NONE',  ( 0.3180656244190668280, 0.3264549516033795618, -0.5849999999999999645 ) ) ;
#3118 = ORIENTED_EDGE ( 'NONE', *, *, #1698, .F. ) ;
#3119 = DIRECTION ( 'NONE',  ( -0.000000000000000000, -0.000000000000000000, -1.000000000000000000 ) ) ;
#3120 = FILL_AREA_STYLE_COLOUR ( '', #705 ) ;
#3121 = CARTESIAN_POINT ( 'NONE',  ( -0.1429401247238718808, 0.2964535177776266850, -0.6672732452631382483 ) ) ;
#3122 = VERTEX_POINT ( 'NONE', #2882 ) ;
#3123 = CARTESIAN_POINT ( 'NONE',  ( -0.09991725558712047373, -0.1375171107604355458, 0.7563766475907294229 ) ) ;
#3124 = ORIENTED_EDGE ( 'NONE', *, *, #631, .T. ) ;
#3125 = AXIS2_PLACEMENT_3D ( 'NONE', #388, #3389, #2835 ) ;
#3126 = CARTESIAN_POINT ( 'NONE',  ( -2.900000000000002576, -17.34999999999999787, -0.5849999999999999645 ) ) ;
#3127 = CARTESIAN_POINT ( 'NONE',  ( 0.05962943834398206494, 0.1638812289803222300, 0.7489717935923633219 ) ) ;
#3128 = CARTESIAN_POINT ( 'NONE',  ( 3.209222125041140572, -1.011987328056253244, 1.584999999999999964 ) ) ;
#3129 = CARTESIAN_POINT ( 'NONE',  ( -1.900000000000000577, -5.965522979686022076, -0.5849999999999999645 ) ) ;
#3130 = CARTESIAN_POINT ( 'NONE',  ( 3.199215394009103708, -1.979503901840063307, 0.4617185232627905034 ) ) ;
#3131 = ADVANCED_FACE ( 'NONE', ( #413 ), #2595, .F. ) ;
#3132 = ORIENTED_EDGE ( 'NONE', *, *, #1027, .F. ) ;
#3133 =( NAMED_UNIT ( * ) SI_UNIT ( $, .STERADIAN. ) SOLID_ANGLE_UNIT ( ) );
#3134 = CARTESIAN_POINT ( 'NONE',  ( 2.712119990358592414, -3.522801877208514565, 0.7578667170717248158 ) ) ;
#3135 = CARTESIAN_POINT ( 'NONE',  ( 2.900000000000000355, -5.965522979686022076, 0.5849999999999999645 ) ) ;
#3136 = CARTESIAN_POINT ( 'NONE',  ( -0.02911014800967080818, 0.1172739142811487778, -0.7714120866427145451 ) ) ;
#3137 = EDGE_LOOP ( 'NONE', ( #1627, #2343, #1021, #253 ) ) ;
#3138 = CARTESIAN_POINT ( 'NONE',  ( 1.448095780291364765, -3.677040711238287241, -0.02338054257160879223 ) ) ;
#3139 = CARTESIAN_POINT ( 'NONE',  ( 0.3200074449012865196, -0.5717763743814223698, -0.5850000000000000755 ) ) ;
#3140 =( BOUNDED_SURFACE ( )  B_SPLINE_SURFACE ( 2, 3, ( 
 ( #387, #2834, #1418, #1474, #131, #1202, #2310, #880, #3407, #2583, #3134, #148, #3338, #859 ),
 ( #1960, #3063, #2797, #591, #84, #2514, #1142, #736, #1566, #1842, #716, #3188, #2127, #3426 ),
 ( #1783, #3460, #1015, #951, #1580, #216, #1823, #2062, #2889, #2910, #492, #447, #425, #1242 ) ),
 .UNSPECIFIED., .F., .F., .F. ) 
 B_SPLINE_SURFACE_WITH_KNOTS ( ( 3, 3 ),
 ( 4, 2, 2, 2, 2, 2, 4 ),
 ( 0.000000000000000000, 1.000000000000000000 ),
 ( 0.01749554088556113871, 0.09859037565983234941, 0.1796852104341035705, 0.3418748799826459850, 0.6662542190797308139, 0.9906335581768157539, 1.315012897273900583 ),
 .UNSPECIFIED. ) 
 GEOMETRIC_REPRESENTATION_ITEM ( )  RATIONAL_B_SPLINE_SURFACE ( (
 ( 1.000000000000000000, 1.000000000000000000, 1.000000000000000000, 1.000000000000000000, 1.000000000000000000, 1.000000000000000000, 1.000000000000000000, 1.000000000000000000, 1.000000000000000000, 1.000000000000000000, 1.000000000000000000, 1.000000000000000000, 1.000000000000000000, 1.000000000000000000),
 ( 0.5616600005265383055, 0.5652314715519239918, 0.5719895697050618733, 0.5886976961170042877, 0.5986216151570689092, 0.6299082393374778599, 0.6525491330505547305, 0.7167682687324860025, 0.7547713577445255284, 0.8127211484325048696, 0.8334577438032546581, 0.8640452859963615451, 0.8740286694155832148, 0.8810221862601387288),
 ( 1.000000000000000000, 1.000000000000000000, 1.000000000000000000, 1.000000000000000000, 1.000000000000000000, 1.000000000000000000, 1.000000000000000000, 1.000000000000000000, 1.000000000000000000, 1.000000000000000000, 1.000000000000000000, 1.000000000000000000, 1.000000000000000000, 1.000000000000000000) ) ) 
 REPRESENTATION_ITEM ( '' )  SURFACE ( )  );
#3141 = ORIENTED_EDGE ( 'NONE', *, *, #2933, .T. ) ;
#3142 = ORIENTED_EDGE ( 'NONE', *, *, #2029, .T. ) ;
#3143 =( GEOMETRIC_REPRESENTATION_CONTEXT ( 3 ) GLOBAL_UNCERTAINTY_ASSIGNED_CONTEXT ( ( #1377 ) ) GLOBAL_UNIT_ASSIGNED_CONTEXT ( ( #1293, #2392, #1047 ) ) REPRESENTATION_CONTEXT ( 'NONE', 'WORKASPACE' ) );
#3144 = PRESENTATION_STYLE_ASSIGNMENT (( #457 ) ) ;
#3145 = SURFACE_STYLE_FILL_AREA ( #2374 ) ;
#3146 = PRESENTATION_LAYER_ASSIGNMENT (  '', '', ( #3318 ) ) ;
#3147 = VECTOR ( 'NONE', #1388, 1000.000000000000114 ) ;
#3148 = DIRECTION ( 'NONE',  ( 0.000000000000000000, 0.000000000000000000, -1.000000000000000000 ) ) ;
#3149 = CARTESIAN_POINT ( 'NONE',  ( -1.953670059713785712, -3.387522322273417430, 0.2127747477325087344 ) ) ;
#3150 = CARTESIAN_POINT ( 'NONE',  ( -2.645182765172942485, -4.511545243536331462, -0.6019669820550136441 ) ) ;
#3151 = EDGE_LOOP ( 'NONE', ( #2003, #1352, #1384, #3091 ) ) ;
#3152 = CARTESIAN_POINT ( 'NONE',  ( -2.394730997394784122, -2.995875881489822756, -0.5010016331656766964 ) ) ;
#3153 = DIRECTION ( 'NONE',  ( 0.000000000000000000, 0.000000000000000000, 1.000000000000000000 ) ) ;
#3154 = CIRCLE ( 'NONE', #1595, 1.000000000000000000 ) ;
#3155 = COLOUR_RGB ( '',0.7529411764705882248, 0.7529411764705882248, 0.7529411764705882248 ) ;
#3156 = DIRECTION ( 'NONE',  ( 0.000000000000000000, 0.000000000000000000, 1.000000000000000000 ) ) ;
#3157 = CARTESIAN_POINT ( 'NONE',  ( 0.3656744043418209689, 0.6648195265703717993, 0.5849999999999999645 ) ) ;
#3158 = ORIENTED_EDGE ( 'NONE', *, *, #1756, .T. ) ;
#3159 = ADVANCED_FACE ( 'NONE', ( #2026 ), #771, .T. ) ;
#3160 = CARTESIAN_POINT ( 'NONE',  ( 1.345410343634267925, -3.703723890399238439, 0.1048878916830396912 ) ) ;
#3161 = SURFACE_STYLE_FILL_AREA ( #2067 ) ;
#3162 =( NAMED_UNIT ( * ) PLANE_ANGLE_UNIT ( ) SI_UNIT ( $, .RADIAN. ) );
#3163 = CARTESIAN_POINT ( 'NONE',  ( -2.987136199352584676, -3.507592715659928917, -0.3419463333867189259 ) ) ;
#3164 = CARTESIAN_POINT ( 'NONE',  ( -2.644730000000000913, -10.54099074031410410, -0.5849999999999999645 ) ) ;
#3165 = VERTEX_POINT ( 'NONE', #2871 ) ;
#3166 = DIRECTION ( 'NONE',  ( 1.000000000000000000, 0.000000000000000000, 0.000000000000000000 ) ) ;
#3167 = VECTOR ( 'NONE', #2524, 1000.000000000000114 ) ;
#3168 =( NAMED_UNIT ( * ) SI_UNIT ( $, .STERADIAN. ) SOLID_ANGLE_UNIT ( ) );
#3169 = CARTESIAN_POINT ( 'NONE',  ( 2.900000000000002576, -17.34999999999999787, 0.5849999999999999645 ) ) ;
#3170 = FILL_AREA_STYLE_COLOUR ( '', #1451 ) ;
#3171 =( GEOMETRIC_REPRESENTATION_CONTEXT ( 3 ) GLOBAL_UNCERTAINTY_ASSIGNED_CONTEXT ( ( #2016 ) ) GLOBAL_UNIT_ASSIGNED_CONTEXT ( ( #602, #890, #2825 ) ) REPRESENTATION_CONTEXT ( 'NONE', 'WORKASPACE' ) );
#3172 = ORIENTED_EDGE ( 'NONE', *, *, #2437, .T. ) ;
#3173 = PRESENTATION_LAYER_ASSIGNMENT (  '', '', ( #2419 ) ) ;
#3174 = CARTESIAN_POINT ( 'NONE',  ( 0.04962528441407001306, -0.1682546884559942835, -0.7756369323307821251 ) ) ;
#3175 = CARTESIAN_POINT ( 'NONE',  ( -0.04326670605935541147, -0.02310259072299464256, 0.7977382342756836886 ) ) ;
#3176 = VERTEX_POINT ( 'NONE', #2078 ) ;
#3177 = EDGE_CURVE ( 'NONE', #1488, #56, #2616, .T. ) ;
#3178 = VECTOR ( 'NONE', #1153, 1000.000000000000114 ) ;
#3179 = ORIENTED_EDGE ( 'NONE', *, *, #3360, .F. ) ;
#3180 = CARTESIAN_POINT ( 'NONE',  ( -0.4873900614541536447, -0.03746395461428489448, 0.5849999999999999645 ) ) ;
#3181 = CARTESIAN_POINT ( 'NONE',  ( 0.1209696996975815203, 0.1480218602053974819, 0.7638783202825643048 ) ) ;
#3182 = CARTESIAN_POINT ( 'NONE',  ( -2.912123483948731106, -3.781469440676036520, -0.3300180515362178268 ) ) ;
#3183 =( GEOMETRIC_REPRESENTATION_CONTEXT ( 3 ) GLOBAL_UNCERTAINTY_ASSIGNED_CONTEXT ( ( #2777 ) ) GLOBAL_UNIT_ASSIGNED_CONTEXT ( ( #1282, #3280, #1571 ) ) REPRESENTATION_CONTEXT ( 'NONE', 'WORKASPACE' ) );
#3184 = ORIENTED_EDGE ( 'NONE', *, *, #534, .F. ) ;
#3185 =( NAMED_UNIT ( * ) PLANE_ANGLE_UNIT ( ) SI_UNIT ( $, .RADIAN. ) );
#3186 = CARTESIAN_POINT ( 'NONE',  ( 2.899999999999999467, -2.186356007584653760, 0.5849999999999999645 ) ) ;
#3187 = CARTESIAN_POINT ( 'NONE',  ( 0.08935520868049233456, -0.1631280293795616954, -0.7652687124123640494 ) ) ;
#3188 = CARTESIAN_POINT ( 'NONE',  ( 2.354124219225781633, -3.169607709217756142, 0.3946183514623193278 ) ) ;
#3189 = EDGE_CURVE ( 'NONE', #1958, #396, #1586, .T. ) ;
#3190 = CYLINDRICAL_SURFACE ( 'NONE', #2873, 0.2552700000000001634 ) ;
#3191 = B_SPLINE_CURVE_WITH_KNOTS ( 'NONE', 3,
 ( #2629, #2050, #2033, #1552, #1829, #2878, #2610, #2932, #1789, #3138, #189, #3160 ),
 .UNSPECIFIED., .F., .F.,
 ( 4, 2, 2, 2, 2, 4 ),
 ( 4.668605487774450502, 5.409735650720565836, 5.595018191457095114, 5.780300732193623503, 5.965583272930151892, 6.150865813666681170 ),
 .UNSPECIFIED. ) ;
#3192 = CARTESIAN_POINT ( 'NONE',  ( 0.1095367066384275168, 0.4932258203894098747, -0.5849999999999999645 ) ) ;
#3193 = CARTESIAN_POINT ( 'NONE',  ( -0.005124185486374971399, 0.2899481543970892083, 0.5849999999999998535 ) ) ;
#3194 = CARTESIAN_POINT ( 'NONE',  ( 0.1465805149186603096, -0.2180374588690789928, -0.6970027806555758598 ) ) ;
#3195 = ORIENTED_EDGE ( 'NONE', *, *, #137, .T. ) ;
#3196 = EDGE_LOOP ( 'NONE', ( #758, #1014, #1266, #2471, #906, #2766, #1444, #2318 ) ) ;
#3197 = DIRECTION ( 'NONE',  ( -2.295113564421621368E-16, -1.000000000000000000, 0.000000000000000000 ) ) ;
#3198 = CARTESIAN_POINT ( 'NONE',  ( 0.07718397480601514593, 0.1519044268409518450, 0.7762216453592467591 ) ) ;
#3199 = B_SPLINE_CURVE_WITH_KNOTS ( 'NONE', 3,
 ( #2627, #2648, #1809, #1511, #3480, #2100 ),
 .UNSPECIFIED., .F., .F.,
 ( 4, 2, 4 ),
 ( -8.159398399832927290E-06, 0.0003027765602858047741, 0.0006137125189714424077 ),
 .UNSPECIFIED. ) ;
#3200 =( LENGTH_UNIT ( ) NAMED_UNIT ( * ) SI_UNIT ( .MILLI., .METRE. ) );
#3201 =( GEOMETRIC_REPRESENTATION_CONTEXT ( 3 ) GLOBAL_UNCERTAINTY_ASSIGNED_CONTEXT ( ( #1132 ) ) GLOBAL_UNIT_ASSIGNED_CONTEXT ( ( #1502, #2919, #1289 ) ) REPRESENTATION_CONTEXT ( 'NONE', 'WORKASPACE' ) );
#3202 = B_SPLINE_CURVE_WITH_KNOTS ( 'NONE', 3,
 ( #1245, #1229, #2331, #2350 ),
 .UNSPECIFIED., .F., .F.,
 ( 4, 4 ),
 ( 0.004136116698815300342, 0.004673522388641822983 ),
 .UNSPECIFIED. ) ;
#3203 = CARTESIAN_POINT ( 'NONE',  ( -1.998069892001272718, -3.357881607576189698, 0.2200149929545118510 ) ) ;
#3204 = EDGE_CURVE ( 'NONE', #2504, #783, #1061, .T. ) ;
#3205 =( GEOMETRIC_REPRESENTATION_CONTEXT ( 3 ) GLOBAL_UNCERTAINTY_ASSIGNED_CONTEXT ( ( #1407 ) ) GLOBAL_UNIT_ASSIGNED_CONTEXT ( ( #2901, #3162, #437 ) ) REPRESENTATION_CONTEXT ( 'NONE', 'WORKASPACE' ) );
#3206 = FACE_OUTER_BOUND ( 'NONE', #2049, .T. ) ;
#3207 = AXIS2_PLACEMENT_3D ( 'NONE', #2175, #42, #2714 ) ;
#3208 = CARTESIAN_POINT ( 'NONE',  ( 2.307579645591506079, -1.445350064033358306, 0.7883586399738684580 ) ) ;
#3209 = CARTESIAN_POINT ( 'NONE',  ( -0.1064780431044350800, -0.1381128287522297715, 0.7489717935924302683 ) ) ;
#3210 = CARTESIAN_POINT ( 'NONE',  ( 0.007184975118487652544, -0.1031616922954803062, -0.7086945039712573280 ) ) ;
#3211 = CARTESIAN_POINT ( 'NONE',  ( -0.06023846188738502666, -0.1814262027726148141, 0.7638783202828011154 ) ) ;
#3212 = CARTESIAN_POINT ( 'NONE',  ( -0.04962528441242438498, -0.1682546884565269130, 0.7756369323310233765 ) ) ;
#3213 = ADVANCED_FACE ( 'NONE', ( #146 ), #680, .T. ) ;
#3214 = EDGE_LOOP ( 'NONE', ( #123, #1908, #2916, #2612 ) ) ;
#3215 = FACE_OUTER_BOUND ( 'NONE', #2371, .T. ) ;
#3216 = DIRECTION ( 'NONE',  ( -0.7008834231774869750, 0.000000000000000000, 0.7132758422342705407 ) ) ;
#3217 = CARTESIAN_POINT ( 'NONE',  ( 0.1738334235993562460, -0.2794611074233405712, -0.6672732420946650977 ) ) ;
#3218 = AXIS2_PLACEMENT_3D ( 'NONE', #2326, #1198, #677 ) ;
#3219 =( GEOMETRIC_REPRESENTATION_CONTEXT ( 3 ) GLOBAL_UNCERTAINTY_ASSIGNED_CONTEXT ( ( #263 ) ) GLOBAL_UNIT_ASSIGNED_CONTEXT ( ( #3011, #2624, #2234 ) ) REPRESENTATION_CONTEXT ( 'NONE', 'WORKASPACE' ) );
#3220 = DIRECTION ( 'NONE',  ( 0.7008834231666248860, 0.000000000000000000, -0.7132758422449437807 ) ) ;
#3221 = FACE_OUTER_BOUND ( 'NONE', #259, .T. ) ;
#3222 = AXIS2_PLACEMENT_3D ( 'NONE', #2564, #1159, #3148 ) ;
#3223 = SURFACE_STYLE_USAGE ( .BOTH. , #1873 ) ;
#3224 = AXIS2_PLACEMENT_3D ( 'NONE', #603, #1160, #2596 ) ;
#3225 = CIRCLE ( 'NONE', #868, 0.2552700000000001634 ) ;
#3226 = CARTESIAN_POINT ( 'NONE',  ( -3.155270000000000241, -5.965522979686022076, -0.5849999999999999645 ) ) ;
#3227 = DIRECTION ( 'NONE',  ( -2.295113564421621368E-16, -1.000000000000000000, 0.000000000000000000 ) ) ;
#3228 = FILL_AREA_STYLE ('',( #2402 ) ) ;
#3229 = STYLED_ITEM ( 'NONE', ( #160 ), #3090 ) ;
#3230 = VERTEX_POINT ( 'NONE', #2952 ) ;
#3231 = CIRCLE ( 'NONE', #921, 0.2412492023727401125 ) ;
#3232 =( GEOMETRIC_REPRESENTATION_CONTEXT ( 3 ) GLOBAL_UNCERTAINTY_ASSIGNED_CONTEXT ( ( #3025 ) ) GLOBAL_UNIT_ASSIGNED_CONTEXT ( ( #2121, #1626, #223 ) ) REPRESENTATION_CONTEXT ( 'NONE', 'WORKASPACE' ) );
#3233 = EDGE_LOOP ( 'NONE', ( #2641, #2746, #2785, #2301, #434 ) ) ;
#3234 = CARTESIAN_POINT ( 'NONE',  ( 0.000000000000000000, 0.000000000000000000, 0.000000000000000000 ) ) ;
#3235 = CARTESIAN_POINT ( 'NONE',  ( -3.390994679946797596, -1.804129380175047315, -0.3399906385899999495 ) ) ;
#3236 = CYLINDRICAL_SURFACE ( 'NONE', #1127, 1.000000000000000000 ) ;
#3237 = ADVANCED_FACE ( 'NONE', ( #2928 ), #272, .F. ) ;
#3238 = ORIENTED_EDGE ( 'NONE', *, *, #1073, .T. ) ;
#3239 = CARTESIAN_POINT ( 'NONE',  ( -1.851189570848992272, -3.047245623452206953, -0.5495770715777852367 ) ) ;
#3240 = ORIENTED_EDGE ( 'NONE', *, *, #1794, .T. ) ;
#3241 = FILL_AREA_STYLE ('',( #1036 ) ) ;
#3242 = FILL_AREA_STYLE_COLOUR ( '', #1706 ) ;
#3243 = CARTESIAN_POINT ( 'NONE',  ( 2.819744058851573865, -4.128656750814618803, 0.3423905348691319572 ) ) ;
#3244 =( GEOMETRIC_REPRESENTATION_CONTEXT ( 3 ) GLOBAL_UNCERTAINTY_ASSIGNED_CONTEXT ( ( #22 ) ) GLOBAL_UNIT_ASSIGNED_CONTEXT ( ( #92, #1686, #1738 ) ) REPRESENTATION_CONTEXT ( 'NONE', 'WORKASPACE' ) );
#3245 = DIRECTION ( 'NONE',  ( 0.000000000000000000, 0.000000000000000000, -1.000000000000000000 ) ) ;
#3246 = CARTESIAN_POINT ( 'NONE',  ( 0.06023846188231177234, -0.1814262027758186957, -0.7638783202825452090 ) ) ;
#3247 = FILL_AREA_STYLE ('',( #1882 ) ) ;
#3248 = COLOUR_RGB ( '',1.000000000000000000, 1.000000000000000000, 0.000000000000000000 ) ;
#3249 =( BOUNDED_SURFACE ( )  B_SPLINE_SURFACE ( 3, 2, ( 
 ( #1687, #830, #287 ),
 ( #1936, #1666, #1114 ),
 ( #1097, #329, #2235 ),
 ( #3012, #2722, #582 ),
 ( #34, #310, #545 ),
 ( #1395, #2742, #3327 ),
 ( #2249, #2212, #2486 ),
 ( #3292, #3055, #1406 ),
 ( #1376, #2506, #1922 ),
 ( #53, #2167, #3543 ) ),
 .UNSPECIFIED., .F., .F., .T. ) 
 B_SPLINE_SURFACE_WITH_KNOTS ( ( 4, 2, 2, 2, 4 ),
 ( 3, 3 ),
 ( 9.746977530644684862E-17, 0.0004159445238029896579, 0.0008318890476058818460, 0.001247833571408773871, 0.001663778095211666114 ),
 ( 0.000000000000000000, 1.000000000000000000 ),
 .UNSPECIFIED. ) 
 GEOMETRIC_REPRESENTATION_ITEM ( )  RATIONAL_B_SPLINE_SURFACE ( (
 ( 1.000000000000000000, 0.9612038423664551745, 1.000000000000000000),
 ( 1.000000000000000000, 0.9607535440518534253, 1.000000000000000000),
 ( 1.000000000000000000, 0.9605783945953563219, 1.000000000000000000),
 ( 1.000000000000000000, 0.9606343865225466239, 1.000000000000000000),
 ( 1.000000000000000000, 0.9609054725251633400, 1.000000000000000000),
 ( 1.000000000000000000, 0.9609473797986278765, 1.000000000000000000),
 ( 1.000000000000000000, 0.9607307081457934217, 1.000000000000000000),
 ( 1.000000000000000000, 0.9572898448642377378, 1.000000000000000000),
 ( 1.000000000000000000, 0.9540259034756811696, 1.000000000000000000),
 ( 1.000000000000000000, 0.9477978054485378667, 1.000000000000000000) ) ) 
 REPRESENTATION_ITEM ( '' )  SURFACE ( )  );
#3250 = SURFACE_SIDE_STYLE ('',( #1244 ) ) ;
#3251 = ORIENTED_EDGE ( 'NONE', *, *, #861, .F. ) ;
#3252 = CARTESIAN_POINT ( 'NONE',  ( 0.1524533652884387525, 0.3184923991463123327, 0.6441660477897573900 ) ) ;
#3253 = AXIS2_PLACEMENT_3D ( 'NONE', #708, #1813, #2635 ) ;
#3254 = DIRECTION ( 'NONE',  ( 0.000000000000000000, -0.5909268411962181888, -0.8067251504408793350 ) ) ;
#3255 = ORIENTED_EDGE ( 'NONE', *, *, #2855, .T. ) ;
#3256 = CIRCLE ( 'NONE', #456, 3.365000000000001101 ) ;
#3257 = ORIENTED_EDGE ( 'NONE', *, *, #2305, .F. ) ;
#3258 = FACE_OUTER_BOUND ( 'NONE', #686, .T. ) ;
#3259 = VERTEX_POINT ( 'NONE', #3208 ) ;
#3260 = DIRECTION ( 'NONE',  ( -1.000000000000000000, 0.000000000000000000, 0.000000000000000000 ) ) ;
#3261 = CARTESIAN_POINT ( 'NONE',  ( 0.3656744043418211354, -0.6648195265703739087, -0.5849999999999999645 ) ) ;
#3262 = FILL_AREA_STYLE_COLOUR ( '', #2441 ) ;
#3263 = CARTESIAN_POINT ( 'NONE',  ( -2.900000000000001243, -10.54099074031410410, -0.5849999999999999645 ) ) ;
#3264 = CARTESIAN_POINT ( 'NONE',  ( 0.1095367066384276417, 0.4932258203894099857, -0.5849999999999999645 ) ) ;
#3265 =( GEOMETRIC_REPRESENTATION_CONTEXT ( 3 ) GLOBAL_UNCERTAINTY_ASSIGNED_CONTEXT ( ( #1392 ) ) GLOBAL_UNIT_ASSIGNED_CONTEXT ( ( #1305, #742, #1336 ) ) REPRESENTATION_CONTEXT ( 'NONE', 'WORKASPACE' ) );
#3266 = FILL_AREA_STYLE_COLOUR ( '', #2581 ) ;
#3267 = DIRECTION ( 'NONE',  ( 0.000000000000000000, 0.6399818172714623055, -0.7683900530081817504 ) ) ;
#3268 = CARTESIAN_POINT ( 'NONE',  ( 0.09898849644908587486, 0.07149737432133281001, 0.8217023628769544175 ) ) ;
#3269 = FILL_AREA_STYLE ('',( #1360 ) ) ;
#3270 = EDGE_LOOP ( 'NONE', ( #467, #828, #2014 ) ) ;
#3271 = CARTESIAN_POINT ( 'NONE',  ( -0.2763514643570901264, 0.4817777495773771235, -0.5849999999999999645 ) ) ;
#3272 = CARTESIAN_POINT ( 'NONE',  ( -0.2753837011938901624, -0.4808593797100241263, 0.5849999999999999645 ) ) ;
#3273 = SURFACE_STYLE_FILL_AREA ( #1939 ) ;
#3274 = CARTESIAN_POINT ( 'NONE',  ( 2.694533171505392843, -2.833209965220353510, -0.2247703589572004890 ) ) ;
#3275 = COLOUR_RGB ( '',1.000000000000000000, 1.000000000000000000, 0.000000000000000000 ) ;
#3276 = DIRECTION ( 'NONE',  ( 0.000000000000000000, 0.000000000000000000, 1.000000000000000000 ) ) ;
#3277 = ORIENTED_EDGE ( 'NONE', *, *, #2074, .F. ) ;
#3278 = SURFACE_STYLE_FILL_AREA ( #2439 ) ;
#3279 = FILL_AREA_STYLE ('',( #1634 ) ) ;
#3280 =( NAMED_UNIT ( * ) PLANE_ANGLE_UNIT ( ) SI_UNIT ( $, .RADIAN. ) );
#3281 = COLOUR_RGB ( '',1.000000000000000000, 1.000000000000000000, 0.000000000000000000 ) ;
#3282 =( GEOMETRIC_REPRESENTATION_CONTEXT ( 3 ) GLOBAL_UNCERTAINTY_ASSIGNED_CONTEXT ( ( #1427 ) ) GLOBAL_UNIT_ASSIGNED_CONTEXT ( ( #1255, #2999, #532 ) ) REPRESENTATION_CONTEXT ( 'NONE', 'WORKASPACE' ) );
#3283 = CARTESIAN_POINT ( 'NONE',  ( -0.02136565724341220676, -0.07542714874762324051, -0.8402878007575736996 ) ) ;
#3284 = PRESENTATION_STYLE_ASSIGNMENT (( #251 ) ) ;
#3285 = CARTESIAN_POINT ( 'NONE',  ( 2.668987428334661516, -3.242331053278017183, 0.4292134152280678294 ) ) ;
#3286 = CARTESIAN_POINT ( 'NONE',  ( -3.202221379813466218, -1.863690621299649575, -0.5057213914490827911 ) ) ;
#3287 = ADVANCED_FACE ( 'NONE', ( #3215 ), #2338, .T. ) ;
#3288 = CIRCLE ( 'NONE', #3403, 1.255269999999998332 ) ;
#3289 = CARTESIAN_POINT ( 'NONE',  ( 0.07436304954020780955, 0.1351967947514224888, 0.7883586399738703454 ) ) ;
#3290 = CARTESIAN_POINT ( 'NONE',  ( 0.000000000000000000, 0.000000000000000000, 0.5849999999999999645 ) ) ;
#3291 = COLOUR_RGB ( '',1.000000000000000000, 1.000000000000000000, 0.000000000000000000 ) ;
#3292 = CARTESIAN_POINT ( 'NONE',  ( 2.876342026016618814, -1.557440414580470556, 0.7855419443312439132 ) ) ;
#3293 = DIRECTION ( 'NONE',  ( 0.000000000000000000, 0.000000000000000000, -1.000000000000000000 ) ) ;
#3294 = SURFACE_SIDE_STYLE ('',( #1362 ) ) ;
#3295 = FILL_AREA_STYLE_COLOUR ( '', #2227 ) ;
#3296 = DIRECTION ( 'NONE',  ( -0.8762027383027154448, -0.4819426951317171692, 0.000000000000000000 ) ) ;
#3297 = CARTESIAN_POINT ( 'NONE',  ( 3.055217825506808982, -3.249295650240328737, 0.3814041434400919917 ) ) ;
#3298 = ORIENTED_EDGE ( 'NONE', *, *, #930, .T. ) ;
#3299 = ADVANCED_FACE ( 'NONE', ( #198 ), #675, .T. ) ;
#3300 = CARTESIAN_POINT ( 'NONE',  ( -3.402016754295942302, -1.677126200319850380, -0.4098922910419369181 ) ) ;
#3301 = CARTESIAN_POINT ( 'NONE',  ( -2.652168288002791030, -4.628400276723067641, -0.5238263502107893821 ) ) ;
#3302 = FACE_OUTER_BOUND ( 'NONE', #1601, .T. ) ;
#3303 = CARTESIAN_POINT ( 'NONE',  ( 1.667390835359673806, -3.564234298546144597, -0.1366494056654315448 ) ) ;
#3304 = CARTESIAN_POINT ( 'NONE',  ( -0.08992488696718393959, 0.1628146860437415244, -0.7652687124123825901 ) ) ;
#3305 = DIRECTION ( 'NONE',  ( -1.000000000000000000, 1.224646799147354193E-16, 0.000000000000000000 ) ) ;
#3306 = ORIENTED_EDGE ( 'NONE', *, *, #2260, .T. ) ;
#3307 = DIRECTION ( 'NONE',  ( 2.295113564421621368E-16, -1.000000000000000000, 0.000000000000000000 ) ) ;
#3308 = DIRECTION ( 'NONE',  ( -0.000000000000000000, -0.000000000000000000, -1.000000000000000000 ) ) ;
#3309 = CARTESIAN_POINT ( 'NONE',  ( 3.209222125041140572, -1.011987328056252800, 0.5849999999999999645 ) ) ;
#3310 = CARTESIAN_POINT ( 'NONE',  ( 1.899999999999999911, -2.186356007584650207, 1.584999999999999964 ) ) ;
#3311 = EDGE_CURVE ( 'NONE', #129, #2367, #1799, .T. ) ;
#3312 = FACE_OUTER_BOUND ( 'NONE', #2199, .T. ) ;
#3313 = CARTESIAN_POINT ( 'NONE',  ( 3.094130196386038367, -2.448758354517332148, -0.07939583035182280757 ) ) ;
#3314 = VERTEX_POINT ( 'NONE', #2560 ) ;
#3315 =( LENGTH_UNIT ( ) NAMED_UNIT ( * ) SI_UNIT ( .MILLI., .METRE. ) );
#3316 = CARTESIAN_POINT ( 'NONE',  ( 0.1095367066384276417, 0.4932258203894099857, -0.5849999999999999645 ) ) ;
#3317 = UNCERTAINTY_MEASURE_WITH_UNIT (LENGTH_MEASURE( 1.000000000000000082E-05 ), #424, 'distance_accuracy_value', 'NONE');
#3318 = STYLED_ITEM ( 'NONE', ( #2358 ), #1501 ) ;
#3319 = CARTESIAN_POINT ( 'NONE',  ( -1.823375403674732054, -3.083284655402725782, -0.5436093454678152526 ) ) ;
#3320 = CARTESIAN_POINT ( 'NONE',  ( 0.05607977258302739715, 0.1607443611303604192, 0.7502592664274586598 ) ) ;
#3321 = CIRCLE ( 'NONE', #2, 0.2552700000000001634 ) ;
#3322 = CARTESIAN_POINT ( 'NONE',  ( -0.1294105395211942178, 0.1245592755749192482, 0.5849999999999969669 ) ) ;
#3323 = EDGE_LOOP ( 'NONE', ( #633, #1119, #668, #2708 ) ) ;
#3324 = PRESENTATION_LAYER_ASSIGNMENT (  '', '', ( #72 ) ) ;
#3325 = DIRECTION ( 'NONE',  ( -0.000000000000000000, -0.000000000000000000, -1.000000000000000000 ) ) ;
#3326 = MECHANICAL_DESIGN_GEOMETRIC_PRESENTATION_REPRESENTATION (  '', ( #785 ), #1775 ) ;
#3327 = CARTESIAN_POINT ( 'NONE',  ( 3.320027308288597823, -1.370047422344208954, 0.5415432238601189940 ) ) ;
#3328 = UNCERTAINTY_MEASURE_WITH_UNIT (LENGTH_MEASURE( 1.000000000000000082E-05 ), #1765, 'distance_accuracy_value', 'NONE');
#3329 =( LENGTH_UNIT ( ) NAMED_UNIT ( * ) SI_UNIT ( .MILLI., .METRE. ) );
#3330 = ORIENTED_EDGE ( 'NONE', *, *, #1814, .T. ) ;
#3331 = CARTESIAN_POINT ( 'NONE',  ( -3.079946953774346241, -2.437003510717937971, -0.3040055120599713390 ) ) ;
#3332 = DIRECTION ( 'NONE',  ( 0.4819426951317171692, -0.8762027383027154448, 0.000000000000000000 ) ) ;
#3333 = ADVANCED_FACE ( 'NONE', ( #1342 ), #2296, .T. ) ;
#3334 = CARTESIAN_POINT ( 'NONE',  ( 1.327966675752229708, -3.675250845819015399, 0.2195448122246191902 ) ) ;
#3335 = VERTEX_POINT ( 'NONE', #2107 ) ;
#3336 = CARTESIAN_POINT ( 'NONE',  ( -2.141249202372740523, -2.595819110288331899, -1.584999999999999298 ) ) ;
#3337 = CARTESIAN_POINT ( 'NONE',  ( -2.645444805281023992, -3.164441094674952826, -0.3665801050803851324 ) ) ;
#3338 = CARTESIAN_POINT ( 'NONE',  ( 2.720563177444042857, -3.382520271897642594, 0.7665901077056261892 ) ) ;
#3339 = CARTESIAN_POINT ( 'NONE',  ( 2.708607350031843719, -3.578138960902854215, 0.7541063781644664621 ) ) ;
#3340 = CARTESIAN_POINT ( 'NONE',  ( 0.005124185481517376170, 0.2899481543876317735, -0.5849999999999999645 ) ) ;
#3341 = CARTESIAN_POINT ( 'NONE',  ( -2.804470819238485291, -4.186574086231705571, -0.3473385598318176615 ) ) ;
#3342 = CARTESIAN_POINT ( 'NONE',  ( 2.301141662377645059, -3.144439584800934551, -0.2493182013465022884 ) ) ;
#3343 = ORIENTED_EDGE ( 'NONE', *, *, #3379, .T. ) ;
#3344 = ADVANCED_FACE ( 'NONE', ( #1797 ), #657, .F. ) ;
#3345 = UNCERTAINTY_MEASURE_WITH_UNIT (LENGTH_MEASURE( 1.000000000000000082E-05 ), #3329, 'distance_accuracy_value', 'NONE');
#3346 = COLOUR_RGB ( '',0.7529411764705882248, 0.7529411764705882248, 0.7529411764705882248 ) ;
#3347 = DIRECTION ( 'NONE',  ( 0.000000000000000000, 0.000000000000000000, -1.000000000000000000 ) ) ;
#3348 = CIRCLE ( 'NONE', #144, 1.000000000000000000 ) ;
#3349 = CARTESIAN_POINT ( 'NONE',  ( 2.951135427577235237, -3.636792855768970156, 0.3320995148190507007 ) ) ;
#3350 = AXIS2_PLACEMENT_3D ( 'NONE', #640, #1778, #2845 ) ;
#3351 = VERTEX_POINT ( 'NONE', #2054 ) ;
#3352 = CARTESIAN_POINT ( 'NONE',  ( -1.325229131926098702, -3.685541369122922184, -0.1964539700982966264 ) ) ;
#3353 = SURFACE_SIDE_STYLE ('',( #2258 ) ) ;
#3354 = EDGE_CURVE ( 'NONE', #2899, #1101, #1252, .T. ) ;
#3355 = CARTESIAN_POINT ( 'NONE',  ( -1.484845980057126758, -3.473649180422965888, -0.4237924065471789237 ) ) ;
#3356 =( GEOMETRIC_REPRESENTATION_CONTEXT ( 3 ) GLOBAL_UNCERTAINTY_ASSIGNED_CONTEXT ( ( #2655 ) ) GLOBAL_UNIT_ASSIGNED_CONTEXT ( ( #2582, #2571, #1201 ) ) REPRESENTATION_CONTEXT ( 'NONE', 'WORKASPACE' ) );
#3357 = CARTESIAN_POINT ( 'NONE',  ( -0.3656744043418210799, -0.6648195265703737977, 0.5849999999999999645 ) ) ;
#3358 = CARTESIAN_POINT ( 'NONE',  ( 2.687869700365565606, -4.591558871647782425, 0.4375899505508102916 ) ) ;
#3359 =( NAMED_UNIT ( * ) SI_UNIT ( $, .STERADIAN. ) SOLID_ANGLE_UNIT ( ) );
#3360 = EDGE_CURVE ( 'NONE', #1810, #3122, #122, .T. ) ;
#3361 = FILL_AREA_STYLE ('',( #1991 ) ) ;
#3362 = VERTEX_POINT ( 'NONE', #2860 ) ;
#3363 = PRESENTATION_STYLE_ASSIGNMENT (( #779 ) ) ;
#3364 = UNCERTAINTY_MEASURE_WITH_UNIT (LENGTH_MEASURE( 1.000000000000000082E-05 ), #1894, 'distance_accuracy_value', 'NONE');
#3365 = CARTESIAN_POINT ( 'NONE',  ( 0.4752111109804946776, -0.1715937061804826136, -0.5849999999999999645 ) ) ;
#3366 = DIRECTION ( 'NONE',  ( 1.000000000000000000, 0.000000000000000000, 0.000000000000000000 ) ) ;
#3367 = COLOUR_RGB ( '',1.000000000000000000, 1.000000000000000000, 0.000000000000000000 ) ;
#3368 = LINE ( 'NONE', #3164, #693 ) ;
#3369 = ORIENTED_EDGE ( 'NONE', *, *, #2186, .F. ) ;
#3370 = SURFACE_STYLE_USAGE ( .BOTH. , #916 ) ;
#3371 =( LENGTH_UNIT ( ) NAMED_UNIT ( * ) SI_UNIT ( .MILLI., .METRE. ) );
#3372 = CARTESIAN_POINT ( 'NONE',  ( -3.155269999999999353, -2.186356007584653760, -0.5849999999999999645 ) ) ;
#3373 = CARTESIAN_POINT ( 'NONE',  ( -0.3656744043418210244, 0.6648195265703717993, -0.5849999999999999645 ) ) ;
#3374 = CARTESIAN_POINT ( 'NONE',  ( -0.3656744043418210799, 0.6648195265703720214, -0.5849999999999999645 ) ) ;
#3375 = AXIS2_PLACEMENT_3D ( 'NONE', #2277, #3056, #3293 ) ;
#3376 = CARTESIAN_POINT ( 'NONE',  ( -0.05195869856603778369, 0.08938822379510207028, -0.8237547844023086485 ) ) ;
#3377 = AXIS2_PLACEMENT_3D ( 'NONE', #514, #1931, #26 ) ;
#3378 = VERTEX_POINT ( 'NONE', #2881 ) ;
#3379 = EDGE_CURVE ( 'NONE', #2417, #3378, #2287, .T. ) ;
#3380 = CIRCLE ( 'NONE', #1475, 1.000000000000000000 ) ;
#3381 =( GEOMETRIC_REPRESENTATION_CONTEXT ( 3 ) GLOBAL_UNCERTAINTY_ASSIGNED_CONTEXT ( ( #2731 ) ) GLOBAL_UNIT_ASSIGNED_CONTEXT ( ( #3499, #750, #2715 ) ) REPRESENTATION_CONTEXT ( 'NONE', 'WORKASPACE' ) );
#3382 = UNCERTAINTY_MEASURE_WITH_UNIT (LENGTH_MEASURE( 1.000000000000000082E-05 ), #2349, 'distance_accuracy_value', 'NONE');
#3383 = CARTESIAN_POINT ( 'NONE',  ( -1.590748632669101603, -3.607318157583888407, 0.1071137344690367144 ) ) ;
#3384 = B_SPLINE_CURVE_WITH_KNOTS ( 'NONE', 3,
 ( #676, #3490, #2906, #3203, #3149, #2390, #981, #963, #2094, #2075, #1011, #440 ),
 .UNSPECIFIED., .F., .F.,
 ( 4, 2, 2, 2, 2, 4 ),
 ( 0.1320173684780178436, 0.8708731597630138266, 1.055587107584262885, 1.240301055405512054, 1.425015003226761001, 1.609728951048009948 ),
 .UNSPECIFIED. ) ;
#3385 = DIRECTION ( 'NONE',  ( 0.000000000000000000, 0.000000000000000000, -1.000000000000000000 ) ) ;
#3386 = CIRCLE ( 'NONE', #2633, 1.000000000000000000 ) ;
#3387 = ORIENTED_EDGE ( 'NONE', *, *, #598, .F. ) ;
#3388 = LINE ( 'NONE', #3372, #1263 ) ;
#3389 = DIRECTION ( 'NONE',  ( -0.000000000000000000, 1.000000000000000000, 0.000000000000000000 ) ) ;
#3390 = ORIENTED_EDGE ( 'NONE', *, *, #884, .F. ) ;
#3391 =( NAMED_UNIT ( * ) SI_UNIT ( $, .STERADIAN. ) SOLID_ANGLE_UNIT ( ) );
#3392 =( BOUNDED_SURFACE ( )  B_SPLINE_SURFACE ( 3, 2, ( 
 ( #29, #2150, #2738 ),
 ( #2446, #486, #2961 ),
 ( #2718, #268, #2429 ),
 ( #1879, #2184, #1374 ),
 ( #1593, #1606, #8 ),
 ( #741, #236, #1302 ),
 ( #3538, #3286, #1574 ),
 ( #1076, #772, #1062 ) ),
 .UNSPECIFIED., .F., .F., .F. ) 
 B_SPLINE_SURFACE_WITH_KNOTS ( ( 4, 2, 2, 4 ),
 ( 3, 3 ),
 ( 4.336808689942017736E-18, 0.0004171727347054720214, 0.0008343454694109397060, 0.001668690938821875075 ),
 ( 0.000000000000000000, 1.000000000000000000 ),
 .UNSPECIFIED. ) 
 GEOMETRIC_REPRESENTATION_ITEM ( )  RATIONAL_B_SPLINE_SURFACE ( (
 ( 1.000000000000000000, 0.9477978054485380888, 1.000000000000000000),
 ( 1.000000000000000000, 0.9540231491985083911, 1.000000000000000000),
 ( 1.000000000000000000, 0.9572654373522078153, 1.000000000000000000),
 ( 1.000000000000000000, 0.9607017748084711872, 1.000000000000000000),
 ( 1.000000000000000000, 0.9609445662478175443, 1.000000000000000000),
 ( 1.000000000000000000, 0.9608910188533185126, 1.000000000000000000),
 ( 1.000000000000000000, 0.9600965414728070968, 1.000000000000000000),
 ( 1.000000000000000000, 0.9612038423664551745, 1.000000000000000000) ) ) 
 REPRESENTATION_ITEM ( '' )  SURFACE ( )  );
#3393 = ORIENTED_EDGE ( 'NONE', *, *, #2305, .T. ) ;
#3394 = FILL_AREA_STYLE ('',( #209 ) ) ;
#3395 = CARTESIAN_POINT ( 'NONE',  ( -2.400846740658108658, -3.067535703225945376, 0.2468639209236014320 ) ) ;
#3396 = EDGE_CURVE ( 'NONE', #2803, #2879, #2617, .T. ) ;
#3397 = B_SPLINE_CURVE_WITH_KNOTS ( 'NONE', 3,
 ( #2854, #986, #2874, #375 ),
 .UNSPECIFIED., .F., .F.,
 ( 4, 4 ),
 ( -4.472135955052636334E-06, 0.0005008298124578742508 ),
 .UNSPECIFIED. ) ;
#3398 = AXIS2_PLACEMENT_3D ( 'NONE', #781, #493, #3254 ) ;
#3399 = AXIS2_PLACEMENT_3D ( 'NONE', #2420, #1024, #3526 ) ;
#3400 = CARTESIAN_POINT ( 'NONE',  ( 1.900000000000001021, -10.54099074031410410, 0.5849999999999999645 ) ) ;
#3401 = PRESENTATION_LAYER_ASSIGNMENT (  '', '', ( #2134 ) ) ;
#3402 = CARTESIAN_POINT ( 'NONE',  ( 2.900000000000000799, -8.253256860000062645, 0.5849999999999999645 ) ) ;
#3403 = AXIS2_PLACEMENT_3D ( 'NONE', #2053, #671, #94 ) ;
#3404 = VERTEX_POINT ( 'NONE', #1268 ) ;
#3405 = DIRECTION ( 'NONE',  ( 0.000000000000000000, 0.000000000000000000, -1.000000000000000000 ) ) ;
#3406 = CARTESIAN_POINT ( 'NONE',  ( -2.745701465253397089, -2.853060179923625928, -0.7883586365883398228 ) ) ;
#3407 = CARTESIAN_POINT ( 'NONE',  ( 2.698291706357400788, -3.729796880987926944, 0.7416584752687445103 ) ) ;
#3408 = CYLINDRICAL_SURFACE ( 'NONE', #1902, 1.000000000000000000 ) ;
#3409 =( GEOMETRIC_REPRESENTATION_CONTEXT ( 3 ) GLOBAL_UNCERTAINTY_ASSIGNED_CONTEXT ( ( #583 ) ) GLOBAL_UNIT_ASSIGNED_CONTEXT ( ( #2638, #2868, #2123 ) ) REPRESENTATION_CONTEXT ( 'NONE', 'WORKASPACE' ) );
#3410 = CARTESIAN_POINT ( 'NONE',  ( 0.2318708976005769695, -0.07667685856191779059, -0.5850000000000031841 ) ) ;
#3411 = EDGE_CURVE ( 'NONE', #173, #2819, #3541, .T. ) ;
#3412 = CARTESIAN_POINT ( 'NONE',  ( -0.09639475413017022098, 0.4180423670995700447, -0.5850000000000129541 ) ) ;
#3413 = CARTESIAN_POINT ( 'NONE',  ( -2.818369352803871575, -4.133846842194939697, -0.3428501550262716413 ) ) ;
#3414 = ORIENTED_EDGE ( 'NONE', *, *, #2293, .F. ) ;
#3415 = FILL_AREA_STYLE ('',( #1248 ) ) ;
#3416 = SURFACE_SIDE_STYLE ('',( #3161 ) ) ;
#3417 = ORIENTED_EDGE ( 'NONE', *, *, #2084, .T. ) ;
#3418 = VERTEX_POINT ( 'NONE', #727 ) ;
#3419 = SURFACE_STYLE_USAGE ( .BOTH. , #2321 ) ;
#3420 = DIRECTION ( 'NONE',  ( 0.000000000000000000, 0.000000000000000000, 1.000000000000000000 ) ) ;
#3421 = DIRECTION ( 'NONE',  ( 2.295113564421621368E-16, -1.000000000000000000, 0.000000000000000000 ) ) ;
#3422 = EDGE_CURVE ( 'NONE', #2218, #1810, #607, .T. ) ;
#3423 = ORIENTED_EDGE ( 'NONE', *, *, #1056, .F. ) ;
#3424 = CARTESIAN_POINT ( 'NONE',  ( 3.365000000000001101, 0.000000000000000000, 0.000000000000000000 ) ) ;
#3425 = CARTESIAN_POINT ( 'NONE',  ( -0.1209696996921606899, 0.1480218602079945711, -0.7638783202828024477 ) ) ;
#3426 = CARTESIAN_POINT ( 'NONE',  ( 2.361031921644515474, -3.152590268821856334, 0.4199179993166749503 ) ) ;
#3427 = SURFACE_STYLE_FILL_AREA ( #2551 ) ;
#3428 = COLOUR_RGB ( '',1.000000000000000000, 1.000000000000000000, 0.000000000000000000 ) ;
#3429 = CARTESIAN_POINT ( 'NONE',  ( -2.644712719111328880, -4.549959341410298563, -0.5850060751352251787 ) ) ;
#3430 = EDGE_LOOP ( 'NONE', ( #3172, #3504, #2089, #1691 ) ) ;
#3431 = CARTESIAN_POINT ( 'NONE',  ( -0.4141137460271989701, 0.1517933367541619838, 0.5849999999999999645 ) ) ;
#3432 = B_SPLINE_CURVE_WITH_KNOTS ( 'NONE', 3,
 ( #3209, #2112, #1528, #2625 ),
 .UNSPECIFIED., .F., .F.,
 ( 4, 4 ),
 ( 3.968276224912155868E-18, 6.008390195054615887E-05 ),
 .UNSPECIFIED. ) ;
#3433 = CARTESIAN_POINT ( 'NONE',  ( -0.04763488084821362878, -0.09169350215593803644, 0.8237981519247795648 ) ) ;
#3434 = PRESENTATION_LAYER_ASSIGNMENT (  '', '', ( #1182 ) ) ;
#3435 = CARTESIAN_POINT ( 'NONE',  ( 1.850497751808911850, -3.048141759878197909, 0.5494284898415223717 ) ) ;
#3436 = MECHANICAL_DESIGN_GEOMETRIC_PRESENTATION_REPRESENTATION (  '', ( #2395 ), #1531 ) ;
#3437 = VECTOR ( 'NONE', #430, 1000.000000000000114 ) ;
#3438 = DIRECTION ( 'NONE',  ( -1.000000000000000000, 0.000000000000000000, 0.000000000000000000 ) ) ;
#3439 = CARTESIAN_POINT ( 'NONE',  ( -2.722897919096931130, -3.340128167353377808, -0.7688413061305946483 ) ) ;
#3440 = ORIENTED_EDGE ( 'NONE', *, *, #1704, .T. ) ;
#3441 = CARTESIAN_POINT ( 'NONE',  ( 0.09917870137774235928, 0.07210503025626560647, 0.8212288282719854005 ) ) ;
#3442 = CARTESIAN_POINT ( 'NONE',  ( -0.1200650470826002264, 0.1459295523900654146, -0.7654556709143522930 ) ) ;
#3443 = CARTESIAN_POINT ( 'NONE',  ( 3.390994679946796264, -1.804129380175053088, 0.3399906385899971739 ) ) ;
#3444 = MECHANICAL_DESIGN_GEOMETRIC_PRESENTATION_REPRESENTATION (  '', ( #2510 ), #784 ) ;
#3445 = PRESENTATION_STYLE_ASSIGNMENT (( #1785 ) ) ;
#3446 = ADVANCED_FACE ( 'NONE', ( #2654 ), #135, .T. ) ;
#3447 = CARTESIAN_POINT ( 'NONE',  ( 0.09326299012595083704, -0.1215626697474872925, -0.7656146192555424168 ) ) ;
#3448 = FILL_AREA_STYLE_COLOUR ( '', #1472 ) ;
#3449 = CARTESIAN_POINT ( 'NONE',  ( -0.2445143763921812929, -0.1143441424842654014, 0.5849999999999966338 ) ) ;
#3450 = VERTEX_POINT ( 'NONE', #1318 ) ;
#3451 = CARTESIAN_POINT ( 'NONE',  ( 3.379681079819190526, -1.934491700941600278, 0.2682401387250274993 ) ) ;
#3452 = DIRECTION ( 'NONE',  ( -0.9162872398296045828, 0.4005217773423124794, 0.000000000000000000 ) ) ;
#3453 = EDGE_CURVE ( 'NONE', #2475, #158, #2445, .T. ) ;
#3454 = SURFACE_SIDE_STYLE ('',( #1611 ) ) ;
#3455 = CIRCLE ( 'NONE', #2941, 0.1000000000000000056 ) ;
#3456 = ORIENTED_EDGE ( 'NONE', *, *, #2866, .T. ) ;
#3457 = CARTESIAN_POINT ( 'NONE',  ( -6.313690777698800598E-05, 0.04996416974333224570, 0.8062797574004071377 ) ) ;
#3458 = DIRECTION ( 'NONE',  ( 0.000000000000000000, 0.000000000000000000, 1.000000000000000000 ) ) ;
#3459 = CARTESIAN_POINT ( 'NONE',  ( 0.1064780431024176521, -0.1381128287537330968, -0.7489717935921580416 ) ) ;
#3460 = CARTESIAN_POINT ( 'NONE',  ( 1.335176266402833711, -3.703150761549751202, 0.1270164563282238646 ) ) ;
#3461 = FILL_AREA_STYLE ('',( #1227 ) ) ;
#3462 = AXIS2_PLACEMENT_3D ( 'NONE', #1893, #2754, #299 ) ;
#3463 = CARTESIAN_POINT ( 'NONE',  ( -0.01280680273674822574, 0.07410107913655690492, -0.7947256291032669395 ) ) ;
#3464 = EDGE_CURVE ( 'NONE', #3335, #2475, #1911, .T. ) ;
#3465 = CARTESIAN_POINT ( 'NONE',  ( -0.03414769583167689970, 0.5319489546599823759, 0.5849999999999999645 ) ) ;
#3466 = VERTEX_POINT ( 'NONE', #1573 ) ;
#3467 = AXIS2_PLACEMENT_3D ( 'NONE', #3129, #1741, #3366 ) ;
#3468 =( LENGTH_UNIT ( ) NAMED_UNIT ( * ) SI_UNIT ( .MILLI., .METRE. ) );
#3469 = SURFACE_STYLE_USAGE ( .BOTH. , #3416 ) ;
#3470 = EDGE_LOOP ( 'NONE', ( #2431, #2859, #688 ) ) ;
#3471 = ADVANCED_FACE ( 'NONE', ( #529 ), #1177, .F. ) ;
#3472 = DIRECTION ( 'NONE',  ( 0.9162872398296044718, 0.4005217773423128680, 0.000000000000000000 ) ) ;
#3473 = CARTESIAN_POINT ( 'NONE',  ( 2.646560485247887229, -4.616754094134829067, 0.5465451418244088311 ) ) ;
#3474 = AXIS2_PLACEMENT_3D ( 'NONE', #2974, #2118, #512 ) ;
#3475 = SURFACE_STYLE_USAGE ( .BOTH. , #1219 ) ;
#3476 = SURFACE_SIDE_STYLE ('',( #743 ) ) ;
#3477 = CARTESIAN_POINT ( 'NONE',  ( 1.484401058484121627, -3.474139465538560234, 0.4235041691655235252 ) ) ;
#3478 = ORIENTED_EDGE ( 'NONE', *, *, #2710, .F. ) ;
#3479 = CARTESIAN_POINT ( 'NONE',  ( -1.899999999999999911, -2.186356007584650207, -0.5849999999999999645 ) ) ;
#3480 = CARTESIAN_POINT ( 'NONE',  ( -0.1465805149200118673, -0.2180374588717732820, 0.6970027806538214854 ) ) ;
#3481 = SURFACE_STYLE_FILL_AREA ( #1034 ) ;
#3482 =( NAMED_UNIT ( * ) PLANE_ANGLE_UNIT ( ) SI_UNIT ( $, .RADIAN. ) );
#3483 = PRESENTATION_LAYER_ASSIGNMENT (  '', '', ( #1465 ) ) ;
#3484 = SURFACE_SIDE_STYLE ('',( #2106 ) ) ;
#3485 = CARTESIAN_POINT ( 'NONE',  ( 2.713291270737409722, -3.190898045971056973, 0.4153892582471852002 ) ) ;
#3486 = CARTESIAN_POINT ( 'NONE',  ( 0.07260570545316286095, 0.1389652527651728253, 0.7862982567427606595 ) ) ;
#3487 = ORIENTED_EDGE ( 'NONE', *, *, #815, .T. ) ;
#3488 = AXIS2_PLACEMENT_3D ( 'NONE', #3424, #1710, #3405 ) ;
#3489 = STYLED_ITEM ( 'NONE', ( #2740 ), #1538 ) ;
#3490 = CARTESIAN_POINT ( 'NONE',  ( -2.295569805888018511, -3.148575840891671085, 0.2491584208197225869 ) ) ;
#3491 = COLOUR_RGB ( '',1.000000000000000000, 1.000000000000000000, 0.000000000000000000 ) ;
#3492 = CARTESIAN_POINT ( 'NONE',  ( 3.108011538790432127, -3.017361568481812029, 0.4330804775985141464 ) ) ;
#3493 = ORIENTED_EDGE ( 'NONE', *, *, #1430, .T. ) ;
#3494 =( NAMED_UNIT ( * ) SI_UNIT ( $, .STERADIAN. ) SOLID_ANGLE_UNIT ( ) );
#3495 = DIRECTION ( 'NONE',  ( -0.5947814464177677563, -0.5519563991588392060, -0.5844477431086516628 ) ) ;
#3496 = CARTESIAN_POINT ( 'NONE',  ( 0.3891875348983572236, -0.5838200749617969976, -0.5849999999999999645 ) ) ;
#3497 = EDGE_CURVE ( 'NONE', #3314, #2494, #2657, .T. ) ;
#3498 = CARTESIAN_POINT ( 'NONE',  ( 0.03885969828694454953, 0.3532455157044280258, 0.5850000000000241673 ) ) ;
#3499 =( LENGTH_UNIT ( ) NAMED_UNIT ( * ) SI_UNIT ( .MILLI., .METRE. ) );
#3500 = PRESENTATION_LAYER_ASSIGNMENT (  '', '', ( #785 ) ) ;
#3501 = CARTESIAN_POINT ( 'NONE',  ( 2.394332060915384197, -2.997609783267749073, 0.5002927485096920757 ) ) ;
#3502 = CARTESIAN_POINT ( 'NONE',  ( -0.06023846188738502666, -0.1814262027726148141, 0.7638783202828011154 ) ) ;
#3503 = FILL_AREA_STYLE ('',( #1896 ) ) ;
#3504 = ORIENTED_EDGE ( 'NONE', *, *, #1969, .F. ) ;
#3505 = EDGE_CURVE ( 'NONE', #618, #3230, #324, .T. ) ;
#3506 = ORIENTED_EDGE ( 'NONE', *, *, #3360, .T. ) ;
#3507 = FILL_AREA_STYLE_COLOUR ( '', #1308 ) ;
#3508 = DIRECTION ( 'NONE',  ( 0.8762027383027153338, 0.4819426951317171137, -0.000000000000000000 ) ) ;
#3509 = STYLED_ITEM ( 'NONE', ( #1273 ), #1154 ) ;
#3510 = AXIS2_PLACEMENT_3D ( 'NONE', #110, #2304, #3095 ) ;
#3511 = ORIENTED_EDGE ( 'NONE', *, *, #2108, .F. ) ;
#3512 = SURFACE_STYLE_USAGE ( .BOTH. , #294 ) ;
#3513 = FILL_AREA_STYLE_COLOUR ( '', #2820 ) ;
#3514 = AXIS2_PLACEMENT_3D ( 'NONE', #112, #3420, #139 ) ;
#3515 = FACE_OUTER_BOUND ( 'NONE', #1507, .T. ) ;
#3516 =( GEOMETRIC_REPRESENTATION_CONTEXT ( 3 ) GLOBAL_UNCERTAINTY_ASSIGNED_CONTEXT ( ( #2822 ) ) GLOBAL_UNIT_ASSIGNED_CONTEXT ( ( #3039, #1910, #1048 ) ) REPRESENTATION_CONTEXT ( 'NONE', 'WORKASPACE' ) );
#3517 = CARTESIAN_POINT ( 'NONE',  ( -0.05543846312573952329, -0.1751671354122118773, 0.7693535851094974731 ) ) ;
#3518 = CARTESIAN_POINT ( 'NONE',  ( 2.898997348936523721, -3.830145967953805908, 0.3293117518843807767 ) ) ;
#3519 = PRESENTATION_STYLE_ASSIGNMENT (( #2680 ) ) ;
#3520 = AXIS2_PLACEMENT_3D ( 'NONE', #1023, #346, #2523 ) ;
#3521 = EDGE_LOOP ( 'NONE', ( #898, #181, #590, #877, #1512, #286, #2284, #3061, #1111, #197, #1803 ) ) ;
#3522 = DIRECTION ( 'NONE',  ( 1.000000000000000000, -4.336808689942017736E-16, 0.000000000000000000 ) ) ;
#3523 = B_SPLINE_CURVE_WITH_KNOTS ( 'NONE', 3,
 ( #2779, #2498, #3066, #1748, #2479, #2799, #341 ),
 .UNSPECIFIED., .F., .F.,
 ( 4, 3, 4 ),
 ( 0.000000000000000000, 4.564304898913287622E-05, 6.024956191175245108E-05 ),
 .UNSPECIFIED. ) ;
#3524 = CARTESIAN_POINT ( 'NONE',  ( 0.3656744043418210799, -0.6648195265703737977, -0.5849999999999999645 ) ) ;
#3525 = CIRCLE ( 'NONE', #873, 1.000000000000000222 ) ;
#3526 = DIRECTION ( 'NONE',  ( 1.000000000000000000, 0.000000000000000000, 0.000000000000000000 ) ) ;
#3527 = CARTESIAN_POINT ( 'NONE',  ( -1.900000000000001021, -10.54099074031410410, -0.5849999999999999645 ) ) ;
#3528 = CARTESIAN_POINT ( 'NONE',  ( 0.2445270300642594929, -0.1144619834203347286, -0.5849999999999967448 ) ) ;
#3529 = CARTESIAN_POINT ( 'NONE',  ( -3.035544774729515449, -3.344009681272218870, -0.3578988868170714932 ) ) ;
#3530 = CARTESIAN_POINT ( 'NONE',  ( 2.900000000000002576, -17.34999999999999787, 0.5849999999999999645 ) ) ;
#3531 = CARTESIAN_POINT ( 'NONE',  ( 0.3014456805075134138, -0.3052570610989173150, -0.5850000000000172840 ) ) ;
#3532 = EDGE_CURVE ( 'NONE', #763, #1751, #2563, .T. ) ;
#3533 = SURFACE_SIDE_STYLE ('',( #2384 ) ) ;
#3534 = DIRECTION ( 'NONE',  ( 0.4819426951317177799, 0.8762027383027151117, 0.000000000000000000 ) ) ;
#3535 = FILL_AREA_STYLE ('',( #2178 ) ) ;
#3536 = DIRECTION ( 'NONE',  ( -1.000000000000000000, 0.000000000000000000, 0.000000000000000000 ) ) ;
#3537 = TOROIDAL_SURFACE ( 'NONE', #445, 1.496743139999936911, 0.2552700000000001634 ) ;
#3538 = CARTESIAN_POINT ( 'NONE',  ( -3.402516890828258589, -1.671363119731774649, -0.4130642710082771951 ) ) ;
#3539 = ORIENTED_EDGE ( 'NONE', *, *, #912, .F. ) ;
#3540 = DIRECTION ( 'NONE',  ( -0.000000000000000000, -0.000000000000000000, -1.000000000000000000 ) ) ;
#3541 = B_SPLINE_CURVE_WITH_KNOTS ( 'NONE', 3,
 ( #1777, #2597, #3473, #994 ),
 .UNSPECIFIED., .F., .F.,
 ( 4, 4 ),
 ( 1.260485046477987536, 1.315012897273900583 ),
 .UNSPECIFIED. ) ;
#3542 = DIRECTION ( 'NONE',  ( -1.000000000000000000, 0.000000000000000000, 0.000000000000000000 ) ) ;
#3543 = CARTESIAN_POINT ( 'NONE',  ( 3.209222125041144569, -1.011987328056247026, 0.5850000000000056266 ) ) ;
#3544 = CIRCLE ( 'NONE', #453, 0.2552700000000001634 ) ;
#3545 = ORIENTED_EDGE ( 'NONE', *, *, #1993, .T. ) ;
#3546 = PRESENTATION_STYLE_ASSIGNMENT (( #533 ) ) ;
#3547 = MECHANICAL_DESIGN_GEOMETRIC_PRESENTATION_REPRESENTATION (  '', ( #2734 ), #1353 ) ;
#3548 = TOROIDAL_SURFACE ( 'NONE', #3377, 0.9999999999999983347, 0.2552700000000001634 ) ;
#3549 = PRESENTATION_STYLE_ASSIGNMENT (( #2173 ) ) ;
ENDSEC;
END-ISO-10303-21;
